2025-09-27 08:24:07,031 [INFO] Activator:177 - 


2025-09-27 08:24:07,032 [INFO] Activator:178 - !SESSION log4j initialized
2025-09-27 08:25:07,986 [INFO] McuFinderGlobals:39 - Set McuFinder mode to 2 (CubeIDE integrated)
2025-09-27 08:25:09,447 [INFO] ApplicationProperties:181 - Using Application install path: G:\Study\ViXuLy\stm32cubeide_1.7.0\STM32CubeIDE\plugins\com.st.stm32cube.common.mx_6.3.0.202107141111
2025-09-27 08:25:09,494 [INFO] DbMcusXml:74 - Set database path to: G:\Study\ViXuLy\stm32cubeide_1.7.0\STM32CubeIDE\plugins\com.st.stm32cube.common.mx_6.3.0.202107141111\\db\/mcu/
2025-09-27 08:25:09,498 [INFO] DbBoardsPdsc:56 - Set plugin database path to: G:\Study\ViXuLy\stm32cubeide_1.7.0\STM32CubeIDE\plugins\com.st.stm32cube.common.mx_6.3.0.202107141111\\db\/plugins/boardmanager/
2025-09-27 08:25:09,499 [INFO] DbMcus:258 - Set plugin images path to: G:\Study\ViXuLy\stm32cubeide_1.7.0\STM32CubeIDE\plugins\com.st.stm32cube.common.mx_6.3.0.202107141111\\db\/plugins/mcufinder/images/
2025-09-27 08:25:09,499 [INFO] DbBoards:264 - Set plugin images path to: G:\Study\ViXuLy\stm32cubeide_1.7.0\STM32CubeIDE\plugins\com.st.stm32cube.common.mx_6.3.0.202107141111\\db\/plugins/mcufinder/images/
2025-09-27 08:25:09,503 [INFO] DbExamples:333 - Set plugin images path to: G:\Study\ViXuLy\stm32cubeide_1.7.0\STM32CubeIDE\plugins\com.st.stm32cube.common.mx_6.3.0.202107141111\\db\/plugins/mcufinder/images/
2025-09-27 08:25:09,539 [INFO] DbMcusAds:119 - Set database path to: C:\Users\ATPHOME\.stmcufinder\plugins\mcufinder//mcu/
2025-09-27 08:25:09,540 [INFO] DbMcusDocs:110 - Set database path to: C:\Users\ATPHOME\.stmcufinder\plugins\mcufinder//mcu/
2025-09-27 08:25:09,543 [INFO] DbMcusJson:64 - Set database path to: C:\Users\ATPHOME\.stmcufinder\plugins\mcufinder//mcu/
2025-09-27 08:25:09,543 [INFO] DbBoardsDocs:110 - Set database path to: C:\Users\ATPHOME\.stmcufinder\plugins\mcufinder//mcu/
2025-09-27 08:25:09,545 [INFO] DbBoardsJson:57 - Set database path to: C:\Users\ATPHOME\.stmcufinder\plugins\mcufinder//mcu/
2025-09-27 08:25:10,033 [INFO] CrossReferenceDbSqlite:196 - Set database path to: C:\Users\ATPHOME\.stmcufinder\plugins\mcufinder//mcu/cs/
2025-09-27 08:25:10,042 [INFO] DbExamplesSqlite:767 - Set database path to: C:\Users\ATPHOME\.stmcufinder\plugins\mcufinder//mcu/
2025-09-27 08:25:10,277 [INFO] RulesReader:57 - Compatibility file has been processed (242 Rules)
2025-09-27 08:25:10,426 [INFO] DbMcusXml:74 - Set database path to: G:\Study\ViXuLy\stm32cubeide_1.7.0\STM32CubeIDE\plugins\com.st.stm32cube.common.mx_6.3.0.202107141111\\db\/mcu/
2025-09-27 08:25:10,427 [INFO] DbBoardsPdsc:56 - Set plugin database path to: G:\Study\ViXuLy\stm32cubeide_1.7.0\STM32CubeIDE\plugins\com.st.stm32cube.common.mx_6.3.0.202107141111\\db\/plugins/boardmanager/
2025-09-27 08:25:10,427 [INFO] DbMcus:258 - Set plugin images path to: G:\Study\ViXuLy\stm32cubeide_1.7.0\STM32CubeIDE\plugins\com.st.stm32cube.common.mx_6.3.0.202107141111\\db\/plugins/mcufinder/images/
2025-09-27 08:25:10,428 [INFO] DbBoards:264 - Set plugin images path to: G:\Study\ViXuLy\stm32cubeide_1.7.0\STM32CubeIDE\plugins\com.st.stm32cube.common.mx_6.3.0.202107141111\\db\/plugins/mcufinder/images/
2025-09-27 08:25:10,428 [INFO] DbExamples:333 - Set plugin images path to: G:\Study\ViXuLy\stm32cubeide_1.7.0\STM32CubeIDE\plugins\com.st.stm32cube.common.mx_6.3.0.202107141111\\db\/plugins/mcufinder/images/
2025-09-27 08:25:10,428 [WARN] DbFile:35 - Overriding database path with different value: C:\Users\ATPHOME\.stmcufinder\plugins\mcufinder/ => C:\Users\ATPHOME\.stmcufinder\plugins\mcufinder
2025-09-27 08:25:10,428 [INFO] DbMcusAds:119 - Set database path to: C:\Users\ATPHOME\.stmcufinder\plugins\mcufinder//mcu/
2025-09-27 08:25:10,428 [WARN] DbFile:35 - Overriding database path with different value: C:\Users\ATPHOME\.stmcufinder\plugins\mcufinder/ => C:\Users\ATPHOME\.stmcufinder\plugins\mcufinder
2025-09-27 08:25:10,428 [INFO] DbMcusDocs:110 - Set database path to: C:\Users\ATPHOME\.stmcufinder\plugins\mcufinder//mcu/
2025-09-27 08:25:10,428 [WARN] DbFile:35 - Overriding database path with different value: C:\Users\ATPHOME\.stmcufinder\plugins\mcufinder/ => C:\Users\ATPHOME\.stmcufinder\plugins\mcufinder
2025-09-27 08:25:10,429 [INFO] DbMcusJson:64 - Set database path to: C:\Users\ATPHOME\.stmcufinder\plugins\mcufinder//mcu/
2025-09-27 08:25:10,429 [WARN] DbFile:35 - Overriding database path with different value: C:\Users\ATPHOME\.stmcufinder\plugins\mcufinder/ => C:\Users\ATPHOME\.stmcufinder\plugins\mcufinder
2025-09-27 08:25:10,429 [INFO] DbBoardsDocs:110 - Set database path to: C:\Users\ATPHOME\.stmcufinder\plugins\mcufinder//mcu/
2025-09-27 08:25:10,429 [WARN] DbFile:35 - Overriding database path with different value: C:\Users\ATPHOME\.stmcufinder\plugins\mcufinder/ => C:\Users\ATPHOME\.stmcufinder\plugins\mcufinder
2025-09-27 08:25:10,429 [INFO] DbBoardsJson:57 - Set database path to: C:\Users\ATPHOME\.stmcufinder\plugins\mcufinder//mcu/
2025-09-27 08:25:10,429 [WARN] DbFile:35 - Overriding database path with different value: C:\Users\ATPHOME\.stmcufinder\plugins\mcufinder/ => C:\Users\ATPHOME\.stmcufinder\plugins\mcufinder
2025-09-27 08:25:10,429 [WARN] DbFile:35 - Overriding database path with different value: C:\Users\ATPHOME\.stmcufinder\plugins\mcufinder/ => C:\Users\ATPHOME\.stmcufinder\plugins\mcufinder
2025-09-27 08:25:10,430 [INFO] CrossReferenceDbSqlite:196 - Set database path to: C:\Users\ATPHOME\.stmcufinder\plugins\mcufinder//mcu/cs/
2025-09-27 08:25:10,430 [WARN] DbFile:35 - Overriding database path with different value: C:\Users\ATPHOME\.stmcufinder\plugins\mcufinder/ => C:\Users\ATPHOME\.stmcufinder\plugins\mcufinder
2025-09-27 08:25:10,430 [INFO] DbExamplesSqlite:767 - Set database path to: C:\Users\ATPHOME\.stmcufinder\plugins\mcufinder//mcu/
2025-09-27 08:25:10,560 [INFO] MainPanel:214 - HeapMemory: 318767104
2025-09-27 08:25:10,697 [INFO] DbMcusXml:74 - Set database path to: G:\Study\ViXuLy\stm32cubeide_1.7.0\STM32CubeIDE\plugins\com.st.stm32cube.common.mx_6.3.0.202107141111\\db\/mcu/
2025-09-27 08:25:10,697 [INFO] DbBoardsPdsc:56 - Set plugin database path to: G:\Study\ViXuLy\stm32cubeide_1.7.0\STM32CubeIDE\plugins\com.st.stm32cube.common.mx_6.3.0.202107141111\\db\/plugins/boardmanager/
2025-09-27 08:25:10,697 [INFO] DbMcus:258 - Set plugin images path to: G:\Study\ViXuLy\stm32cubeide_1.7.0\STM32CubeIDE\plugins\com.st.stm32cube.common.mx_6.3.0.202107141111\\db\/plugins/mcufinder/images/
2025-09-27 08:25:10,697 [INFO] DbBoards:264 - Set plugin images path to: G:\Study\ViXuLy\stm32cubeide_1.7.0\STM32CubeIDE\plugins\com.st.stm32cube.common.mx_6.3.0.202107141111\\db\/plugins/mcufinder/images/
2025-09-27 08:25:10,697 [INFO] DbExamples:333 - Set plugin images path to: G:\Study\ViXuLy\stm32cubeide_1.7.0\STM32CubeIDE\plugins\com.st.stm32cube.common.mx_6.3.0.202107141111\\db\/plugins/mcufinder/images/
2025-09-27 08:25:10,698 [WARN] DbFile:35 - Overriding database path with different value: C:\Users\ATPHOME\.stmcufinder\plugins\mcufinder/ => C:\Users\ATPHOME\.stmcufinder\plugins\mcufinder
2025-09-27 08:25:10,698 [INFO] DbMcusAds:119 - Set database path to: C:\Users\ATPHOME\.stmcufinder\plugins\mcufinder//mcu/
2025-09-27 08:25:10,698 [WARN] DbFile:35 - Overriding database path with different value: C:\Users\ATPHOME\.stmcufinder\plugins\mcufinder/ => C:\Users\ATPHOME\.stmcufinder\plugins\mcufinder
2025-09-27 08:25:10,698 [INFO] DbMcusDocs:110 - Set database path to: C:\Users\ATPHOME\.stmcufinder\plugins\mcufinder//mcu/
2025-09-27 08:25:10,698 [WARN] DbFile:35 - Overriding database path with different value: C:\Users\ATPHOME\.stmcufinder\plugins\mcufinder/ => C:\Users\ATPHOME\.stmcufinder\plugins\mcufinder
2025-09-27 08:25:10,698 [INFO] DbMcusJson:64 - Set database path to: C:\Users\ATPHOME\.stmcufinder\plugins\mcufinder//mcu/
2025-09-27 08:25:10,698 [WARN] DbFile:35 - Overriding database path with different value: C:\Users\ATPHOME\.stmcufinder\plugins\mcufinder/ => C:\Users\ATPHOME\.stmcufinder\plugins\mcufinder
2025-09-27 08:25:10,698 [INFO] DbBoardsDocs:110 - Set database path to: C:\Users\ATPHOME\.stmcufinder\plugins\mcufinder//mcu/
2025-09-27 08:25:10,699 [WARN] DbFile:35 - Overriding database path with different value: C:\Users\ATPHOME\.stmcufinder\plugins\mcufinder/ => C:\Users\ATPHOME\.stmcufinder\plugins\mcufinder
2025-09-27 08:25:10,699 [INFO] DbBoardsJson:57 - Set database path to: C:\Users\ATPHOME\.stmcufinder\plugins\mcufinder//mcu/
2025-09-27 08:25:10,699 [WARN] DbFile:35 - Overriding database path with different value: C:\Users\ATPHOME\.stmcufinder\plugins\mcufinder/ => C:\Users\ATPHOME\.stmcufinder\plugins\mcufinder
2025-09-27 08:25:10,699 [WARN] DbFile:35 - Overriding database path with different value: C:\Users\ATPHOME\.stmcufinder\plugins\mcufinder/ => C:\Users\ATPHOME\.stmcufinder\plugins\mcufinder
2025-09-27 08:25:10,699 [INFO] CrossReferenceDbSqlite:196 - Set database path to: C:\Users\ATPHOME\.stmcufinder\plugins\mcufinder//mcu/cs/
2025-09-27 08:25:10,699 [WARN] DbFile:35 - Overriding database path with different value: C:\Users\ATPHOME\.stmcufinder\plugins\mcufinder/ => C:\Users\ATPHOME\.stmcufinder\plugins\mcufinder
2025-09-27 08:25:10,699 [INFO] DbExamplesSqlite:767 - Set database path to: C:\Users\ATPHOME\.stmcufinder\plugins\mcufinder//mcu/
2025-09-27 08:25:10,722 [INFO] ApplicationProperties:181 - Using Application install path: G:\Study\ViXuLy\stm32cubeide_1.7.0\STM32CubeIDE\plugins\com.st.stm32cube.common.mx_6.3.0.202107141111
2025-09-27 08:25:10,723 [INFO] PluginManage:188 - Search for loadable plugins [exclusion list=, ]
2025-09-27 08:25:10,731 [INFO] PluginManage:302 - Check plugin analytics
2025-09-27 08:25:10,945 [INFO] AnalyticsPlugin:257 - Accepted Software Licenses: 
2025-09-27 08:25:10,946 [INFO] AnalyticsPlugin:259 - Accepted CMSIS Pack Licenses: 
2025-09-27 08:25:10,946 [INFO] AnalyticsPlugin:261 - Accepted Firmware Licenses: 
2025-09-27 08:25:10,946 [INFO] PluginManage:352 - Loaded plugin analytics (category:tool,tabindex:-1)
2025-09-27 08:25:10,946 [INFO] PluginManage:302 - Check plugin clock
2025-09-27 08:25:11,022 [INFO] PluginManage:352 - Loaded plugin clock (category:base,tabindex:2)
2025-09-27 08:25:11,022 [INFO] PluginManage:302 - Check plugin ddr
2025-09-27 08:25:11,040 [INFO] PluginManage:352 - Loaded plugin ddr (category:tool,tabindex:6)
2025-09-27 08:25:11,041 [INFO] PluginManage:302 - Check plugin filemanager
2025-09-27 08:25:11,275 [INFO] PluginManage:352 - Loaded plugin filemanager (category:base,tabindex:10)
2025-09-27 08:25:11,275 [INFO] PluginManage:302 - Check plugin ipmanager
2025-09-27 08:25:11,302 [INFO] PluginManage:352 - Loaded plugin ipmanager (category:base,tabindex:5)
2025-09-27 08:25:11,302 [INFO] PluginManage:302 - Check plugin pinoutandconfiguration
2025-09-27 08:25:11,366 [INFO] PluginManage:352 - Loaded plugin pinoutandconfiguration (category:base,tabindex:1)
2025-09-27 08:25:11,366 [INFO] PluginManage:302 - Check plugin pinoutconfig
2025-09-27 08:25:11,455 [INFO] PluginManage:352 - Loaded plugin pinoutconfig (category:base,tabindex:0)
2025-09-27 08:25:11,455 [INFO] PluginManage:302 - Check plugin power
2025-09-27 08:25:11,520 [INFO] PluginManage:352 - Loaded plugin power (category:power,tabindex:4)
2025-09-27 08:25:11,520 [INFO] PluginManage:302 - Check plugin projectmanager
2025-09-27 08:25:11,554 [INFO] PluginManage:352 - Loaded plugin projectmanager (category:projectmanager,tabindex:3)
2025-09-27 08:25:11,554 [INFO] PluginManage:302 - Check plugin thirdparty
2025-09-27 08:25:12,068 [INFO] PluginManage:352 - Loaded plugin thirdparty (category:base,tabindex:-1)
2025-09-27 08:25:12,068 [INFO] PluginManage:302 - Check plugin tools
2025-09-27 08:25:12,068 [WARN] IntegrityCheckThread:78 - waiting for thirdparty lock release [integrity check]
2025-09-27 08:25:12,069 [INFO] IntegrityCheckThread:80 - entering critical section [integrity check]
2025-09-27 08:25:12,069 [INFO] ThirdPartyUpdaterWithRetryManager:66 - Updater plugin not ready yet. [1/15]
2025-09-27 08:25:12,189 [INFO] PluginManage:352 - Loaded plugin tools (category:base,tabindex:7)
2025-09-27 08:25:12,189 [INFO] PluginManage:302 - Check plugin tutovideos
2025-09-27 08:25:12,445 [INFO] PluginManage:352 - Loaded plugin tutovideos (category:base,tabindex:-1)
2025-09-27 08:25:12,445 [INFO] PluginManage:302 - Check plugin updater
2025-09-27 08:25:12,470 [INFO] PluginManage:352 - Loaded plugin updater (category:base,tabindex:12)
2025-09-27 08:25:12,471 [INFO] PluginManage:275 - PluginManage : Loaded plugins [13]
2025-09-27 08:25:12,800 [INFO] PinOutPanel:1463 - setPackage(No Configuration,No Configuration)
2025-09-27 08:25:13,035 [INFO] IPUIPlugin:74 - create IPUIPlugin
2025-09-27 08:25:13,035 [INFO] PluginManager:213 - loadIPPluginJar : add adc
2025-09-27 08:25:13,113 [INFO] IPUIPlugin:74 - create IPUIPlugin
2025-09-27 08:25:13,113 [INFO] PluginManager:213 - loadIPPluginJar : add aes
2025-09-27 08:25:13,184 [INFO] IPUIPlugin:74 - create IPUIPlugin
2025-09-27 08:25:13,185 [INFO] PluginManager:213 - loadIPPluginJar : add can
2025-09-27 08:25:13,244 [INFO] IPUIPlugin:74 - create IPUIPlugin
2025-09-27 08:25:13,245 [INFO] PluginManager:213 - loadIPPluginJar : add comp
2025-09-27 08:25:13,301 [INFO] IPUIPlugin:74 - create IPUIPlugin
2025-09-27 08:25:13,301 [INFO] PluginManager:213 - loadIPPluginJar : add cryp
2025-09-27 08:25:13,360 [INFO] IPUIPlugin:74 - create IPUIPlugin
2025-09-27 08:25:13,361 [INFO] PluginManager:213 - loadIPPluginJar : add dfsdm
2025-09-27 08:25:13,383 [INFO] IPUIPlugin:74 - create IPUIPlugin
2025-09-27 08:25:13,383 [INFO] PluginManager:213 - loadIPPluginJar : add dma
2025-09-27 08:25:13,457 [INFO] IPUIPlugin:74 - create IPUIPlugin
2025-09-27 08:25:13,457 [INFO] PluginManager:213 - loadIPPluginJar : add dma3
2025-09-27 08:25:13,502 [INFO] IPUIPlugin:74 - create IPUIPlugin
2025-09-27 08:25:13,503 [INFO] PluginManager:213 - loadIPPluginJar : add fatfs
2025-09-27 08:25:13,614 [INFO] IPUIPlugin:74 - create IPUIPlugin
2025-09-27 08:25:13,616 [INFO] PluginManager:213 - loadIPPluginJar : add fmc
2025-09-27 08:25:13,671 [INFO] IPUIPlugin:74 - create IPUIPlugin
2025-09-27 08:25:13,671 [INFO] PluginManager:213 - loadIPPluginJar : add freertos
2025-09-27 08:25:13,743 [INFO] IPUIPlugin:74 - create IPUIPlugin
2025-09-27 08:25:13,743 [INFO] PluginManager:213 - loadIPPluginJar : add genericplugin
2025-09-27 08:25:13,907 [INFO] IPUIPlugin:74 - create IPUIPlugin
2025-09-27 08:25:13,907 [INFO] PluginManager:213 - loadIPPluginJar : add gfxmmu
2025-09-27 08:25:14,120 [INFO] IPUIPlugin:74 - create IPUIPlugin
2025-09-27 08:25:14,121 [INFO] PluginManager:213 - loadIPPluginJar : add gic
2025-09-27 08:25:14,170 [INFO] IPUIPlugin:74 - create IPUIPlugin
2025-09-27 08:25:14,170 [INFO] PluginManager:213 - loadIPPluginJar : add gpio
2025-09-27 08:25:14,310 [INFO] IPUIPlugin:74 - create IPUIPlugin
2025-09-27 08:25:14,310 [INFO] PluginManager:213 - loadIPPluginJar : add gtzc
2025-09-27 08:25:14,383 [INFO] IPUIPlugin:74 - create IPUIPlugin
2025-09-27 08:25:14,383 [INFO] PluginManager:213 - loadIPPluginJar : add hash
2025-09-27 08:25:14,485 [INFO] IPUIPlugin:74 - create IPUIPlugin
2025-09-27 08:25:14,485 [INFO] PluginManager:213 - loadIPPluginJar : add i2c
2025-09-27 08:25:14,573 [INFO] IPUIPlugin:74 - create IPUIPlugin
2025-09-27 08:25:14,574 [INFO] PluginManager:213 - loadIPPluginJar : add i2s
2025-09-27 08:25:14,603 [INFO] IPUIPlugin:74 - create IPUIPlugin
2025-09-27 08:25:14,604 [INFO] PluginManager:213 - loadIPPluginJar : add ipddr
2025-09-27 08:25:14,767 [INFO] IPUIPlugin:74 - create IPUIPlugin
2025-09-27 08:25:14,767 [INFO] PluginManager:213 - loadIPPluginJar : add linkedlist
2025-09-27 08:25:14,878 [INFO] IPUIPlugin:74 - create IPUIPlugin
2025-09-27 08:25:14,879 [INFO] PluginManager:213 - loadIPPluginJar : add lorawan
2025-09-27 08:25:14,950 [INFO] IPUIPlugin:74 - create IPUIPlugin
2025-09-27 08:25:14,950 [INFO] PluginManager:213 - loadIPPluginJar : add ltdc
2025-09-27 08:25:15,010 [INFO] IPUIPlugin:74 - create IPUIPlugin
2025-09-27 08:25:15,011 [INFO] PluginManager:213 - loadIPPluginJar : add mdma
2025-09-27 08:25:15,031 [INFO] IPUIPlugin:74 - create IPUIPlugin
2025-09-27 08:25:15,032 [INFO] PluginManager:213 - loadIPPluginJar : add nvic
2025-09-27 08:25:15,082 [INFO] ThirdPartyUpdaterWithRetryManager:66 - Updater plugin not ready yet. [2/15]
2025-09-27 08:25:15,108 [INFO] IPUIPlugin:74 - create IPUIPlugin
2025-09-27 08:25:15,108 [INFO] PluginManager:213 - loadIPPluginJar : add opamp
2025-09-27 08:25:15,208 [INFO] IPUIPlugin:74 - create IPUIPlugin
2025-09-27 08:25:15,209 [INFO] PluginManager:213 - loadIPPluginJar : add openamp
2025-09-27 08:25:15,294 [INFO] IPUIPlugin:74 - create IPUIPlugin
2025-09-27 08:25:15,295 [INFO] PluginManager:213 - loadIPPluginJar : add pdm2pcm
2025-09-27 08:25:15,319 [INFO] IPUIPlugin:74 - create IPUIPlugin
2025-09-27 08:25:15,324 [INFO] PluginManager:213 - loadIPPluginJar : add plateformsettings
2025-09-27 08:25:15,390 [INFO] IPUIPlugin:74 - create IPUIPlugin
2025-09-27 08:25:15,391 [INFO] PluginManager:213 - loadIPPluginJar : add quadspi
2025-09-27 08:25:15,426 [INFO] IPUIPlugin:74 - create IPUIPlugin
2025-09-27 08:25:15,427 [INFO] PluginManager:213 - loadIPPluginJar : add resmgrutility
2025-09-27 08:25:15,537 [INFO] IPUIPlugin:74 - create IPUIPlugin
2025-09-27 08:25:15,537 [INFO] PluginManager:213 - loadIPPluginJar : add sai
2025-09-27 08:25:15,614 [INFO] IPUIPlugin:74 - create IPUIPlugin
2025-09-27 08:25:15,614 [INFO] PluginManager:213 - loadIPPluginJar : add spi
2025-09-27 08:25:15,712 [INFO] IPUIPlugin:74 - create IPUIPlugin
2025-09-27 08:25:15,712 [INFO] PluginManager:213 - loadIPPluginJar : add stm32_wpan
2025-09-27 08:25:15,784 [INFO] IPUIPlugin:74 - create IPUIPlugin
2025-09-27 08:25:15,784 [INFO] PluginManager:213 - loadIPPluginJar : add tim
2025-09-27 08:25:15,900 [INFO] IPUIPlugin:74 - create IPUIPlugin
2025-09-27 08:25:15,900 [INFO] PluginManager:213 - loadIPPluginJar : add touchsensing
2025-09-27 08:25:15,950 [INFO] IPUIPlugin:74 - create IPUIPlugin
2025-09-27 08:25:15,950 [INFO] PluginManager:213 - loadIPPluginJar : add tracer_emb
2025-09-27 08:25:16,001 [INFO] IPUIPlugin:74 - create IPUIPlugin
2025-09-27 08:25:16,001 [INFO] PluginManager:213 - loadIPPluginJar : add ts
2025-09-27 08:25:16,054 [INFO] IPUIPlugin:74 - create IPUIPlugin
2025-09-27 08:25:16,055 [INFO] PluginManager:213 - loadIPPluginJar : add tsc
2025-09-27 08:25:16,101 [INFO] IPUIPlugin:74 - create IPUIPlugin
2025-09-27 08:25:16,101 [INFO] PluginManager:213 - loadIPPluginJar : add ucpd
2025-09-27 08:25:16,176 [INFO] IPUIPlugin:74 - create IPUIPlugin
2025-09-27 08:25:16,177 [INFO] PluginManager:213 - loadIPPluginJar : add usart
2025-09-27 08:25:16,243 [INFO] IPUIPlugin:74 - create IPUIPlugin
2025-09-27 08:25:16,244 [INFO] PluginManager:213 - loadIPPluginJar : add usbx
2025-09-27 08:25:16,710 [FATAL] Updater:294 - Updater called before beeing initialized
2025-09-27 08:25:16,834 [FATAL] Updater:294 - Updater called before beeing initialized
2025-09-27 08:25:16,860 [INFO] DbMcusAds:47 - JSON generation date=Tue Jul 08 15:14:23 ICT 2025 (1751962463524)
2025-09-27 08:25:16,860 [FATAL] Updater:294 - Updater called before beeing initialized
2025-09-27 08:25:17,031 [WARN] DetailPanel:314 - Failed to get advertising image, set to default
2025-09-27 08:25:17,136 [FATAL] Updater:294 - Updater called before beeing initialized
2025-09-27 08:25:17,138 [FATAL] Updater:294 - Updater called before beeing initialized
2025-09-27 08:25:17,138 [FATAL] Updater:294 - Updater called before beeing initialized
2025-09-27 08:25:17,138 [WARN] DetailPanel:314 - Failed to get advertising image, set to default
2025-09-27 08:25:17,139 [FATAL] Updater:294 - Updater called before beeing initialized
2025-09-27 08:25:17,221 [ERROR] Updater:1075 - MainUpdater not yet initialized. External WinMGr cannot be set.
2025-09-27 08:25:17,237 [INFO] Updater:1012 - Updater Version found : 6.3.0
2025-09-27 08:25:17,277 [INFO] ApplicationProperties:181 - Using Application install path: G:\Study\ViXuLy\stm32cubeide_1.7.0\STM32CubeIDE\plugins\com.st.stm32cube.common.mx_6.3.0.202107141111
2025-09-27 08:25:17,574 [INFO] MainUpdater:2671 - connection check result : 10
2025-09-27 08:25:17,574 [INFO] MainUpdater:265 - Updater Check For Update Now.
2025-09-27 08:25:17,575 [INFO] MicroXplorer:478 - Change Database Version : DB.6.0.30
2025-09-27 08:25:17,812 [INFO] CheckServerUpdateThread:112 - End of CheckServer Thread
2025-09-27 08:25:17,854 [INFO] MainUpdater:2671 - connection check result : 10
2025-09-27 08:25:17,908 [INFO] McuFinderGlobals:52 - Set McuFinderConnectedMode to true
2025-09-27 08:25:18,095 [WARN] MainUpdater:1122 - Updater busy. Cannot search thirdparties
2025-09-27 08:25:18,095 [INFO] ThirdPartyUpdaterWithRetryManager:92 - Updater plugin is busy. [1/15]
2025-09-27 08:25:18,234 [INFO] ServerAccessManage:362 - Download File mcusAds.json._tmp_
2025-09-27 08:25:18,348 [INFO] LoadUrlFilesThread:145 - End of LoadUrlFiles Thread
2025-09-27 08:25:19,375 [INFO] ServerAccessManage:362 - Download File mcusDocs.json._tmp_
2025-09-27 08:25:20,568 [INFO] LoadUrlFilesThread:145 - End of LoadUrlFiles Thread
2025-09-27 08:25:20,784 [INFO] ServerAccessManage:362 - Download File mcusFeaturesAndDescription.json._tmp_
2025-09-27 08:25:21,100 [WARN] MainUpdater:1122 - Updater busy. Cannot search thirdparties
2025-09-27 08:25:21,100 [INFO] ThirdPartyUpdaterWithRetryManager:92 - Updater plugin is busy. [2/15]
2025-09-27 08:25:21,545 [INFO] LoadUrlFilesThread:145 - End of LoadUrlFiles Thread
2025-09-27 08:25:21,790 [INFO] ServerAccessManage:362 - Download File boardsDocs.json._tmp_
2025-09-27 08:25:21,928 [INFO] LoadUrlFilesThread:145 - End of LoadUrlFiles Thread
2025-09-27 08:25:22,131 [INFO] ServerAccessManage:362 - Download File boards.json._tmp_
2025-09-27 08:25:22,336 [INFO] LoadUrlFilesThread:145 - End of LoadUrlFiles Thread
2025-09-27 08:25:22,407 [INFO] ServerAccessManage:362 - Download File cube-finder-db.zip
2025-09-27 08:25:23,247 [ERROR] ServerAccessManage:531 - User Cancel Download : cube-finder-db.zip.
2025-09-27 08:25:23,356 [INFO] LoadUrlFilesThread:145 - End of LoadUrlFiles Thread
2025-09-27 08:25:24,323 [ERROR] Engine:463 - C:\Users\ATPHOME\.stm32cubemx\thirdparties\pdsc\STMicroelectronics.FP-SNS-MOTENVWB1.1.4.0.pdsc: PDSC version is not supported
2025-09-27 08:25:24,356 [WARN] PackLoader:238 - Cannot read IP mode file for STMicroelectronics.FP-ATR-ASTRA1.2.0.2
2025-09-27 08:25:24,380 [ERROR] Engine:463 - C:\Users\ATPHOME\.stm32cubemx\thirdparties\pdsc\STMicroelectronics.X-CUBE-SMBUS.2.1.0.pdsc: PDSC version is not supported
2025-09-27 08:25:24,392 [ERROR] Engine:463 - C:\Users\ATPHOME\.stm32cubemx\thirdparties\pdsc\STMicroelectronics.X-CUBE-ST60.1.0.0.pdsc: PDSC version is not supported
2025-09-27 08:25:24,456 [WARN] PackLoader:238 - Cannot read IP mode file for STMicroelectronics.X-CUBE-AZRTOS-F7.1.1.0
2025-09-27 08:25:24,482 [ERROR] Engine:463 - C:\Users\ATPHOME\.stm32cubemx\thirdparties\pdsc\Cesanta.I-CUBE-Mongoose.7.19.0.pdsc: PDSC version is not supported
2025-09-27 08:25:24,505 [ERROR] Engine:463 - C:\Users\ATPHOME\.stm32cubemx\thirdparties\pdsc\WES.I-CUBE-Cesium.1.4.0.pdsc: PDSC version is not supported
2025-09-27 08:25:24,527 [ERROR] Engine:463 - C:\Users\ATPHOME\.stm32cubemx\thirdparties\pdsc\Infineon.AIROC-Wi-Fi-Bluetooth-STM32.1.7.1.pdsc: PDSC version is not supported
2025-09-27 08:25:24,591 [WARN] PackLoader:238 - Cannot read IP mode file for STMicroelectronics.X-CUBE-AZRTOS-H7.3.4.0
2025-09-27 08:25:24,622 [ERROR] Engine:463 - C:\Users\ATPHOME\.stm32cubemx\thirdparties\pdsc\STMicroelectronics.X-CUBE-DISPLAY.3.0.0.pdsc: PDSC version is not supported
2025-09-27 08:25:24,643 [WARN] PackLoader:238 - Cannot read IP mode file for STMicroelectronics.X-CUBE-NFC10.1.0.0
2025-09-27 08:25:24,662 [ERROR] Engine:463 - C:\Users\ATPHOME\.stm32cubemx\thirdparties\pdsc\emotas.I-CUBE-CANOPEN.1.3.0.pdsc: PDSC version is not supported
2025-09-27 08:25:24,679 [ERROR] Engine:463 - C:\Users\ATPHOME\.stm32cubemx\thirdparties\pdsc\STMicroelectronics.FP-SNS-STBOX1.2.1.0.pdsc: PDSC version is not supported
2025-09-27 08:25:24,695 [ERROR] Engine:463 - C:\Users\ATPHOME\.stm32cubemx\thirdparties\pdsc\STMicroelectronics.FP-SNS-SMARTAG2.1.2.0.pdsc: PDSC version is not supported
2025-09-27 08:25:24,710 [ERROR] Engine:463 - C:\Users\ATPHOME\.stm32cubemx\thirdparties\pdsc\STMicroelectronics.FP-SNS-FLIGHT1.5.1.0.pdsc: PDSC version is not supported
2025-09-27 08:25:24,734 [INFO] LogOutputStream:76 - [STDOUT_REDIRECT] 1 : Invalid condition id : UX_CORESTACK_Condition cause : null
2025-09-27 08:25:24,737 [INFO] LogOutputStream:76 - [STDOUT_REDIRECT] 1 : Invalid condition id : UX_CORESTACK_Condition cause : null
2025-09-27 08:25:24,738 [INFO] LogOutputStream:76 - [STDOUT_REDIRECT] 1 : Invalid condition id : UX_CORESTACK_Condition cause : null
2025-09-27 08:25:24,739 [INFO] LogOutputStream:76 - [STDOUT_REDIRECT] 1 : Invalid condition id : UX_CORESTACK_Condition cause : null
2025-09-27 08:25:24,740 [INFO] LogOutputStream:76 - [STDOUT_REDIRECT] 1 : Invalid condition id : UX_CORESTACK_Condition cause : null
2025-09-27 08:25:24,744 [WARN] PackLoader:238 - Cannot read IP mode file for STMicroelectronics.X-CUBE-AZRTOS-WL.2.0.0
2025-09-27 08:25:24,760 [ERROR] Engine:463 - C:\Users\ATPHOME\.stm32cubemx\thirdparties\pdsc\STMicroelectronics.FP-SNS-MOTENV1.5.0.0.pdsc: PDSC version is not supported
2025-09-27 08:25:24,775 [WARN] PackLoader:238 - Cannot read IP mode file for STMicroelectronics.X-CUBE-BLE2.3.3.0
2025-09-27 08:25:24,802 [WARN] PackLoader:238 - Cannot read IP mode file for STMicroelectronics.X-CUBE-NFC9.1.0.0
2025-09-27 08:25:24,820 [WARN] PackLoader:238 - Cannot read IP mode file for wolfSSL.I-CUBE-wolfSSL.5.8.2
2025-09-27 08:25:24,834 [WARN] PackLoader:238 - Cannot read IP mode file for STMicroelectronics.X-CUBE-BLE1.7.1.0
2025-09-27 08:25:24,847 [WARN] PackLoader:238 - Cannot read IP mode file for wolfSSL.I-CUBE-wolfMQTT.1.19.2
2025-09-27 08:25:24,866 [WARN] PackLoader:238 - Cannot read IP mode file for STMicroelectronics.X-CUBE-EEPRMA1.5.2.0
2025-09-27 08:25:24,921 [WARN] PackLoader:238 - Cannot read IP mode file for STMicroelectronics.X-CUBE-AZRTOS-G0.1.1.0
2025-09-27 08:25:24,944 [WARN] PackLoader:238 - Cannot read IP mode file for STMicroelectronics.X-CUBE-SAFEA1.1.2.2
2025-09-27 08:25:24,965 [WARN] PackLoader:238 - Cannot read IP mode file for STMicroelectronics.X-CUBE-NFC4.3.0.0
2025-09-27 08:25:24,983 [ERROR] Engine:463 - C:\Users\ATPHOME\.stm32cubemx\thirdparties\pdsc\EmbeddedOffice.I-CUBE-FS-RTOS.1.0.1.pdsc: PDSC version is not supported
2025-09-27 08:25:25,000 [WARN] PackLoader:238 - Cannot read IP mode file for STMicroelectronics.X-CUBE-WB05N.2.0.0
2025-09-27 08:25:25,015 [WARN] PackLoader:238 - Cannot read IP mode file for wolfSSL.I-CUBE-wolfTPM.3.8.0
2025-09-27 08:25:25,031 [ERROR] Engine:463 - C:\Users\ATPHOME\.stm32cubemx\thirdparties\pdsc\STMicroelectronics.X-CUBE-TCPP.4.2.0.pdsc: PDSC version is not supported
2025-09-27 08:25:25,053 [ERROR] Engine:463 - C:\Users\ATPHOME\.stm32cubemx\thirdparties\pdsc\RealThread.X-CUBE-RT-Thread_Nano.4.1.1.pdsc: PDSC version is not supported
2025-09-27 08:25:25,062 [INFO] DbMcusAds:47 - JSON generation date=Tue Jul 08 15:14:23 ICT 2025 (1751962463524)
2025-09-27 08:25:25,077 [WARN] PackLoader:238 - Cannot read IP mode file for STMicroelectronics.FP-ATR-SIGFOX1.3.2.0
2025-09-27 08:25:25,082 [INFO] DbMcusDocs:143 - JSON generation date=Tue Nov 16 23:17:54 ICT 2021 (1637079474)
2025-09-27 08:25:25,083 [INFO] DbMcusXml:100 - Load MCU database from G:\Study\ViXuLy\stm32cubeide_1.7.0\STM32CubeIDE\plugins\com.st.stm32cube.common.mx_6.3.0.202107141111\\db\/mcu/families.xml
2025-09-27 08:25:25,126 [ERROR] Engine:463 - C:\Users\ATPHOME\.stm32cubemx\thirdparties\pdsc\ITTIA_DB.I-CUBE-ITTIADB.8.9.0.pdsc: PDSC version is not supported
2025-09-27 08:25:25,146 [ERROR] Engine:463 - C:\Users\ATPHOME\.stm32cubemx\thirdparties\pdsc\STMicroelectronics.X-CUBE-ST67W61.1.0.0.pdsc: PDSC version is not supported
2025-09-27 08:25:25,169 [WARN] PackLoader:238 - Cannot read IP mode file for STMicroelectronics.X-CUBE-AI.10.2.0
2025-09-27 08:25:25,228 [WARN] PackLoader:238 - Cannot read IP mode file for SEGGER.I-CUBE-embOS.1.3.1
2025-09-27 08:25:25,331 [WARN] PackLoader:238 - Cannot read IP mode file for STMicroelectronics.X-CUBE-ALGOBUILD.1.4.0
2025-09-27 08:25:25,445 [WARN] PackLoader:238 - Cannot read IP mode file for STMicroelectronics.X-CUBE-MEMS1.11.3.0
2025-09-27 08:25:25,767 [WARN] PackLoader:238 - Cannot read IP mode file for STMicroelectronics.X-CUBE-PM33A1.1.0.0
2025-09-27 08:25:25,822 [WARN] PackLoader:238 - Cannot read IP mode file for STMicroelectronics.X-CUBE-AZRTOS-F4.1.1.0
2025-09-27 08:25:25,847 [WARN] PackLoader:238 - Cannot read IP mode file for STMicroelectronics.X-CUBE-ISPU.2.1.0
2025-09-27 08:25:25,870 [WARN] PackLoader:238 - Cannot read IP mode file for STMicroelectronics.X-CUBE-NFC12.1.0.0
2025-09-27 08:25:25,925 [WARN] PackLoader:238 - Cannot read IP mode file for STMicroelectronics.X-CUBE-AZRTOS-L5.2.0.0
2025-09-27 08:25:25,947 [WARN] PackLoader:238 - Cannot read IP mode file for STMicroelectronics.X-CUBE-NFC6.3.1.0
2025-09-27 08:25:25,962 [ERROR] Engine:463 - C:\Users\ATPHOME\.stm32cubemx\thirdparties\pdsc\STMicroelectronics.X-CUBE-FREERTOS.1.3.1.pdsc: PDSC version is not supported
2025-09-27 08:25:25,976 [ERROR] Engine:463 - C:\Users\ATPHOME\.stm32cubemx\thirdparties\pdsc\STMicroelectronics.FP-SNS-STAIOTCFT.1.0.0.pdsc: PDSC version is not supported
2025-09-27 08:25:25,989 [ERROR] Engine:463 - C:\Users\ATPHOME\.stm32cubemx\thirdparties\pdsc\STMicroelectronics.X-CUBE-DPower.1.3.0.pdsc: PDSC version is not supported
2025-09-27 08:25:26,056 [WARN] ConditionMgr:437 - getConditionDescription Invalid condition id : LAN8742 Phy interface Condition cause : null
2025-09-27 08:25:26,057 [WARN] PackLoader:238 - Cannot read IP mode file for STMicroelectronics.X-CUBE-AZRTOS-L4.2.0.0
2025-09-27 08:25:26,059 [WARN] ConditionMgr:1038 - genDependencies : Invalid condition id : LAN8742 Phy interface Condition cause : null
2025-09-27 08:25:26,059 [WARN] ConditionMgr:1038 - genDependencies : Invalid condition id : LAN8742 Phy interface Condition cause : null
2025-09-27 08:25:26,060 [WARN] ConditionMgr:1038 - genDependencies : Invalid condition id : LAN8742 Phy interface Condition cause : null
2025-09-27 08:25:26,081 [WARN] PackLoader:238 - Cannot read IP mode file for STMicroelectronics.X-CUBE-SFXS2LP1.4.0.0
2025-09-27 08:25:26,102 [ERROR] Engine:463 - C:\Users\ATPHOME\.stm32cubemx\thirdparties\pdsc\STMicroelectronics.X-CUBE-BLEMGR.4.1.0.pdsc: PDSC version is not supported
2025-09-27 08:25:26,137 [WARN] ConditionMgr:437 - getConditionDescription Invalid condition id : UX DEVICE CLASS RTOS Condition cause : null
2025-09-27 08:25:26,137 [WARN] ConditionMgr:437 - getConditionDescription Invalid condition id : UX DEVICE CLASS RTOS Condition cause : null
2025-09-27 08:25:26,141 [WARN] PackLoader:238 - Cannot read IP mode file for STMicroelectronics.X-CUBE-AZRTOS-WB.2.0.0
2025-09-27 08:25:26,142 [WARN] ConditionMgr:1038 - genDependencies : Invalid condition id : UX DEVICE CLASS RTOS Condition cause : null
2025-09-27 08:25:26,142 [WARN] ConditionMgr:1038 - genDependencies : Invalid condition id : UX DEVICE CLASS RTOS Condition cause : null
2025-09-27 08:25:26,142 [WARN] ConditionMgr:1038 - genDependencies : Invalid condition id : UX DEVICE CLASS RTOS Condition cause : null
2025-09-27 08:25:26,143 [WARN] ConditionMgr:1038 - genDependencies : Invalid condition id : UX DEVICE CLASS RTOS Condition cause : null
2025-09-27 08:25:26,143 [WARN] ConditionMgr:1038 - genDependencies : Invalid condition id : UX DEVICE CLASS RTOS Condition cause : null
2025-09-27 08:25:26,165 [WARN] PackLoader:238 - Cannot read IP mode file for STMicroelectronics.X-CUBE-GNSS1.7.0.1
2025-09-27 08:25:26,178 [INFO] DbMcusJson:93 - JSON generation date=Tue Nov 16 23:17:54 ICT 2021 (1637079474)
2025-09-27 08:25:26,185 [WARN] PackLoader:238 - Cannot read IP mode file for STMicroelectronics.X-CUBE-TOUCHGFX.4.25.0
2025-09-27 08:25:26,199 [ERROR] Engine:463 - C:\Users\ATPHOME\.stm32cubemx\thirdparties\pdsc\quantropi.X-CUBE-qispace-sdk-base.2.1.0.pdsc: PDSC version is not supported
2025-09-27 08:25:26,245 [WARN] PackLoader:238 - Cannot read IP mode file for STMicroelectronics.X-CUBE-SUBG2.5.0.0
2025-09-27 08:25:26,295 [WARN] PackLoader:238 - Cannot read IP mode file for STMicroelectronics.X-CUBE-AZRTOS-H7RS.1.1.0
2025-09-27 08:25:26,332 [WARN] PackLoader:238 - Cannot read IP mode file for STMicroelectronics.X-CUBE-AZRTOS-G4.2.0.0
2025-09-27 08:25:26,350 [WARN] PackLoader:238 - Cannot read IP mode file for wolfSSL.I-CUBE-wolfSSH.1.4.20
2025-09-27 08:25:26,369 [WARN] PackLoader:238 - Cannot read IP mode file for STMicroelectronics.X-CUBE-NFC7.2.0.0
2025-09-27 08:25:26,429 [ERROR] Engine:463 - C:\Users\ATPHOME\.stm32cubemx\thirdparties\pdsc\STMicroelectronics.X-CUBE-IPS.3.1.0.pdsc: PDSC version is not supported
2025-09-27 08:25:26,449 [ERROR] Engine:463 - C:\Users\ATPHOME\.stm32cubemx\thirdparties\pdsc\STMicroelectronics.X-CUBE-ALS.1.0.2.pdsc: PDSC version is not supported
2025-09-27 08:25:26,471 [WARN] PackLoader:238 - Cannot read IP mode file for STMicroelectronics.X-CUBE-STSE01.1.0.0
2025-09-27 08:25:26,492 [ERROR] Engine:463 - C:\Users\ATPHOME\.stm32cubemx\thirdparties\pdsc\STMicroelectronics.X-CUBE-TOF1.3.4.3.pdsc: PDSC version is not supported
2025-09-27 08:25:26,492 [INFO] ThirdParty:915 - Integrity check success = true
2025-09-27 08:25:26,493 [INFO] IntegrityCheckThread:94 - exiting critical section [integrity check]
2025-09-27 08:25:26,493 [INFO] IntegrityCheckThread:97 - End integrity checks thread
2025-09-27 08:25:27,015 [INFO] DbMcus:175 - Found 1951 MCUs (1903 are supported by CubeMX, 1914 are visible in CubeMX)
2025-09-27 08:25:27,016 [INFO] ApiDb:251 - Load user favorites file C:\Users\ATPHOME/.stm32cubeide/favorites.mcus.txt: 0 item(s)
2025-09-27 08:25:27,016 [INFO] ApiDb:255 - User favorites MCUs=[]
2025-09-27 08:25:27,016 [INFO] DbMcus:187 - Set 0 / 0 favorites MCUs
2025-09-27 08:25:27,550 [INFO] DbMcusDocs:79 - Found 682 MCUs documents
2025-09-27 08:25:27,562 [INFO] ApiDb:276 - Save user favorites file C:\Users\ATPHOME/.stm32cubeide/favorites.mcus.txt: 0 item(s)
2025-09-27 08:25:27,563 [INFO] ApiDb:280 - User favorites MCUs=[]
2025-09-27 08:25:27,563 [INFO] DbMcusXml:100 - Load MCU database from G:\Study\ViXuLy\stm32cubeide_1.7.0\STM32CubeIDE\plugins\com.st.stm32cube.common.mx_6.3.0.202107141111\\db\/mcu/families.xml
2025-09-27 08:25:28,343 [INFO] DbMcusJson:93 - JSON generation date=Tue Nov 16 23:17:54 ICT 2021 (1637079474)
2025-09-27 08:25:29,038 [INFO] DbMcus:175 - Found 1951 MCUs (1903 are supported by CubeMX, 1914 are visible in CubeMX)
2025-09-27 08:25:29,038 [INFO] ApiDb:251 - Load user favorites file C:\Users\ATPHOME/.stm32cubeide/favorites.mcus.txt: 0 item(s)
2025-09-27 08:25:29,039 [INFO] ApiDb:255 - User favorites MCUs=[]
2025-09-27 08:25:29,040 [INFO] DbMcus:187 - Set 0 / 0 favorites MCUs
2025-09-27 08:25:29,049 [INFO] DbBoardsDocs:143 - JSON generation date=Tue Nov 16 23:17:54 ICT 2021 (1637079474)
2025-09-27 08:25:29,091 [INFO] DbBoardsPdsc:90 - Found 25 items
2025-09-27 08:25:29,113 [INFO] DbBoardsPdsc:90 - Found 9 items
2025-09-27 08:25:29,137 [INFO] DbBoardsPdsc:90 - Found 33 items
2025-09-27 08:25:29,159 [INFO] DbBoardsPdsc:90 - Found 1 items
2025-09-27 08:25:29,190 [INFO] DbBoardsPdsc:90 - Found 48 items
2025-09-27 08:25:29,213 [INFO] DbBoardsPdsc:90 - Found 43 items
2025-09-27 08:25:29,231 [INFO] DbBoardsPdsc:90 - Found 2 items
2025-09-27 08:25:29,246 [INFO] DbBoardsPdsc:90 - Found 5 items
2025-09-27 08:25:29,251 [WARN] DbBoardsPdsc:254 - Board STM32H7B3I-DK: unknown feature type=Audio, name=, username=Audio stereo codec with Headphone Amp (CS42L51-CNZ), n=1
2025-09-27 08:25:29,252 [WARN] DbBoardsPdsc:254 - Board STM32H735G-DK: unknown feature type=Audio, name=, username=Audio stereo codec with Headphone Amp (WM8994ECS/R), n=1
2025-09-27 08:25:29,254 [WARN] DbBoardsPdsc:254 - Board STM32H7B3I-EVAL: unknown feature type=Audio, name=, username=Multi-Channel Audio Codec (CS42L51-CNZ), n=1
2025-09-27 08:25:29,254 [WARN] DbBoardsPdsc:254 - Board STM32H7B3I-EVAL: unknown feature type=Meter, name=, username=Power-metering and Temperature-monitoring with sigma-delta modulators, n=1
2025-09-27 08:25:29,254 [WARN] DbBoardsPdsc:254 - Board STM32H7B3I-EVAL: unknown feature type=Motor, name=, username=Motor Control, n=1
2025-09-27 08:25:29,255 [WARN] DbBoardsPdsc:254 - Board STM32U575I-EV: unknown feature type=joystick, name=, username=4-direction joystick with selection button, n=1
2025-09-27 08:25:29,273 [INFO] DbBoardsJson:86 - JSON generation date=Tue Nov 16 23:17:54 ICT 2021 (1637079474)
2025-09-27 08:25:29,282 [INFO] DbBoards:117 - Found 167 boards (163 are supported by CubeMX)
2025-09-27 08:25:29,284 [INFO] DbBoardsDocs:143 - JSON generation date=Tue Nov 16 23:17:54 ICT 2021 (1637079474)
2025-09-27 08:25:29,287 [INFO] DbBoardsDocs:79 - Found 209 boards documents
2025-09-27 08:25:29,289 [WARN] DbBoards:127 - board B-L475E-IOT01A2 has no document id list !
2025-09-27 08:25:29,290 [WARN] DbBoards:127 - board NUCLEO-H743ZI has no document id list !
2025-09-27 08:25:29,290 [WARN] DbBoards:127 - board NUCLEO-WL55JC2 has no document id list !
2025-09-27 08:25:29,291 [WARN] DbBoards:127 - board P-NUCLEO-WB55-Nucleo has no document id list !
2025-09-27 08:25:29,291 [WARN] DbBoards:127 - board P-NUCLEO-WB55-USBDongle has no document id list !
2025-09-27 08:25:29,291 [WARN] DbBoards:127 - board STEVAL-BFA001V1B has no document id list !
2025-09-27 08:25:29,291 [WARN] DbBoards:127 - board STEVAL-BFA001V2B has no document id list !
2025-09-27 08:25:29,291 [WARN] DbBoards:127 - board STEVAL-IDP005V1 has no document id list !
2025-09-27 08:25:29,291 [WARN] DbBoards:127 - board STEVAL-IDP005V2 has no document id list !
2025-09-27 08:25:29,291 [WARN] DbBoards:127 - board STEVAL-MKSBOX1V1 has no document id list !
2025-09-27 08:25:29,291 [WARN] DbBoards:127 - board STEVAL-STWINKT1 has no document id list !
2025-09-27 08:25:29,291 [WARN] DbBoards:127 - board STEVAL-STWINKT1B has no document id list !
2025-09-27 08:25:29,291 [WARN] DbBoards:127 - board STM32439I-EVAL2 has no document id list !
2025-09-27 08:25:29,291 [WARN] DbBoards:127 - board STM32F401C-DISCO has no document id list !
2025-09-27 08:25:29,292 [WARN] DbBoards:127 - board STM32F769I-DISC1 has no document id list !
2025-09-27 08:25:29,292 [WARN] DbBoards:127 - board STM32G474E-EVAL1 has no document id list !
2025-09-27 08:25:29,292 [WARN] DbBoards:127 - board STM32H743I-EVAL2 has no document id list !
2025-09-27 08:25:29,292 [WARN] DbBoards:127 - board STM32H747I-DISC1 has no document id list !
2025-09-27 08:25:29,293 [WARN] DbBoards:127 - board STM32H753I-EVAL2 has no document id list !
2025-09-27 08:25:29,293 [WARN] DbBoards:127 - board STM32L-DISCOVERY has no document id list !
2025-09-27 08:25:29,620 [ERROR] DbBoards:189 - Image file not found for board B-U585I-IOT02A: G:\Study\ViXuLy\stm32cubeide_1.7.0\STM32CubeIDE\plugins\com.st.stm32cube.common.mx_6.3.0.202107141111\\db\/plugins/mcufinder/images/boards/B-U585I-IOT02A_small.jpg
2025-09-27 08:25:29,799 [ERROR] DbBoards:189 - Image file not found for board NUCLEO-F413ZH: G:\Study\ViXuLy\stm32cubeide_1.7.0\STM32CubeIDE\plugins\com.st.stm32cube.common.mx_6.3.0.202107141111\\db\/plugins/mcufinder/images/boards/nucleo-f413zh_small.jpg
2025-09-27 08:25:30,073 [ERROR] DbBoards:189 - Image file not found for board NUCLEO-L552ZE-Q: G:\Study\ViXuLy\stm32cubeide_1.7.0\STM32CubeIDE\plugins\com.st.stm32cube.common.mx_6.3.0.202107141111\\db\/plugins/mcufinder/images/boards/nucleo_l552ze_q_small.jpg
2025-09-27 08:25:30,073 [ERROR] DbBoards:189 - Image file not found for board NUCLEO-U575ZI-Q: G:\Study\ViXuLy\stm32cubeide_1.7.0\STM32CubeIDE\plugins\com.st.stm32cube.common.mx_6.3.0.202107141111\\db\/plugins/mcufinder/images/boards/nucleo-u575zi-q_small.jpg
2025-09-27 08:25:30,074 [ERROR] DbBoards:189 - Image file not found for board NUCLEO-WB15CC: G:\Study\ViXuLy\stm32cubeide_1.7.0\STM32CubeIDE\plugins\com.st.stm32cube.common.mx_6.3.0.202107141111\\db\/plugins/mcufinder/images/boards/nucleo-wb15cc_small.jpg
2025-09-27 08:25:30,074 [ERROR] DbBoards:189 - Image file not found for board NUCLEO-WB55RG: G:\Study\ViXuLy\stm32cubeide_1.7.0\STM32CubeIDE\plugins\com.st.stm32cube.common.mx_6.3.0.202107141111\\db\/plugins/mcufinder/images/boards/nucleo-wb55rg_small.jpg
2025-09-27 08:25:32,160 [INFO] MainUpdater:2671 - connection check result : 10
2025-09-27 08:25:32,555 [INFO] ApiDb:251 - Load user favorites file C:\Users\ATPHOME/.stm32cubeide/favorites.boards.txt: 0 item(s)
2025-09-27 08:25:32,556 [INFO] ApiDb:255 - User favorites Boards=[]
2025-09-27 08:25:32,556 [INFO] DbBoards:206 - Set 0 / 0 favorites Boards
2025-09-27 08:25:32,560 [INFO] DbBoardsDocs:79 - Found 418 boards documents
2025-09-27 08:25:32,560 [INFO] ApiDb:276 - Save user favorites file C:\Users\ATPHOME/.stm32cubeide/favorites.boards.txt: 0 item(s)
2025-09-27 08:25:32,561 [INFO] ApiDb:280 - User favorites Boards=[]
2025-09-27 08:25:32,565 [INFO] DbBoardsPdsc:90 - Found 25 items
2025-09-27 08:25:32,566 [INFO] DbBoardsPdsc:90 - Found 9 items
2025-09-27 08:25:32,570 [INFO] DbBoardsPdsc:90 - Found 33 items
2025-09-27 08:25:32,572 [INFO] DbBoardsPdsc:90 - Found 1 items
2025-09-27 08:25:32,580 [INFO] DbBoardsPdsc:90 - Found 48 items
2025-09-27 08:25:32,586 [INFO] DbBoardsPdsc:90 - Found 43 items
2025-09-27 08:25:32,587 [INFO] DbBoardsPdsc:90 - Found 2 items
2025-09-27 08:25:32,589 [INFO] DbBoardsPdsc:90 - Found 5 items
2025-09-27 08:25:32,592 [WARN] DbBoardsPdsc:254 - Board STM32H7B3I-DK: unknown feature type=Audio, name=, username=Audio stereo codec with Headphone Amp (CS42L51-CNZ), n=1
2025-09-27 08:25:32,592 [WARN] DbBoardsPdsc:254 - Board STM32H735G-DK: unknown feature type=Audio, name=, username=Audio stereo codec with Headphone Amp (WM8994ECS/R), n=1
2025-09-27 08:25:32,594 [WARN] DbBoardsPdsc:254 - Board STM32H7B3I-EVAL: unknown feature type=Audio, name=, username=Multi-Channel Audio Codec (CS42L51-CNZ), n=1
2025-09-27 08:25:32,594 [WARN] DbBoardsPdsc:254 - Board STM32H7B3I-EVAL: unknown feature type=Meter, name=, username=Power-metering and Temperature-monitoring with sigma-delta modulators, n=1
2025-09-27 08:25:32,594 [WARN] DbBoardsPdsc:254 - Board STM32H7B3I-EVAL: unknown feature type=Motor, name=, username=Motor Control, n=1
2025-09-27 08:25:32,594 [WARN] DbBoardsPdsc:254 - Board STM32U575I-EV: unknown feature type=joystick, name=, username=4-direction joystick with selection button, n=1
2025-09-27 08:25:32,612 [INFO] DbBoardsJson:86 - JSON generation date=Tue Nov 16 23:17:54 ICT 2021 (1637079474)
2025-09-27 08:25:32,619 [INFO] DbBoards:117 - Found 167 boards (163 are supported by CubeMX)
2025-09-27 08:25:32,619 [WARN] DbBoards:127 - board B-L475E-IOT01A2 has no document id list !
2025-09-27 08:25:32,619 [WARN] DbBoards:127 - board NUCLEO-H743ZI has no document id list !
2025-09-27 08:25:32,620 [WARN] DbBoards:127 - board NUCLEO-WL55JC2 has no document id list !
2025-09-27 08:25:32,620 [WARN] DbBoards:127 - board P-NUCLEO-WB55-Nucleo has no document id list !
2025-09-27 08:25:32,620 [WARN] DbBoards:127 - board P-NUCLEO-WB55-USBDongle has no document id list !
2025-09-27 08:25:32,620 [WARN] DbBoards:127 - board STEVAL-BFA001V1B has no document id list !
2025-09-27 08:25:32,620 [WARN] DbBoards:127 - board STEVAL-BFA001V2B has no document id list !
2025-09-27 08:25:32,620 [WARN] DbBoards:127 - board STEVAL-IDP005V1 has no document id list !
2025-09-27 08:25:32,620 [WARN] DbBoards:127 - board STEVAL-IDP005V2 has no document id list !
2025-09-27 08:25:32,620 [WARN] DbBoards:127 - board STEVAL-MKSBOX1V1 has no document id list !
2025-09-27 08:25:32,620 [WARN] DbBoards:127 - board STEVAL-STWINKT1 has no document id list !
2025-09-27 08:25:32,620 [WARN] DbBoards:127 - board STEVAL-STWINKT1B has no document id list !
2025-09-27 08:25:32,620 [WARN] DbBoards:127 - board STM32439I-EVAL2 has no document id list !
2025-09-27 08:25:32,620 [WARN] DbBoards:127 - board STM32F401C-DISCO has no document id list !
2025-09-27 08:25:32,620 [WARN] DbBoards:127 - board STM32F769I-DISC1 has no document id list !
2025-09-27 08:25:32,621 [WARN] DbBoards:127 - board STM32G474E-EVAL1 has no document id list !
2025-09-27 08:25:32,621 [WARN] DbBoards:127 - board STM32H743I-EVAL2 has no document id list !
2025-09-27 08:25:32,621 [WARN] DbBoards:127 - board STM32H747I-DISC1 has no document id list !
2025-09-27 08:25:32,621 [WARN] DbBoards:127 - board STM32H753I-EVAL2 has no document id list !
2025-09-27 08:25:32,621 [WARN] DbBoards:127 - board STM32L-DISCOVERY has no document id list !
2025-09-27 08:25:32,738 [ERROR] DbBoards:189 - Image file not found for board B-U585I-IOT02A: G:\Study\ViXuLy\stm32cubeide_1.7.0\STM32CubeIDE\plugins\com.st.stm32cube.common.mx_6.3.0.202107141111\\db\/plugins/mcufinder/images/boards/B-U585I-IOT02A_small.jpg
2025-09-27 08:25:32,840 [ERROR] DbBoards:189 - Image file not found for board NUCLEO-F413ZH: G:\Study\ViXuLy\stm32cubeide_1.7.0\STM32CubeIDE\plugins\com.st.stm32cube.common.mx_6.3.0.202107141111\\db\/plugins/mcufinder/images/boards/nucleo-f413zh_small.jpg
2025-09-27 08:25:33,063 [ERROR] DbBoards:189 - Image file not found for board NUCLEO-L552ZE-Q: G:\Study\ViXuLy\stm32cubeide_1.7.0\STM32CubeIDE\plugins\com.st.stm32cube.common.mx_6.3.0.202107141111\\db\/plugins/mcufinder/images/boards/nucleo_l552ze_q_small.jpg
2025-09-27 08:25:33,064 [ERROR] DbBoards:189 - Image file not found for board NUCLEO-U575ZI-Q: G:\Study\ViXuLy\stm32cubeide_1.7.0\STM32CubeIDE\plugins\com.st.stm32cube.common.mx_6.3.0.202107141111\\db\/plugins/mcufinder/images/boards/nucleo-u575zi-q_small.jpg
2025-09-27 08:25:33,064 [ERROR] DbBoards:189 - Image file not found for board NUCLEO-WB15CC: G:\Study\ViXuLy\stm32cubeide_1.7.0\STM32CubeIDE\plugins\com.st.stm32cube.common.mx_6.3.0.202107141111\\db\/plugins/mcufinder/images/boards/nucleo-wb15cc_small.jpg
2025-09-27 08:25:33,064 [ERROR] DbBoards:189 - Image file not found for board NUCLEO-WB55RG: G:\Study\ViXuLy\stm32cubeide_1.7.0\STM32CubeIDE\plugins\com.st.stm32cube.common.mx_6.3.0.202107141111\\db\/plugins/mcufinder/images/boards/nucleo-wb55rg_small.jpg
2025-09-27 08:25:33,995 [INFO] ApiDb:251 - Load user favorites file C:\Users\ATPHOME/.stm32cubeide/favorites.boards.txt: 0 item(s)
2025-09-27 08:25:33,996 [INFO] ApiDb:255 - User favorites Boards=[]
2025-09-27 08:25:33,996 [INFO] DbBoards:206 - Set 0 / 0 favorites Boards
2025-09-27 08:25:33,999 [ERROR] TargetSelectorAdapter:232 - Unable to refresh data
2025-09-27 08:25:34,029 [INFO] McuFinderGlobals:52 - Set McuFinderConnectedMode to true
2025-09-27 08:25:34,167 [INFO] ServerAccessManage:362 - Download File mcusAds.json._tmp_
2025-09-27 08:25:34,918 [INFO] LoadUrlFilesThread:145 - End of LoadUrlFiles Thread
2025-09-27 08:25:35,033 [INFO] McuFinderGlobals:52 - Set McuFinderConnectedMode to false
2025-09-27 08:25:35,144 [INFO] CrossSelectorPresenter:1330 - Cross Selector saved comparison directory: C:\Users\ATPHOME\.stmcufinder\plugins\mcufinder\mcu\cs_comparisons_mx
2025-09-27 08:25:35,149 [INFO] MultiScanPanel:197 - Auto-refresh data requested => check proxy status ongoing
2025-09-27 08:25:35,149 [INFO] MultiScanPanel:201 - Proxy status is invalid
2025-09-27 08:25:35,152 [INFO] FinderPluginLoader:87 - Searching for filters in installed packs
2025-09-27 08:25:35,782 [WARN] DetailPanel:314 - Failed to get advertising image, set to default
2025-09-27 08:25:37,098 [INFO] ServerAccessManage:362 - Download File mcusDocs.json._tmp_
2025-09-27 08:25:37,330 [INFO] LoadUrlFilesThread:145 - End of LoadUrlFiles Thread
2025-09-27 08:25:37,594 [INFO] ServerAccessManage:362 - Download File mcusFeaturesAndDescription.json._tmp_
2025-09-27 08:25:38,342 [INFO] LoadUrlFilesThread:145 - End of LoadUrlFiles Thread
2025-09-27 08:25:38,577 [INFO] ServerAccessManage:362 - Download File boardsDocs.json._tmp_
2025-09-27 08:25:38,756 [INFO] LoadUrlFilesThread:145 - End of LoadUrlFiles Thread
2025-09-27 08:25:39,024 [INFO] ServerAccessManage:362 - Download File boards.json._tmp_
2025-09-27 08:25:39,241 [INFO] LoadUrlFilesThread:145 - End of LoadUrlFiles Thread
2025-09-27 08:25:39,337 [INFO] ServerAccessManage:362 - Download File cube-finder-db.zip
2025-09-27 08:25:41,932 [INFO] FileExtend:235 - Unzip File : cube-finder-db.zip
2025-09-27 08:25:41,932 [INFO] FileExtend:250 - Standard Zip Deflate
2025-09-27 08:25:43,117 [INFO] LoadUrlFilesThread:145 - End of LoadUrlFiles Thread
2025-09-27 08:25:44,707 [INFO] ServerAccessManage:362 - Download File crdb.zip
2025-09-27 08:25:46,162 [INFO] FileExtend:235 - Unzip File : crdb.zip
2025-09-27 08:25:46,162 [INFO] FileExtend:250 - Standard Zip Deflate
2025-09-27 08:25:46,319 [INFO] LoadUrlFilesThread:145 - End of LoadUrlFiles Thread
2025-09-27 08:25:46,393 [INFO] ServerAccessManage:362 - Download File tutoVideoDB.zip
2025-09-27 08:25:46,406 [INFO] FileExtend:235 - Unzip File : tutoVideoDB.zip
2025-09-27 08:25:46,406 [INFO] FileExtend:250 - Standard Zip Deflate
2025-09-27 08:25:46,555 [INFO] LoadUrlFilesThread:145 - End of LoadUrlFiles Thread
2025-09-27 08:25:46,556 [INFO] DbMcusAds:47 - JSON generation date=Tue Jul 08 15:14:23 ICT 2025 (1751962463524)
2025-09-27 08:25:46,565 [INFO] DbMcusDocs:143 - JSON generation date=Tue Nov 16 23:17:54 ICT 2021 (1637079474)
2025-09-27 08:25:46,913 [INFO] DbMcusDocs:79 - Found 682 MCUs documents
2025-09-27 08:25:46,915 [INFO] ApiDb:276 - Save user favorites file C:\Users\ATPHOME/.stm32cubeide/favorites.mcus.txt: 0 item(s)
2025-09-27 08:25:46,915 [INFO] ApiDb:280 - User favorites MCUs=[]
2025-09-27 08:25:46,915 [INFO] DbMcusXml:100 - Load MCU database from G:\Study\ViXuLy\stm32cubeide_1.7.0\STM32CubeIDE\plugins\com.st.stm32cube.common.mx_6.3.0.202107141111\\db\/mcu/families.xml
2025-09-27 08:25:47,247 [INFO] MainUpdater:2671 - connection check result : 10
2025-09-27 08:25:47,248 [INFO] MainUpdater:2671 - connection check result : 10
2025-09-27 08:25:47,670 [INFO] DbMcusJson:93 - JSON generation date=Tue Nov 16 23:17:54 ICT 2021 (1637079474)
2025-09-27 08:25:48,343 [INFO] DbMcus:175 - Found 1951 MCUs (1903 are supported by CubeMX, 1914 are visible in CubeMX)
2025-09-27 08:25:48,343 [INFO] ApiDb:251 - Load user favorites file C:\Users\ATPHOME/.stm32cubeide/favorites.mcus.txt: 0 item(s)
2025-09-27 08:25:48,343 [INFO] ApiDb:255 - User favorites MCUs=[]
2025-09-27 08:25:48,343 [INFO] DbMcus:187 - Set 0 / 0 favorites MCUs
2025-09-27 08:25:49,018 [INFO] DbBoardsDocs:143 - JSON generation date=Tue Nov 16 23:17:54 ICT 2021 (1637079474)
2025-09-27 08:25:49,022 [INFO] DbBoardsDocs:79 - Found 209 boards documents
2025-09-27 08:25:49,024 [INFO] ApiDb:276 - Save user favorites file C:\Users\ATPHOME/.stm32cubeide/favorites.boards.txt: 0 item(s)
2025-09-27 08:25:49,024 [INFO] ApiDb:280 - User favorites Boards=[]
2025-09-27 08:25:49,028 [INFO] DbBoardsPdsc:90 - Found 25 items
2025-09-27 08:25:49,029 [INFO] DbBoardsPdsc:90 - Found 9 items
2025-09-27 08:25:49,034 [INFO] DbBoardsPdsc:90 - Found 33 items
2025-09-27 08:25:49,035 [INFO] DbBoardsPdsc:90 - Found 1 items
2025-09-27 08:25:49,041 [INFO] DbBoardsPdsc:90 - Found 48 items
2025-09-27 08:25:49,049 [INFO] DbBoardsPdsc:90 - Found 43 items
2025-09-27 08:25:49,050 [INFO] DbBoardsPdsc:90 - Found 2 items
2025-09-27 08:25:49,052 [INFO] DbBoardsPdsc:90 - Found 5 items
2025-09-27 08:25:49,055 [WARN] DbBoardsPdsc:254 - Board STM32H7B3I-DK: unknown feature type=Audio, name=, username=Audio stereo codec with Headphone Amp (CS42L51-CNZ), n=1
2025-09-27 08:25:49,055 [WARN] DbBoardsPdsc:254 - Board STM32H735G-DK: unknown feature type=Audio, name=, username=Audio stereo codec with Headphone Amp (WM8994ECS/R), n=1
2025-09-27 08:25:49,056 [WARN] DbBoardsPdsc:254 - Board STM32H7B3I-EVAL: unknown feature type=Audio, name=, username=Multi-Channel Audio Codec (CS42L51-CNZ), n=1
2025-09-27 08:25:49,056 [WARN] DbBoardsPdsc:254 - Board STM32H7B3I-EVAL: unknown feature type=Meter, name=, username=Power-metering and Temperature-monitoring with sigma-delta modulators, n=1
2025-09-27 08:25:49,056 [WARN] DbBoardsPdsc:254 - Board STM32H7B3I-EVAL: unknown feature type=Motor, name=, username=Motor Control, n=1
2025-09-27 08:25:49,057 [WARN] DbBoardsPdsc:254 - Board STM32U575I-EV: unknown feature type=joystick, name=, username=4-direction joystick with selection button, n=1
2025-09-27 08:25:49,076 [INFO] DbBoardsJson:86 - JSON generation date=Tue Nov 16 23:17:54 ICT 2021 (1637079474)
2025-09-27 08:25:49,083 [INFO] DbBoards:117 - Found 167 boards (163 are supported by CubeMX)
2025-09-27 08:25:49,083 [WARN] DbBoards:127 - board B-L475E-IOT01A2 has no document id list !
2025-09-27 08:25:49,083 [WARN] DbBoards:127 - board NUCLEO-H743ZI has no document id list !
2025-09-27 08:25:49,083 [WARN] DbBoards:127 - board NUCLEO-WL55JC2 has no document id list !
2025-09-27 08:25:49,083 [WARN] DbBoards:127 - board P-NUCLEO-WB55-Nucleo has no document id list !
2025-09-27 08:25:49,084 [WARN] DbBoards:127 - board P-NUCLEO-WB55-USBDongle has no document id list !
2025-09-27 08:25:49,084 [WARN] DbBoards:127 - board STEVAL-BFA001V1B has no document id list !
2025-09-27 08:25:49,084 [WARN] DbBoards:127 - board STEVAL-BFA001V2B has no document id list !
2025-09-27 08:25:49,084 [WARN] DbBoards:127 - board STEVAL-IDP005V1 has no document id list !
2025-09-27 08:25:49,084 [WARN] DbBoards:127 - board STEVAL-IDP005V2 has no document id list !
2025-09-27 08:25:49,084 [WARN] DbBoards:127 - board STEVAL-MKSBOX1V1 has no document id list !
2025-09-27 08:25:49,084 [WARN] DbBoards:127 - board STEVAL-STWINKT1 has no document id list !
2025-09-27 08:25:49,084 [WARN] DbBoards:127 - board STEVAL-STWINKT1B has no document id list !
2025-09-27 08:25:49,084 [WARN] DbBoards:127 - board STM32439I-EVAL2 has no document id list !
2025-09-27 08:25:49,084 [WARN] DbBoards:127 - board STM32F401C-DISCO has no document id list !
2025-09-27 08:25:49,084 [WARN] DbBoards:127 - board STM32F769I-DISC1 has no document id list !
2025-09-27 08:25:49,084 [WARN] DbBoards:127 - board STM32G474E-EVAL1 has no document id list !
2025-09-27 08:25:49,084 [WARN] DbBoards:127 - board STM32H743I-EVAL2 has no document id list !
2025-09-27 08:25:49,085 [WARN] DbBoards:127 - board STM32H747I-DISC1 has no document id list !
2025-09-27 08:25:49,085 [WARN] DbBoards:127 - board STM32H753I-EVAL2 has no document id list !
2025-09-27 08:25:49,085 [WARN] DbBoards:127 - board STM32L-DISCOVERY has no document id list !
2025-09-27 08:25:49,179 [ERROR] DbBoards:189 - Image file not found for board B-U585I-IOT02A: G:\Study\ViXuLy\stm32cubeide_1.7.0\STM32CubeIDE\plugins\com.st.stm32cube.common.mx_6.3.0.202107141111\\db\/plugins/mcufinder/images/boards/B-U585I-IOT02A_small.jpg
2025-09-27 08:25:49,263 [ERROR] DbBoards:189 - Image file not found for board NUCLEO-F413ZH: G:\Study\ViXuLy\stm32cubeide_1.7.0\STM32CubeIDE\plugins\com.st.stm32cube.common.mx_6.3.0.202107141111\\db\/plugins/mcufinder/images/boards/nucleo-f413zh_small.jpg
2025-09-27 08:25:49,477 [ERROR] DbBoards:189 - Image file not found for board NUCLEO-L552ZE-Q: G:\Study\ViXuLy\stm32cubeide_1.7.0\STM32CubeIDE\plugins\com.st.stm32cube.common.mx_6.3.0.202107141111\\db\/plugins/mcufinder/images/boards/nucleo_l552ze_q_small.jpg
2025-09-27 08:25:49,477 [ERROR] DbBoards:189 - Image file not found for board NUCLEO-U575ZI-Q: G:\Study\ViXuLy\stm32cubeide_1.7.0\STM32CubeIDE\plugins\com.st.stm32cube.common.mx_6.3.0.202107141111\\db\/plugins/mcufinder/images/boards/nucleo-u575zi-q_small.jpg
2025-09-27 08:25:49,477 [ERROR] DbBoards:189 - Image file not found for board NUCLEO-WB15CC: G:\Study\ViXuLy\stm32cubeide_1.7.0\STM32CubeIDE\plugins\com.st.stm32cube.common.mx_6.3.0.202107141111\\db\/plugins/mcufinder/images/boards/nucleo-wb15cc_small.jpg
2025-09-27 08:25:49,477 [ERROR] DbBoards:189 - Image file not found for board NUCLEO-WB55RG: G:\Study\ViXuLy\stm32cubeide_1.7.0\STM32CubeIDE\plugins\com.st.stm32cube.common.mx_6.3.0.202107141111\\db\/plugins/mcufinder/images/boards/nucleo-wb55rg_small.jpg
2025-09-27 08:25:50,347 [INFO] ApiDb:251 - Load user favorites file C:\Users\ATPHOME/.stm32cubeide/favorites.boards.txt: 0 item(s)
2025-09-27 08:25:50,348 [INFO] ApiDb:255 - User favorites Boards=[]
2025-09-27 08:25:50,348 [INFO] DbBoards:206 - Set 0 / 0 favorites Boards
2025-09-27 08:25:50,677 [ERROR] TargetSelectorAdapter:232 - Unable to refresh data
2025-09-27 08:25:50,703 [INFO] MicroXplorer:448 - Change Database Path : 
2025-09-27 08:25:50,704 [INFO] MicroXplorer:478 - Change Database Version : DB.6.0.30
2025-09-27 08:25:50,704 [WARN] ThirdParty:813 - waiting for thirdparty lock release [close project]
2025-09-27 08:25:50,704 [INFO] ThirdParty:815 - entering critical section [close project]
2025-09-27 08:25:50,705 [INFO] ThirdParty:825 - exiting critical section [close project]
2025-09-27 08:25:50,708 [INFO] PinOutPanel:1463 - setPackage(No Configuration,No Configuration)
2025-09-27 08:25:50,708 [INFO] UtilMem:74 - Begin LoadConfig() Used Memory: 812088304 Bytes (1035993088)
2025-09-27 08:25:50,709 [INFO] MicroXplorer:448 - Change Database Path : 
2025-09-27 08:25:50,709 [INFO] MicroXplorer:478 - Change Database Version : DB.6.0.30
2025-09-27 08:25:50,710 [INFO] OpenFileManager:313 - Change cursor
2025-09-27 08:25:51,959 [INFO] Context:592 - Trying to add GPIOservice into a context  which must be forbidden
2025-09-27 08:25:52,362 [WARN] ApiManager:304 - Cannot register API 'Board Extension:PM33A1' from pack STMicroelectronics.X-CUBE-PM33A1.1.0.0: no header file found
2025-09-27 08:25:52,365 [WARN] ApiManager:304 - Cannot register API 'Board Extension:NFC09A1' from pack STMicroelectronics.X-CUBE-NFC9.1.0.0: no header file found
2025-09-27 08:25:52,370 [WARN] ApiManager:304 - Cannot register API 'Wireless:BlueNRG-MS' from pack STMicroelectronics.X-CUBE-BLE1.7.1.0: no header file found
2025-09-27 08:25:52,372 [WARN] ApiManager:304 - Cannot register API 'Board Extension:EEPRMA2' from pack STMicroelectronics.X-CUBE-EEPRMA1.5.2.0: no header file found
2025-09-27 08:25:52,372 [WARN] ApiManager:304 - Cannot register API 'Board Extension:PGEEZ1' from pack STMicroelectronics.X-CUBE-EEPRMA1.5.2.0: no header file found
2025-09-27 08:25:52,372 [WARN] ApiManager:304 - Cannot register API 'Board Extension:EEICA1' from pack STMicroelectronics.X-CUBE-EEPRMA1.5.2.0: no header file found
2025-09-27 08:25:52,372 [WARN] ApiManager:304 - Cannot register API 'Board Part:M24' from pack STMicroelectronics.X-CUBE-EEPRMA1.5.2.0: no header file found
2025-09-27 08:25:52,372 [WARN] ApiManager:304 - Cannot register API 'Board Part:M95' from pack STMicroelectronics.X-CUBE-EEPRMA1.5.2.0: no header file found
2025-09-27 08:25:52,372 [WARN] ApiManager:304 - Cannot register API 'Board Part:M95P32' from pack STMicroelectronics.X-CUBE-EEPRMA1.5.2.0: no header file found
2025-09-27 08:25:52,372 [WARN] ApiManager:304 - Cannot register API 'Board Part:M24256E-F' from pack STMicroelectronics.X-CUBE-EEPRMA1.5.2.0: no header file found
2025-09-27 08:25:52,372 [WARN] ApiManager:304 - Cannot register API 'Board Part:M24M01E-F' from pack STMicroelectronics.X-CUBE-EEPRMA1.5.2.0: no header file found
2025-09-27 08:25:52,372 [WARN] ApiManager:304 - Cannot register API 'PGEEZ1:SPI' from pack STMicroelectronics.X-CUBE-EEPRMA1.5.2.0: no header file found
2025-09-27 08:25:52,372 [WARN] ApiManager:304 - Cannot register API 'PGEEZ1:QDSPI' from pack STMicroelectronics.X-CUBE-EEPRMA1.5.2.0: no header file found
2025-09-27 08:25:52,374 [WARN] ApiManager:304 - Cannot register API 'Board Extension:GNSS1A1' from pack STMicroelectronics.X-CUBE-GNSS1.7.0.1: no header file found
2025-09-27 08:25:52,375 [WARN] ApiManager:304 - Cannot register API 'Board Support:Custom' from pack STMicroelectronics.X-CUBE-GNSS1.7.0.1: no header file found
2025-09-27 08:25:52,375 [WARN] ApiManager:304 - Cannot register API 'Data Exchange:lib_gnss' from pack STMicroelectronics.X-CUBE-GNSS1.7.0.1: no header file found
2025-09-27 08:25:52,376 [WARN] ApiManager:304 - Cannot register API 'Board Extension:NFC12A1' from pack STMicroelectronics.X-CUBE-NFC12.1.0.0: no header file found
2025-09-27 08:25:52,383 [WARN] ApiManager:304 - Cannot register API 'Board Extension:NFC06A1' from pack STMicroelectronics.X-CUBE-NFC6.3.1.0: no header file found
2025-09-27 08:25:52,383 [WARN] ApiManager:304 - Cannot register API 'Board Extension:NFC08A1' from pack STMicroelectronics.X-CUBE-NFC6.3.1.0: no header file found
2025-09-27 08:25:52,384 [INFO] RtosManager:484 - Registered RTOS mode: class=CMSIS, group=RTOS, mode=CMSIS_V1, owner=FREERTOS
2025-09-27 08:25:52,385 [INFO] RtosManager:484 - Registered RTOS mode: class=CMSIS, group=RTOS2, mode=CMSIS_V2, owner=FREERTOS
2025-09-27 08:25:52,385 [INFO] RtosManager:484 - Registered RTOS mode: class=RTOS, group=Core, mode=CMSIS_V1, owner=FREERTOS
2025-09-27 08:25:52,385 [INFO] RtosManager:484 - Registered RTOS mode: class=RTOS, group=Core, mode=CMSIS_V2, owner=FREERTOS
2025-09-27 08:25:52,385 [WARN] ModelIntegratedComponent:181 - Missing modes for component STMicroelectronics:FreeRTOS:0.0.1:STMicroelectronics:RTOS:FreeRTOS:Core:::10.2.0:
2025-09-27 08:25:52,388 [WARN] ApiManager:304 - Cannot register API 'Board Extension:STSAFEA1' from pack STMicroelectronics.X-CUBE-SAFEA1.1.2.2: no header file found
2025-09-27 08:25:52,388 [WARN] ApiManager:304 - Cannot register API 'Board Part:STSAFEA110' from pack STMicroelectronics.X-CUBE-SAFEA1.1.2.2: no header file found
2025-09-27 08:25:52,388 [WARN] ApiManager:304 - Cannot register API 'Security:ST_Cryptolib' from pack STMicroelectronics.X-CUBE-SAFEA1.1.2.2: no header file found
2025-09-27 08:25:52,389 [WARN] ApiManager:304 - Cannot register API 'Security:MbedTLS' from pack STMicroelectronics.X-CUBE-SAFEA1.1.2.2: no header file found
2025-09-27 08:25:52,390 [WARN] ApiManager:304 - Cannot register API 'Board Extension:NFC04A1' from pack STMicroelectronics.X-CUBE-NFC4.3.0.0: no header file found
2025-09-27 08:25:52,394 [WARN] ApiManager:304 - Cannot register API 'Board Extension:S2868A1' from pack STMicroelectronics.X-CUBE-SUBG2.5.0.0: no header file found
2025-09-27 08:25:52,395 [WARN] ApiManager:304 - Cannot register API 'Board Extension:S2868A2' from pack STMicroelectronics.X-CUBE-SUBG2.5.0.0: no header file found
2025-09-27 08:25:52,395 [WARN] ApiManager:304 - Cannot register API 'Board Extension:S2915A1' from pack STMicroelectronics.X-CUBE-SUBG2.5.0.0: no header file found
2025-09-27 08:25:52,400 [WARN] ApiManager:304 - Cannot register API 'Wireless:STM32WB05N' from pack STMicroelectronics.X-CUBE-WB05N.2.0.0: no header file found
2025-09-27 08:25:52,404 [WARN] ApiManager:304 - Cannot register API 'Board Extension:NFC07A1' from pack STMicroelectronics.X-CUBE-NFC7.2.0.0: no header file found
2025-09-27 08:25:52,405 [WARN] ApiManager:304 - Cannot register API 'Board Extension:NFC10A1' from pack STMicroelectronics.X-CUBE-NFC10.1.0.0: no header file found
2025-09-27 08:25:52,407 [WARN] ModelIntegratedComponent:60 - No mode defined for component null
2025-09-27 08:25:52,407 [WARN] ModelIntegratedComponent:60 - No mode defined for component null
2025-09-27 08:25:52,407 [WARN] ModelIntegratedComponent:60 - No mode defined for component null
2025-09-27 08:25:52,407 [WARN] ModelIntegratedComponent:60 - No mode defined for component null
2025-09-27 08:25:52,407 [WARN] ModelIntegratedComponent:60 - No mode defined for component null
2025-09-27 08:25:52,407 [WARN] ModelIntegratedComponent:60 - No mode defined for component null
2025-09-27 08:25:52,407 [WARN] ModelIntegratedComponent:60 - No mode defined for component null
2025-09-27 08:25:52,407 [WARN] ModelIntegratedComponent:60 - No mode defined for component null
2025-09-27 08:25:52,407 [WARN] ModelIntegratedComponent:60 - No mode defined for component null
2025-09-27 08:25:52,407 [WARN] ModelIntegratedComponent:60 - No mode defined for component null
2025-09-27 08:25:52,407 [WARN] ModelIntegratedComponent:60 - No mode defined for component null
2025-09-27 08:25:52,407 [WARN] ModelIntegratedComponent:60 - No mode defined for component null
2025-09-27 08:25:52,408 [WARN] ModelIntegratedComponent:60 - No mode defined for component null
2025-09-27 08:25:52,408 [WARN] ModelIntegratedComponent:60 - No mode defined for component null
2025-09-27 08:25:52,408 [WARN] ModelIntegratedComponent:60 - No mode defined for component null
2025-09-27 08:25:52,408 [WARN] ModelIntegratedComponent:60 - No mode defined for component null
2025-09-27 08:25:52,408 [WARN] ModelIntegratedComponent:60 - No mode defined for component null
2025-09-27 08:25:52,408 [WARN] ModelIntegratedComponent:60 - No mode defined for component null
2025-09-27 08:25:52,408 [WARN] ModelIntegratedComponent:60 - No mode defined for component null
2025-09-27 08:25:52,408 [WARN] ModelIntegratedComponent:60 - No mode defined for component null
2025-09-27 08:25:52,408 [WARN] ModelIntegratedComponent:60 - No mode defined for component null
2025-09-27 08:25:52,408 [WARN] ModelIntegratedComponent:60 - No mode defined for component null
2025-09-27 08:25:52,409 [WARN] ModelIntegratedComponent:60 - No mode defined for component null
2025-09-27 08:25:52,409 [WARN] ModelIntegratedComponent:60 - No mode defined for component null
2025-09-27 08:25:52,409 [WARN] ModelIntegratedComponent:60 - No mode defined for component null
2025-09-27 08:25:52,409 [WARN] ModelIntegratedComponent:60 - No mode defined for component null
2025-09-27 08:25:52,409 [WARN] ModelIntegratedComponent:60 - No mode defined for component null
2025-09-27 08:25:52,409 [WARN] ModelIntegratedComponent:60 - No mode defined for component null
2025-09-27 08:25:52,409 [WARN] ModelIntegratedComponent:60 - No mode defined for component null
2025-09-27 08:25:52,409 [WARN] ModelIntegratedComponent:60 - No mode defined for component null
2025-09-27 08:25:52,409 [WARN] ModelIntegratedComponent:60 - No mode defined for component null
2025-09-27 08:25:52,411 [WARN] ApiManager:304 - Cannot register API 'Board Extension:SAFEA1' from pack STMicroelectronics.X-CUBE-STSE01.1.0.0: no header file found
2025-09-27 08:25:52,411 [WARN] ApiManager:304 - Cannot register API 'Board Extension:ESE01A1' from pack STMicroelectronics.X-CUBE-STSE01.1.0.0: no header file found
2025-09-27 08:25:52,411 [WARN] ApiManager:304 - Cannot register API 'Board Part:STSAFEA110' from pack STMicroelectronics.X-CUBE-STSE01.1.0.0: no header file found
2025-09-27 08:25:52,412 [WARN] ApiManager:304 - Cannot register API 'Board Part:STSAFEA120' from pack STMicroelectronics.X-CUBE-STSE01.1.0.0: no header file found
2025-09-27 08:25:52,412 [WARN] ApiManager:304 - Cannot register API 'Security:STM32_Cryptographic' from pack STMicroelectronics.X-CUBE-STSE01.1.0.0: no header file found
2025-09-27 08:25:52,412 [WARN] ApiManager:304 - Cannot register API 'Security:STSELib' from pack STMicroelectronics.X-CUBE-STSE01.1.0.0: no header file found
2025-09-27 08:25:52,675 [WARN] ApiManager:304 - Cannot register API 'Board Extension:IKS01A3' from pack STMicroelectronics.X-CUBE-MEMS1.11.3.0: no header file found
2025-09-27 08:25:52,675 [WARN] ApiManager:304 - Cannot register API 'Board Extension:IKS02A1' from pack STMicroelectronics.X-CUBE-MEMS1.11.3.0: no header file found
2025-09-27 08:25:52,675 [WARN] ApiManager:304 - Cannot register API 'Board Extension:IKS4A1' from pack STMicroelectronics.X-CUBE-MEMS1.11.3.0: no header file found
2025-09-27 08:25:52,706 [WARN] ApiManager:304 - Cannot register API 'Board Extension:S2868A1' from pack STMicroelectronics.X-CUBE-SFXS2LP1.4.0.0: no header file found
2025-09-27 08:25:52,706 [WARN] ApiManager:304 - Cannot register API 'Board Extension:S2868A2' from pack STMicroelectronics.X-CUBE-SFXS2LP1.4.0.0: no header file found
2025-09-27 08:25:52,706 [WARN] ApiManager:304 - Cannot register API 'Board Extension:S2915A1' from pack STMicroelectronics.X-CUBE-SFXS2LP1.4.0.0: no header file found
2025-09-27 08:25:52,707 [WARN] ApiManager:304 - Cannot register API 'Wireless:BlueNRG-2' from pack STMicroelectronics.X-CUBE-BLE2.3.3.0: no header file found
2025-09-27 08:25:53,499 [INFO] MainUpdater:2671 - connection check result : 10
2025-09-27 08:25:53,500 [INFO] MainUpdater:2671 - connection check result : 10
2025-09-27 08:25:55,474 [INFO] UtilMem:74 - End LoadConfig() Used Memory: 834455864 Bytes (1035993088)
2025-09-27 08:25:55,488 [WARN] ThirdParty:779 - waiting for thirdparty lock release [change project]
2025-09-27 08:25:55,488 [INFO] ThirdParty:781 - entering critical section [change project]
2025-09-27 08:25:55,488 [INFO] ThirdParty:967 - CMSIS Pack Vendor :STMicroelectronics X-CUBE-PM33A1 1.0.0
2025-09-27 08:25:55,488 [INFO] ThirdParty:967 - CMSIS Pack Vendor :STMicroelectronics X-CUBE-NFC9 1.0.0
2025-09-27 08:25:55,488 [INFO] ThirdParty:967 - CMSIS Pack Vendor :STMicroelectronics USB_HOST 2.0.0
2025-09-27 08:25:55,488 [INFO] ThirdParty:967 - CMSIS Pack Vendor :STMicroelectronics X-CUBE-AZRTOS-F4 1.1.0
2025-09-27 08:25:55,488 [INFO] ThirdParty:967 - CMSIS Pack Vendor :STMicroelectronics FP-ATR-ASTRA1 2.0.2
2025-09-27 08:25:55,489 [INFO] ThirdParty:967 - CMSIS Pack Vendor :wolfSSL I-CUBE-wolfSSL 5.8.2
2025-09-27 08:25:55,489 [INFO] ThirdParty:967 - CMSIS Pack Vendor :STMicroelectronics X-CUBE-BLE1 7.1.0
2025-09-27 08:25:55,489 [INFO] ThirdParty:967 - CMSIS Pack Vendor :wolfSSL I-CUBE-wolfMQTT 1.19.2
2025-09-27 08:25:55,489 [INFO] ThirdParty:967 - CMSIS Pack Vendor :STMicroelectronics USB_DEVICE 3.0.0
2025-09-27 08:25:55,489 [INFO] ThirdParty:967 - CMSIS Pack Vendor :STMicroelectronics X-CUBE-ISPU 2.1.0
2025-09-27 08:25:55,489 [INFO] ThirdParty:967 - CMSIS Pack Vendor :STMicroelectronics X-CUBE-EEPRMA1 5.2.0
2025-09-27 08:25:55,489 [INFO] ThirdParty:967 - CMSIS Pack Vendor :STMicroelectronics X-CUBE-AZRTOS-WB 2.0.0
2025-09-27 08:25:55,489 [INFO] ThirdParty:967 - CMSIS Pack Vendor :STMicroelectronics X-CUBE-GNSS1 7.0.1
2025-09-27 08:25:55,489 [INFO] ThirdParty:967 - CMSIS Pack Vendor :STMicroelectronics X-CUBE-NFC12 1.0.0
2025-09-27 08:25:55,489 [INFO] ThirdParty:967 - CMSIS Pack Vendor :STMicroelectronics X-CUBE-AZRTOS-F7 1.1.0
2025-09-27 08:25:55,489 [INFO] ThirdParty:967 - CMSIS Pack Vendor :STMicroelectronics X-CUBE-AZRTOS-L5 2.0.0
2025-09-27 08:25:55,489 [INFO] ThirdParty:967 - CMSIS Pack Vendor :STMicroelectronics X-CUBE-TOUCHGFX 4.25.0
2025-09-27 08:25:55,489 [INFO] ThirdParty:967 - CMSIS Pack Vendor :STMicroelectronics USB_DEVICE 2.0.0
2025-09-27 08:25:55,489 [INFO] ThirdParty:967 - CMSIS Pack Vendor :STMicroelectronics X-CUBE-NFC6 3.1.0
2025-09-27 08:25:55,489 [INFO] ThirdParty:967 - CMSIS Pack Vendor :STMicroelectronics FreeRTOS 0.0.1
2025-09-27 08:25:55,490 [INFO] ThirdParty:967 - CMSIS Pack Vendor :STMicroelectronics X-CUBE-AZRTOS-G0 1.1.0
2025-09-27 08:25:55,490 [INFO] ThirdParty:967 - CMSIS Pack Vendor :STMicroelectronics X-CUBE-SAFEA1 1.2.2
2025-09-27 08:25:55,490 [INFO] ThirdParty:967 - CMSIS Pack Vendor :STMicroelectronics X-CUBE-NFC4 3.0.0
2025-09-27 08:25:55,490 [INFO] ThirdParty:967 - CMSIS Pack Vendor :STMicroelectronics X-CUBE-SUBG2 5.0.0
2025-09-27 08:25:55,490 [INFO] ThirdParty:967 - CMSIS Pack Vendor :STMicroelectronics X-CUBE-AZRTOS-H7RS 1.1.0
2025-09-27 08:25:55,490 [INFO] ThirdParty:967 - CMSIS Pack Vendor :STMicroelectronics lwIP 2.0.3
2025-09-27 08:25:55,490 [INFO] ThirdParty:967 - CMSIS Pack Vendor :STMicroelectronics USB_HOST 1.0.0
2025-09-27 08:25:55,490 [INFO] ThirdParty:967 - CMSIS Pack Vendor :STMicroelectronics X-CUBE-AZRTOS-G4 2.0.0
2025-09-27 08:25:55,490 [INFO] ThirdParty:967 - CMSIS Pack Vendor :STMicroelectronics X-CUBE-WB05N 2.0.0
2025-09-27 08:25:55,490 [INFO] ThirdParty:967 - CMSIS Pack Vendor :STMicroelectronics PDM2PCM 3.1.0
2025-09-27 08:25:55,490 [INFO] ThirdParty:967 - CMSIS Pack Vendor :STMicroelectronics PDM2PCM 3.3.0
2025-09-27 08:25:55,490 [INFO] ThirdParty:967 - CMSIS Pack Vendor :wolfSSL I-CUBE-wolfTPM 3.8.0
2025-09-27 08:25:55,490 [INFO] ThirdParty:967 - CMSIS Pack Vendor :STMicroelectronics X-CUBE-AZRTOS-H7 3.4.0
2025-09-27 08:25:55,490 [INFO] ThirdParty:967 - CMSIS Pack Vendor :wolfSSL I-CUBE-wolfSSH 1.4.20
2025-09-27 08:25:55,490 [INFO] ThirdParty:967 - CMSIS Pack Vendor :STMicroelectronics X-CUBE-NFC7 2.0.0
2025-09-27 08:25:55,491 [INFO] ThirdParty:967 - CMSIS Pack Vendor :STMicroelectronics FP-ATR-SIGFOX1 3.2.0
2025-09-27 08:25:55,491 [INFO] ThirdParty:967 - CMSIS Pack Vendor :STMicroelectronics X-CUBE-NFC10 1.0.0
2025-09-27 08:25:55,491 [INFO] ThirdParty:967 - CMSIS Pack Vendor :STMicroelectronics HAL Drivers 0.0.0
2025-09-27 08:25:55,491 [INFO] ThirdParty:967 - CMSIS Pack Vendor :STMicroelectronics MBEDTLS 2.16.2
2025-09-27 08:25:55,491 [INFO] ThirdParty:967 - CMSIS Pack Vendor :STMicroelectronics MBEDTLS 2.14.1
2025-09-27 08:25:55,491 [INFO] ThirdParty:967 - CMSIS Pack Vendor :STMicroelectronics X-CUBE-STSE01 1.0.0
2025-09-27 08:25:55,491 [INFO] ThirdParty:967 - CMSIS Pack Vendor :STMicroelectronics X-CUBE-AI 10.2.0
2025-09-27 08:25:55,491 [INFO] ThirdParty:967 - CMSIS Pack Vendor :STMicroelectronics X-CUBE-AZRTOS-WL 2.0.0
2025-09-27 08:25:55,491 [INFO] ThirdParty:967 - CMSIS Pack Vendor :SEGGER I-CUBE-embOS 1.3.1
2025-09-27 08:25:55,491 [INFO] ThirdParty:967 - CMSIS Pack Vendor :STMicroelectronics X-CUBE-ALGOBUILD 1.4.0
2025-09-27 08:25:55,491 [INFO] ThirdParty:967 - CMSIS Pack Vendor :STMicroelectronics X-CUBE-MEMS1 11.3.0
2025-09-27 08:25:55,491 [INFO] ThirdParty:967 - CMSIS Pack Vendor :STMicroelectronics USB_DEVICE 1.0.0
2025-09-27 08:25:55,491 [INFO] ThirdParty:967 - CMSIS Pack Vendor :STMicroelectronics X-CUBE-AZRTOS-L4 2.0.0
2025-09-27 08:25:55,491 [INFO] ThirdParty:967 - CMSIS Pack Vendor :STMicroelectronics ThreadX 0.0.2
2025-09-27 08:25:55,492 [INFO] ThirdParty:967 - CMSIS Pack Vendor :STMicroelectronics lwIP 2.1.2
2025-09-27 08:25:55,492 [INFO] ThirdParty:967 - CMSIS Pack Vendor :STMicroelectronics X-CUBE-SFXS2LP1 4.0.0
2025-09-27 08:25:55,492 [INFO] ThirdParty:967 - CMSIS Pack Vendor :STMicroelectronics X-CUBE-BLE2 3.3.0
2025-09-27 08:25:55,492 [INFO] ThirdParty:967 - CMSIS Pack Vendor :STMicroelectronics PDM2PCM 3.2.0
2025-09-27 08:25:55,492 [INFO] ThirdParty:787 - exiting critical section [change project]
2025-09-27 08:25:55,796 [INFO] PinOutPanel:1463 - setPackage(No Configuration,No Configuration)
2025-09-27 08:25:55,797 [INFO] PinOutPanel:1463 - setPackage(STM32F103C6Ux,UFQFPN48)
2025-09-27 08:25:56,296 [INFO] UtilMem:74 - Before build in PCC Used Memory: 792082008 Bytes (1035993088)
2025-09-27 08:25:57,169 [INFO] UtilMem:74 - After build in PCC Used Memory: 896478656 Bytes (1035993088)
2025-09-27 08:25:57,191 [INFO] IPUIPlugin:74 - create IPUIPlugin
2025-09-27 08:25:57,191 [INFO] IPUIPlugin:74 - create IPUIPlugin
2025-09-27 08:25:57,191 [INFO] IPUIPlugin:74 - create IPUIPlugin
2025-09-27 08:25:57,191 [INFO] IPUIPlugin:74 - create IPUIPlugin
2025-09-27 08:25:57,191 [INFO] IPUIPlugin:74 - create IPUIPlugin
2025-09-27 08:25:57,191 [INFO] IPUIPlugin:74 - create IPUIPlugin
2025-09-27 08:25:57,192 [INFO] IPUIPlugin:74 - create IPUIPlugin
2025-09-27 08:25:57,192 [INFO] IPUIPlugin:74 - create IPUIPlugin
2025-09-27 08:25:57,192 [INFO] IPUIPlugin:74 - create IPUIPlugin
2025-09-27 08:25:57,192 [INFO] IPUIPlugin:74 - create IPUIPlugin
2025-09-27 08:25:57,192 [INFO] IPUIPlugin:74 - create IPUIPlugin
2025-09-27 08:25:57,193 [INFO] IPUIPlugin:74 - create IPUIPlugin
2025-09-27 08:25:57,193 [INFO] IPUIPlugin:74 - create IPUIPlugin
2025-09-27 08:25:57,193 [INFO] IPUIPlugin:74 - create IPUIPlugin
2025-09-27 08:25:57,193 [INFO] IPUIPlugin:74 - create IPUIPlugin
2025-09-27 08:25:57,194 [INFO] IPUIPlugin:74 - create IPUIPlugin
2025-09-27 08:25:57,194 [INFO] IPUIPlugin:74 - create IPUIPlugin
2025-09-27 08:25:57,194 [INFO] IPUIPlugin:74 - create IPUIPlugin
2025-09-27 08:25:57,195 [INFO] IPUIPlugin:74 - create IPUIPlugin
2025-09-27 08:25:57,195 [INFO] IPUIPlugin:74 - create IPUIPlugin
2025-09-27 08:25:57,195 [INFO] IPUIPlugin:74 - create IPUIPlugin
2025-09-27 08:25:57,196 [INFO] IPUIPlugin:74 - create IPUIPlugin
2025-09-27 08:25:57,196 [INFO] IPUIPlugin:74 - create IPUIPlugin
2025-09-27 08:25:57,358 [INFO] OpenFileManager:333 - Restore cursor
2025-09-27 08:25:57,597 [INFO] UtilMem:74 - End SaveConfig() Used Memory: 822927872 Bytes (1035993088)
2025-09-27 08:26:01,317 [INFO] MicroXplorer:448 - Change Database Path : 
2025-09-27 08:26:01,317 [INFO] MicroXplorer:478 - Change Database Version : DB.6.0.30
2025-09-27 08:26:01,317 [WARN] ThirdParty:813 - waiting for thirdparty lock release [close project]
2025-09-27 08:26:01,317 [INFO] ThirdParty:815 - entering critical section [close project]
2025-09-27 08:26:01,318 [INFO] ThirdParty:825 - exiting critical section [close project]
2025-09-27 08:26:01,318 [INFO] PinOutPanel:1463 - setPackage(No Configuration,No Configuration)
2025-09-27 08:26:01,348 [INFO] UtilMem:74 - Begin LoadConfig() Used Memory: 890082616 Bytes (1043333120)
2025-09-27 08:26:01,349 [INFO] MicroXplorer:448 - Change Database Path : 
2025-09-27 08:26:01,349 [INFO] MicroXplorer:478 - Change Database Version : DB.6.0.30
2025-09-27 08:26:01,349 [INFO] OpenFileManager:313 - Change cursor
2025-09-27 08:26:01,366 [INFO] RulesReader:57 - Compatibility file has been processed (242 Rules)
2025-09-27 08:26:01,846 [INFO] Context:592 - Trying to add GPIOservice into a context  which must be forbidden
2025-09-27 08:26:02,023 [INFO] ServerAccessManage:362 - Download File stm32cube_fw_f1_v180.zip
2025-09-27 08:26:02,041 [WARN] ApiManager:304 - Cannot register API 'Board Extension:PM33A1' from pack STMicroelectronics.X-CUBE-PM33A1.1.0.0: no header file found
2025-09-27 08:26:02,042 [WARN] ApiManager:304 - Cannot register API 'Board Extension:NFC09A1' from pack STMicroelectronics.X-CUBE-NFC9.1.0.0: no header file found
2025-09-27 08:26:02,045 [WARN] ApiManager:304 - Cannot register API 'Wireless:BlueNRG-MS' from pack STMicroelectronics.X-CUBE-BLE1.7.1.0: no header file found
2025-09-27 08:26:02,048 [WARN] ApiManager:304 - Cannot register API 'Board Extension:EEPRMA2' from pack STMicroelectronics.X-CUBE-EEPRMA1.5.2.0: no header file found
2025-09-27 08:26:02,048 [WARN] ApiManager:304 - Cannot register API 'Board Extension:PGEEZ1' from pack STMicroelectronics.X-CUBE-EEPRMA1.5.2.0: no header file found
2025-09-27 08:26:02,048 [WARN] ApiManager:304 - Cannot register API 'Board Extension:EEICA1' from pack STMicroelectronics.X-CUBE-EEPRMA1.5.2.0: no header file found
2025-09-27 08:26:02,048 [WARN] ApiManager:304 - Cannot register API 'Board Part:M24' from pack STMicroelectronics.X-CUBE-EEPRMA1.5.2.0: no header file found
2025-09-27 08:26:02,049 [WARN] ApiManager:304 - Cannot register API 'Board Part:M95' from pack STMicroelectronics.X-CUBE-EEPRMA1.5.2.0: no header file found
2025-09-27 08:26:02,049 [WARN] ApiManager:304 - Cannot register API 'Board Part:M95P32' from pack STMicroelectronics.X-CUBE-EEPRMA1.5.2.0: no header file found
2025-09-27 08:26:02,049 [WARN] ApiManager:304 - Cannot register API 'Board Part:M24256E-F' from pack STMicroelectronics.X-CUBE-EEPRMA1.5.2.0: no header file found
2025-09-27 08:26:02,049 [WARN] ApiManager:304 - Cannot register API 'Board Part:M24M01E-F' from pack STMicroelectronics.X-CUBE-EEPRMA1.5.2.0: no header file found
2025-09-27 08:26:02,049 [WARN] ApiManager:304 - Cannot register API 'PGEEZ1:SPI' from pack STMicroelectronics.X-CUBE-EEPRMA1.5.2.0: no header file found
2025-09-27 08:26:02,049 [WARN] ApiManager:304 - Cannot register API 'PGEEZ1:QDSPI' from pack STMicroelectronics.X-CUBE-EEPRMA1.5.2.0: no header file found
2025-09-27 08:26:02,051 [WARN] ApiManager:304 - Cannot register API 'Board Extension:GNSS1A1' from pack STMicroelectronics.X-CUBE-GNSS1.7.0.1: no header file found
2025-09-27 08:26:02,051 [WARN] ApiManager:304 - Cannot register API 'Board Support:Custom' from pack STMicroelectronics.X-CUBE-GNSS1.7.0.1: no header file found
2025-09-27 08:26:02,051 [WARN] ApiManager:304 - Cannot register API 'Data Exchange:lib_gnss' from pack STMicroelectronics.X-CUBE-GNSS1.7.0.1: no header file found
2025-09-27 08:26:02,052 [WARN] ApiManager:304 - Cannot register API 'Board Extension:NFC12A1' from pack STMicroelectronics.X-CUBE-NFC12.1.0.0: no header file found
2025-09-27 08:26:02,055 [WARN] ApiManager:304 - Cannot register API 'Board Extension:NFC06A1' from pack STMicroelectronics.X-CUBE-NFC6.3.1.0: no header file found
2025-09-27 08:26:02,056 [WARN] ApiManager:304 - Cannot register API 'Board Extension:NFC08A1' from pack STMicroelectronics.X-CUBE-NFC6.3.1.0: no header file found
2025-09-27 08:26:02,057 [INFO] RtosManager:484 - Registered RTOS mode: class=CMSIS, group=RTOS, mode=CMSIS_V1, owner=FREERTOS
2025-09-27 08:26:02,057 [INFO] RtosManager:484 - Registered RTOS mode: class=CMSIS, group=RTOS2, mode=CMSIS_V2, owner=FREERTOS
2025-09-27 08:26:02,057 [INFO] RtosManager:484 - Registered RTOS mode: class=RTOS, group=Core, mode=CMSIS_V1, owner=FREERTOS
2025-09-27 08:26:02,057 [INFO] RtosManager:484 - Registered RTOS mode: class=RTOS, group=Core, mode=CMSIS_V2, owner=FREERTOS
2025-09-27 08:26:02,057 [WARN] ModelIntegratedComponent:181 - Missing modes for component STMicroelectronics:FreeRTOS:0.0.1:STMicroelectronics:RTOS:FreeRTOS:Core:::10.2.0:
2025-09-27 08:26:02,060 [WARN] ApiManager:304 - Cannot register API 'Board Extension:STSAFEA1' from pack STMicroelectronics.X-CUBE-SAFEA1.1.2.2: no header file found
2025-09-27 08:26:02,060 [WARN] ApiManager:304 - Cannot register API 'Board Part:STSAFEA110' from pack STMicroelectronics.X-CUBE-SAFEA1.1.2.2: no header file found
2025-09-27 08:26:02,060 [WARN] ApiManager:304 - Cannot register API 'Security:ST_Cryptolib' from pack STMicroelectronics.X-CUBE-SAFEA1.1.2.2: no header file found
2025-09-27 08:26:02,060 [WARN] ApiManager:304 - Cannot register API 'Security:MbedTLS' from pack STMicroelectronics.X-CUBE-SAFEA1.1.2.2: no header file found
2025-09-27 08:26:02,061 [WARN] ApiManager:304 - Cannot register API 'Board Extension:NFC04A1' from pack STMicroelectronics.X-CUBE-NFC4.3.0.0: no header file found
2025-09-27 08:26:02,065 [WARN] ApiManager:304 - Cannot register API 'Board Extension:S2868A1' from pack STMicroelectronics.X-CUBE-SUBG2.5.0.0: no header file found
2025-09-27 08:26:02,066 [WARN] ApiManager:304 - Cannot register API 'Board Extension:S2868A2' from pack STMicroelectronics.X-CUBE-SUBG2.5.0.0: no header file found
2025-09-27 08:26:02,066 [WARN] ApiManager:304 - Cannot register API 'Board Extension:S2915A1' from pack STMicroelectronics.X-CUBE-SUBG2.5.0.0: no header file found
2025-09-27 08:26:02,087 [WARN] ApiManager:304 - Cannot register API 'Wireless:STM32WB05N' from pack STMicroelectronics.X-CUBE-WB05N.2.0.0: no header file found
2025-09-27 08:26:02,092 [WARN] ApiManager:304 - Cannot register API 'Board Extension:NFC07A1' from pack STMicroelectronics.X-CUBE-NFC7.2.0.0: no header file found
2025-09-27 08:26:02,093 [WARN] ApiManager:304 - Cannot register API 'Board Extension:NFC10A1' from pack STMicroelectronics.X-CUBE-NFC10.1.0.0: no header file found
2025-09-27 08:26:02,094 [WARN] ModelIntegratedComponent:60 - No mode defined for component null
2025-09-27 08:26:02,095 [WARN] ModelIntegratedComponent:60 - No mode defined for component null
2025-09-27 08:26:02,095 [WARN] ModelIntegratedComponent:60 - No mode defined for component null
2025-09-27 08:26:02,095 [WARN] ModelIntegratedComponent:60 - No mode defined for component null
2025-09-27 08:26:02,095 [WARN] ModelIntegratedComponent:60 - No mode defined for component null
2025-09-27 08:26:02,096 [WARN] ModelIntegratedComponent:60 - No mode defined for component null
2025-09-27 08:26:02,096 [WARN] ModelIntegratedComponent:60 - No mode defined for component null
2025-09-27 08:26:02,096 [WARN] ModelIntegratedComponent:60 - No mode defined for component null
2025-09-27 08:26:02,096 [WARN] ModelIntegratedComponent:60 - No mode defined for component null
2025-09-27 08:26:02,096 [WARN] ModelIntegratedComponent:60 - No mode defined for component null
2025-09-27 08:26:02,096 [WARN] ModelIntegratedComponent:60 - No mode defined for component null
2025-09-27 08:26:02,097 [WARN] ModelIntegratedComponent:60 - No mode defined for component null
2025-09-27 08:26:02,097 [WARN] ModelIntegratedComponent:60 - No mode defined for component null
2025-09-27 08:26:02,097 [WARN] ModelIntegratedComponent:60 - No mode defined for component null
2025-09-27 08:26:02,097 [WARN] ModelIntegratedComponent:60 - No mode defined for component null
2025-09-27 08:26:02,097 [WARN] ModelIntegratedComponent:60 - No mode defined for component null
2025-09-27 08:26:02,097 [WARN] ModelIntegratedComponent:60 - No mode defined for component null
2025-09-27 08:26:02,097 [WARN] ModelIntegratedComponent:60 - No mode defined for component null
2025-09-27 08:26:02,097 [WARN] ModelIntegratedComponent:60 - No mode defined for component null
2025-09-27 08:26:02,098 [WARN] ModelIntegratedComponent:60 - No mode defined for component null
2025-09-27 08:26:02,098 [WARN] ModelIntegratedComponent:60 - No mode defined for component null
2025-09-27 08:26:02,098 [WARN] ModelIntegratedComponent:60 - No mode defined for component null
2025-09-27 08:26:02,098 [WARN] ModelIntegratedComponent:60 - No mode defined for component null
2025-09-27 08:26:02,098 [WARN] ModelIntegratedComponent:60 - No mode defined for component null
2025-09-27 08:26:02,098 [WARN] ModelIntegratedComponent:60 - No mode defined for component null
2025-09-27 08:26:02,099 [WARN] ModelIntegratedComponent:60 - No mode defined for component null
2025-09-27 08:26:02,099 [WARN] ModelIntegratedComponent:60 - No mode defined for component null
2025-09-27 08:26:02,099 [WARN] ModelIntegratedComponent:60 - No mode defined for component null
2025-09-27 08:26:02,099 [WARN] ModelIntegratedComponent:60 - No mode defined for component null
2025-09-27 08:26:02,099 [WARN] ModelIntegratedComponent:60 - No mode defined for component null
2025-09-27 08:26:02,099 [WARN] ModelIntegratedComponent:60 - No mode defined for component null
2025-09-27 08:26:02,102 [WARN] ApiManager:304 - Cannot register API 'Board Extension:SAFEA1' from pack STMicroelectronics.X-CUBE-STSE01.1.0.0: no header file found
2025-09-27 08:26:02,102 [WARN] ApiManager:304 - Cannot register API 'Board Extension:ESE01A1' from pack STMicroelectronics.X-CUBE-STSE01.1.0.0: no header file found
2025-09-27 08:26:02,102 [WARN] ApiManager:304 - Cannot register API 'Board Part:STSAFEA110' from pack STMicroelectronics.X-CUBE-STSE01.1.0.0: no header file found
2025-09-27 08:26:02,102 [WARN] ApiManager:304 - Cannot register API 'Board Part:STSAFEA120' from pack STMicroelectronics.X-CUBE-STSE01.1.0.0: no header file found
2025-09-27 08:26:02,102 [WARN] ApiManager:304 - Cannot register API 'Security:STM32_Cryptographic' from pack STMicroelectronics.X-CUBE-STSE01.1.0.0: no header file found
2025-09-27 08:26:02,103 [WARN] ApiManager:304 - Cannot register API 'Security:STSELib' from pack STMicroelectronics.X-CUBE-STSE01.1.0.0: no header file found
2025-09-27 08:26:02,415 [WARN] ApiManager:304 - Cannot register API 'Board Extension:IKS01A3' from pack STMicroelectronics.X-CUBE-MEMS1.11.3.0: no header file found
2025-09-27 08:26:02,415 [WARN] ApiManager:304 - Cannot register API 'Board Extension:IKS02A1' from pack STMicroelectronics.X-CUBE-MEMS1.11.3.0: no header file found
2025-09-27 08:26:02,415 [WARN] ApiManager:304 - Cannot register API 'Board Extension:IKS4A1' from pack STMicroelectronics.X-CUBE-MEMS1.11.3.0: no header file found
2025-09-27 08:26:02,427 [WARN] ApiManager:304 - Cannot register API 'Board Extension:S2868A1' from pack STMicroelectronics.X-CUBE-SFXS2LP1.4.0.0: no header file found
2025-09-27 08:26:02,428 [WARN] ApiManager:304 - Cannot register API 'Board Extension:S2868A2' from pack STMicroelectronics.X-CUBE-SFXS2LP1.4.0.0: no header file found
2025-09-27 08:26:02,428 [WARN] ApiManager:304 - Cannot register API 'Board Extension:S2915A1' from pack STMicroelectronics.X-CUBE-SFXS2LP1.4.0.0: no header file found
2025-09-27 08:26:02,429 [WARN] ApiManager:304 - Cannot register API 'Wireless:BlueNRG-2' from pack STMicroelectronics.X-CUBE-BLE2.3.3.0: no header file found
2025-09-27 08:26:05,067 [INFO] UtilMem:74 - End LoadConfig() Used Memory: 879947032 Bytes (1043333120)
2025-09-27 08:26:05,068 [WARN] ThirdParty:779 - waiting for thirdparty lock release [change project]
2025-09-27 08:26:05,068 [INFO] ThirdParty:781 - entering critical section [change project]
2025-09-27 08:26:05,068 [INFO] ThirdParty:967 - CMSIS Pack Vendor :STMicroelectronics X-CUBE-PM33A1 1.0.0
2025-09-27 08:26:05,068 [INFO] ThirdParty:967 - CMSIS Pack Vendor :STMicroelectronics X-CUBE-NFC9 1.0.0
2025-09-27 08:26:05,068 [INFO] ThirdParty:967 - CMSIS Pack Vendor :STMicroelectronics USB_HOST 2.0.0
2025-09-27 08:26:05,068 [INFO] ThirdParty:967 - CMSIS Pack Vendor :STMicroelectronics X-CUBE-AZRTOS-F4 1.1.0
2025-09-27 08:26:05,068 [INFO] ThirdParty:967 - CMSIS Pack Vendor :STMicroelectronics FP-ATR-ASTRA1 2.0.2
2025-09-27 08:26:05,069 [INFO] ThirdParty:967 - CMSIS Pack Vendor :wolfSSL I-CUBE-wolfSSL 5.8.2
2025-09-27 08:26:05,069 [INFO] ThirdParty:967 - CMSIS Pack Vendor :STMicroelectronics X-CUBE-BLE1 7.1.0
2025-09-27 08:26:05,069 [INFO] ThirdParty:967 - CMSIS Pack Vendor :wolfSSL I-CUBE-wolfMQTT 1.19.2
2025-09-27 08:26:05,069 [INFO] ThirdParty:967 - CMSIS Pack Vendor :STMicroelectronics USB_DEVICE 3.0.0
2025-09-27 08:26:05,069 [INFO] ThirdParty:967 - CMSIS Pack Vendor :STMicroelectronics X-CUBE-ISPU 2.1.0
2025-09-27 08:26:05,069 [INFO] ThirdParty:967 - CMSIS Pack Vendor :STMicroelectronics X-CUBE-EEPRMA1 5.2.0
2025-09-27 08:26:05,069 [INFO] ThirdParty:967 - CMSIS Pack Vendor :STMicroelectronics X-CUBE-AZRTOS-WB 2.0.0
2025-09-27 08:26:05,069 [INFO] ThirdParty:967 - CMSIS Pack Vendor :STMicroelectronics X-CUBE-GNSS1 7.0.1
2025-09-27 08:26:05,069 [INFO] ThirdParty:967 - CMSIS Pack Vendor :STMicroelectronics X-CUBE-NFC12 1.0.0
2025-09-27 08:26:05,069 [INFO] ThirdParty:967 - CMSIS Pack Vendor :STMicroelectronics X-CUBE-AZRTOS-F7 1.1.0
2025-09-27 08:26:05,069 [INFO] ThirdParty:967 - CMSIS Pack Vendor :STMicroelectronics X-CUBE-AZRTOS-L5 2.0.0
2025-09-27 08:26:05,069 [INFO] ThirdParty:967 - CMSIS Pack Vendor :STMicroelectronics X-CUBE-TOUCHGFX 4.25.0
2025-09-27 08:26:05,070 [INFO] ThirdParty:967 - CMSIS Pack Vendor :STMicroelectronics USB_DEVICE 2.0.0
2025-09-27 08:26:05,070 [INFO] ThirdParty:967 - CMSIS Pack Vendor :STMicroelectronics X-CUBE-NFC6 3.1.0
2025-09-27 08:26:05,070 [INFO] ThirdParty:967 - CMSIS Pack Vendor :STMicroelectronics FreeRTOS 0.0.1
2025-09-27 08:26:05,070 [INFO] ThirdParty:967 - CMSIS Pack Vendor :STMicroelectronics X-CUBE-AZRTOS-G0 1.1.0
2025-09-27 08:26:05,070 [INFO] ThirdParty:967 - CMSIS Pack Vendor :STMicroelectronics X-CUBE-SAFEA1 1.2.2
2025-09-27 08:26:05,070 [INFO] ThirdParty:967 - CMSIS Pack Vendor :STMicroelectronics X-CUBE-NFC4 3.0.0
2025-09-27 08:26:05,070 [INFO] ThirdParty:967 - CMSIS Pack Vendor :STMicroelectronics X-CUBE-SUBG2 5.0.0
2025-09-27 08:26:05,070 [INFO] ThirdParty:967 - CMSIS Pack Vendor :STMicroelectronics X-CUBE-AZRTOS-H7RS 1.1.0
2025-09-27 08:26:05,070 [INFO] ThirdParty:967 - CMSIS Pack Vendor :STMicroelectronics lwIP 2.0.3
2025-09-27 08:26:05,070 [INFO] ThirdParty:967 - CMSIS Pack Vendor :STMicroelectronics USB_HOST 1.0.0
2025-09-27 08:26:05,070 [INFO] ThirdParty:967 - CMSIS Pack Vendor :STMicroelectronics X-CUBE-AZRTOS-G4 2.0.0
2025-09-27 08:26:05,070 [INFO] ThirdParty:967 - CMSIS Pack Vendor :STMicroelectronics X-CUBE-WB05N 2.0.0
2025-09-27 08:26:05,071 [INFO] ThirdParty:967 - CMSIS Pack Vendor :STMicroelectronics PDM2PCM 3.1.0
2025-09-27 08:26:05,071 [INFO] ThirdParty:967 - CMSIS Pack Vendor :STMicroelectronics PDM2PCM 3.3.0
2025-09-27 08:26:05,071 [INFO] ThirdParty:967 - CMSIS Pack Vendor :wolfSSL I-CUBE-wolfTPM 3.8.0
2025-09-27 08:26:05,071 [INFO] ThirdParty:967 - CMSIS Pack Vendor :STMicroelectronics X-CUBE-AZRTOS-H7 3.4.0
2025-09-27 08:26:05,071 [INFO] ThirdParty:967 - CMSIS Pack Vendor :wolfSSL I-CUBE-wolfSSH 1.4.20
2025-09-27 08:26:05,071 [INFO] ThirdParty:967 - CMSIS Pack Vendor :STMicroelectronics X-CUBE-NFC7 2.0.0
2025-09-27 08:26:05,071 [INFO] ThirdParty:967 - CMSIS Pack Vendor :STMicroelectronics FP-ATR-SIGFOX1 3.2.0
2025-09-27 08:26:05,071 [INFO] ThirdParty:967 - CMSIS Pack Vendor :STMicroelectronics X-CUBE-NFC10 1.0.0
2025-09-27 08:26:05,071 [INFO] ThirdParty:967 - CMSIS Pack Vendor :STMicroelectronics HAL Drivers 0.0.0
2025-09-27 08:26:05,071 [INFO] ThirdParty:967 - CMSIS Pack Vendor :STMicroelectronics MBEDTLS 2.16.2
2025-09-27 08:26:05,071 [INFO] ThirdParty:967 - CMSIS Pack Vendor :STMicroelectronics MBEDTLS 2.14.1
2025-09-27 08:26:05,072 [INFO] ThirdParty:967 - CMSIS Pack Vendor :STMicroelectronics X-CUBE-STSE01 1.0.0
2025-09-27 08:26:05,072 [INFO] ThirdParty:967 - CMSIS Pack Vendor :STMicroelectronics X-CUBE-AI 10.2.0
2025-09-27 08:26:05,072 [INFO] ThirdParty:967 - CMSIS Pack Vendor :STMicroelectronics X-CUBE-AZRTOS-WL 2.0.0
2025-09-27 08:26:05,072 [INFO] ThirdParty:967 - CMSIS Pack Vendor :SEGGER I-CUBE-embOS 1.3.1
2025-09-27 08:26:05,072 [INFO] ThirdParty:967 - CMSIS Pack Vendor :STMicroelectronics X-CUBE-ALGOBUILD 1.4.0
2025-09-27 08:26:05,072 [INFO] ThirdParty:967 - CMSIS Pack Vendor :STMicroelectronics X-CUBE-MEMS1 11.3.0
2025-09-27 08:26:05,072 [INFO] ThirdParty:967 - CMSIS Pack Vendor :STMicroelectronics USB_DEVICE 1.0.0
2025-09-27 08:26:05,072 [INFO] ThirdParty:967 - CMSIS Pack Vendor :STMicroelectronics X-CUBE-AZRTOS-L4 2.0.0
2025-09-27 08:26:05,072 [INFO] ThirdParty:967 - CMSIS Pack Vendor :STMicroelectronics ThreadX 0.0.2
2025-09-27 08:26:05,072 [INFO] ThirdParty:967 - CMSIS Pack Vendor :STMicroelectronics lwIP 2.1.2
2025-09-27 08:26:05,072 [INFO] ThirdParty:967 - CMSIS Pack Vendor :STMicroelectronics X-CUBE-SFXS2LP1 4.0.0
2025-09-27 08:26:05,072 [INFO] ThirdParty:967 - CMSIS Pack Vendor :STMicroelectronics X-CUBE-BLE2 3.3.0
2025-09-27 08:26:05,073 [INFO] ThirdParty:967 - CMSIS Pack Vendor :STMicroelectronics PDM2PCM 3.2.0
2025-09-27 08:26:05,073 [INFO] ThirdParty:787 - exiting critical section [change project]
2025-09-27 08:26:05,195 [INFO] PinOutPanel:1463 - setPackage(No Configuration,No Configuration)
2025-09-27 08:26:05,196 [INFO] PinOutPanel:1463 - setPackage(STM32F103C6Ux,UFQFPN48)
2025-09-27 08:26:05,464 [INFO] UtilMem:74 - Before build in PCC Used Memory: 942459824 Bytes (1043333120)
2025-09-27 08:26:05,753 [INFO] UtilMem:74 - After build in PCC Used Memory: 887621632 Bytes (1043333120)
2025-09-27 08:26:05,771 [INFO] IPUIPlugin:74 - create IPUIPlugin
2025-09-27 08:26:05,771 [INFO] IPUIPlugin:74 - create IPUIPlugin
2025-09-27 08:26:05,771 [INFO] IPUIPlugin:74 - create IPUIPlugin
2025-09-27 08:26:05,771 [INFO] IPUIPlugin:74 - create IPUIPlugin
2025-09-27 08:26:05,771 [INFO] IPUIPlugin:74 - create IPUIPlugin
2025-09-27 08:26:05,772 [INFO] IPUIPlugin:74 - create IPUIPlugin
2025-09-27 08:26:05,772 [INFO] IPUIPlugin:74 - create IPUIPlugin
2025-09-27 08:26:05,772 [INFO] IPUIPlugin:74 - create IPUIPlugin
2025-09-27 08:26:05,772 [INFO] IPUIPlugin:74 - create IPUIPlugin
2025-09-27 08:26:05,772 [INFO] IPUIPlugin:74 - create IPUIPlugin
2025-09-27 08:26:05,773 [INFO] IPUIPlugin:74 - create IPUIPlugin
2025-09-27 08:26:05,773 [INFO] IPUIPlugin:74 - create IPUIPlugin
2025-09-27 08:26:05,773 [INFO] IPUIPlugin:74 - create IPUIPlugin
2025-09-27 08:26:05,773 [INFO] IPUIPlugin:74 - create IPUIPlugin
2025-09-27 08:26:05,774 [INFO] IPUIPlugin:74 - create IPUIPlugin
2025-09-27 08:26:05,774 [INFO] IPUIPlugin:74 - create IPUIPlugin
2025-09-27 08:26:05,774 [INFO] IPUIPlugin:74 - create IPUIPlugin
2025-09-27 08:26:05,775 [INFO] IPUIPlugin:74 - create IPUIPlugin
2025-09-27 08:26:05,775 [INFO] IPUIPlugin:74 - create IPUIPlugin
2025-09-27 08:26:05,775 [INFO] IPUIPlugin:74 - create IPUIPlugin
2025-09-27 08:26:05,776 [INFO] IPUIPlugin:74 - create IPUIPlugin
2025-09-27 08:26:05,777 [INFO] IPUIPlugin:74 - create IPUIPlugin
2025-09-27 08:26:05,777 [INFO] IPUIPlugin:74 - create IPUIPlugin
2025-09-27 08:26:05,784 [INFO] OpenFileManager:333 - Restore cursor
2025-09-27 08:26:05,919 [ERROR] LogOutputStream:74 - [STDERR_REDIRECT] Exception in thread "AWT-EventQueue-0" java.lang.NullPointerException
2025-09-27 08:26:05,920 [ERROR] LogOutputStream:74 - [STDERR_REDIRECT] 	at com.st.stm32cube.common.mx.editor.CubeMxEditor$20.run(CubeMxEditor.java:2136)
2025-09-27 08:26:05,922 [ERROR] LogOutputStream:74 - [STDERR_REDIRECT] 	at com.st.stm32cube.common.mx.oss.core.awtswtbridge.AwtEnvironment$2.run(AwtEnvironment.java:166)
2025-09-27 08:26:05,924 [ERROR] LogOutputStream:74 - [STDERR_REDIRECT] 	at java.desktop/java.awt.event.InvocationEvent.dispatch(InvocationEvent.java:313)
2025-09-27 08:26:05,926 [ERROR] LogOutputStream:74 - [STDERR_REDIRECT] 	at java.desktop/java.awt.EventQueue.dispatchEventImpl(EventQueue.java:770)
2025-09-27 08:26:05,927 [ERROR] LogOutputStream:74 - [STDERR_REDIRECT] 	at java.desktop/java.awt.EventQueue$4.run(EventQueue.java:721)
2025-09-27 08:26:05,929 [ERROR] LogOutputStream:74 - [STDERR_REDIRECT] 	at java.desktop/java.awt.EventQueue$4.run(EventQueue.java:715)
2025-09-27 08:26:05,931 [ERROR] LogOutputStream:74 - [STDERR_REDIRECT] 	at java.base/java.security.AccessController.doPrivileged(Native Method)
2025-09-27 08:26:05,933 [ERROR] LogOutputStream:74 - [STDERR_REDIRECT] 	at java.base/java.security.ProtectionDomain$JavaSecurityAccessImpl.doIntersectionPrivilege(ProtectionDomain.java:85)
2025-09-27 08:26:05,935 [ERROR] LogOutputStream:74 - [STDERR_REDIRECT] 	at java.desktop/java.awt.EventQueue.dispatchEvent(EventQueue.java:740)
2025-09-27 08:26:05,936 [ERROR] LogOutputStream:74 - [STDERR_REDIRECT] 	at java.desktop/java.awt.EventDispatchThread.pumpOneEventForFilters(EventDispatchThread.java:203)
2025-09-27 08:26:05,938 [ERROR] LogOutputStream:74 - [STDERR_REDIRECT] 	at java.desktop/java.awt.EventDispatchThread.pumpEventsForFilter(EventDispatchThread.java:124)
2025-09-27 08:26:05,943 [ERROR] LogOutputStream:74 - [STDERR_REDIRECT] 	at java.desktop/java.awt.EventDispatchThread.pumpEventsForFilter(EventDispatchThread.java:117)
2025-09-27 08:26:05,945 [ERROR] LogOutputStream:74 - [STDERR_REDIRECT] 	at java.desktop/java.awt.WaitDispatchSupport$2.run(WaitDispatchSupport.java:190)
2025-09-27 08:26:05,947 [ERROR] LogOutputStream:74 - [STDERR_REDIRECT] 	at java.desktop/java.awt.WaitDispatchSupport$4.run(WaitDispatchSupport.java:235)
2025-09-27 08:26:05,949 [ERROR] LogOutputStream:74 - [STDERR_REDIRECT] 	at java.desktop/java.awt.WaitDispatchSupport$4.run(WaitDispatchSupport.java:233)
2025-09-27 08:26:05,950 [ERROR] LogOutputStream:74 - [STDERR_REDIRECT] 	at java.base/java.security.AccessController.doPrivileged(Native Method)
2025-09-27 08:26:05,952 [ERROR] LogOutputStream:74 - [STDERR_REDIRECT] 	at java.desktop/java.awt.WaitDispatchSupport.enter(WaitDispatchSupport.java:233)
2025-09-27 08:26:05,953 [ERROR] LogOutputStream:74 - [STDERR_REDIRECT] 	at java.desktop/java.awt.Dialog.show(Dialog.java:1070)
2025-09-27 08:26:05,956 [ERROR] LogOutputStream:74 - [STDERR_REDIRECT] 	at com.st.microxplorer.plugins.updater.gui.ProgressBarDialog.startProgressBar(ProgressBarDialog.java:149)
2025-09-27 08:26:05,957 [ERROR] LogOutputStream:74 - [STDERR_REDIRECT] 	at com.st.microxplorer.plugins.updater.engine.MainUpdater.loadFirmwareName(MainUpdater.java:2260)
2025-09-27 08:26:05,959 [ERROR] LogOutputStream:74 - [STDERR_REDIRECT] 	at com.st.microxplorer.plugins.updater.Updater.getSpecificTask(Updater.java:329)
2025-09-27 08:26:05,961 [ERROR] LogOutputStream:74 - [STDERR_REDIRECT] 	at com.st.microxplorer.plugins.projectmanager.engine.MainProjectManager.startGenerateCode(MainProjectManager.java:1416)
2025-09-27 08:26:05,963 [ERROR] LogOutputStream:74 - [STDERR_REDIRECT] 	at com.st.stm32cube.common.mx.editor.CubeMxEditor.doGenerate(CubeMxEditor.java:2446)
2025-09-27 08:26:05,965 [ERROR] LogOutputStream:74 - [STDERR_REDIRECT] 	at com.st.stm32cube.common.mx.editor.CubeMxEditor$20.run(CubeMxEditor.java:2166)
2025-09-27 08:26:05,966 [ERROR] LogOutputStream:74 - [STDERR_REDIRECT] 	at com.st.stm32cube.common.mx.oss.core.awtswtbridge.AwtEnvironment$2.run(AwtEnvironment.java:166)
2025-09-27 08:26:05,968 [ERROR] LogOutputStream:74 - [STDERR_REDIRECT] 	at java.desktop/java.awt.event.InvocationEvent.dispatch(InvocationEvent.java:313)
2025-09-27 08:26:05,970 [ERROR] LogOutputStream:74 - [STDERR_REDIRECT] 	at java.desktop/java.awt.EventQueue.dispatchEventImpl(EventQueue.java:770)
2025-09-27 08:26:05,971 [ERROR] LogOutputStream:74 - [STDERR_REDIRECT] 	at java.desktop/java.awt.EventQueue$4.run(EventQueue.java:721)
2025-09-27 08:26:05,972 [ERROR] LogOutputStream:74 - [STDERR_REDIRECT] 	at java.desktop/java.awt.EventQueue$4.run(EventQueue.java:715)
2025-09-27 08:26:05,973 [ERROR] LogOutputStream:74 - [STDERR_REDIRECT] 	at java.base/java.security.AccessController.doPrivileged(Native Method)
2025-09-27 08:26:05,976 [ERROR] LogOutputStream:74 - [STDERR_REDIRECT] 	at java.base/java.security.ProtectionDomain$JavaSecurityAccessImpl.doIntersectionPrivilege(ProtectionDomain.java:85)
2025-09-27 08:26:05,977 [ERROR] LogOutputStream:74 - [STDERR_REDIRECT] 	at java.desktop/java.awt.EventQueue.dispatchEvent(EventQueue.java:740)
2025-09-27 08:26:05,979 [ERROR] LogOutputStream:74 - [STDERR_REDIRECT] 	at java.desktop/java.awt.EventDispatchThread.pumpOneEventForFilters(EventDispatchThread.java:203)
2025-09-27 08:26:05,981 [ERROR] LogOutputStream:74 - [STDERR_REDIRECT] 	at java.desktop/java.awt.EventDispatchThread.pumpEventsForFilter(EventDispatchThread.java:124)
2025-09-27 08:26:05,982 [ERROR] LogOutputStream:74 - [STDERR_REDIRECT] 	at java.desktop/java.awt.EventDispatchThread.pumpEventsForHierarchy(EventDispatchThread.java:113)
2025-09-27 08:26:05,984 [ERROR] LogOutputStream:74 - [STDERR_REDIRECT] 	at java.desktop/java.awt.EventDispatchThread.pumpEvents(EventDispatchThread.java:109)
2025-09-27 08:26:05,985 [ERROR] LogOutputStream:74 - [STDERR_REDIRECT] 	at java.desktop/java.awt.EventDispatchThread.pumpEvents(EventDispatchThread.java:101)
2025-09-27 08:26:05,986 [ERROR] LogOutputStream:74 - [STDERR_REDIRECT] 	at java.desktop/java.awt.EventDispatchThread.run(EventDispatchThread.java:90)
2025-09-27 08:26:10,625 [ERROR] FileExtend:450 - File entry not found
2025-09-27 08:26:10,626 [INFO] FileExtend:235 - Unzip File : stm32cube_fw_f1_v180.zip
2025-09-27 08:26:10,626 [INFO] FileExtend:250 - Standard Zip Deflate
2025-09-27 08:26:28,750 [INFO] ServerAccessManage:362 - Download File stm32cube_fw_f1_v186.zip
2025-09-27 08:26:32,220 [INFO] FileExtend:235 - Unzip File : stm32cube_fw_f1_v186.zip
2025-09-27 08:26:32,220 [INFO] FileExtend:250 - Standard Zip Deflate
2025-09-27 08:26:41,915 [INFO] LoadServerPackagesThread:180 - End of LoadServerPackages Thread
2025-09-27 08:26:42,180 [INFO] UtilMem:74 - End SaveConfig() Used Memory: 1031076456 Bytes (1073741824)
2025-09-27 08:26:43,095 [INFO] BlockDiagram:2740 - set Specific Code input for plugin: NVIC
2025-09-27 08:26:43,095 [INFO] BlockDiagram:2740 - set Specific Code input for plugin: SYS
2025-09-27 08:26:43,096 [INFO] BlockDiagram:2740 - set Specific Code input for plugin: GPIO
2025-09-27 08:26:43,096 [INFO] BlockDiagram:2740 - set Specific Code input for plugin: RCC
2025-09-27 08:26:43,097 [INFO] CodeGenerator:663 - code generatio: config db path: G:\Study\ViXuLy\stm32cubeide_1.7.0\STM32CubeIDE\plugins\com.st.stm32cube.common.mx_6.3.0.202107141111\\db\
2025-09-27 08:26:44,829 [INFO] CodeEngine:239 - oldGeneratedFile, G:\Study\ViXuLy\Git\another\VXL-1652026-Lab-1\lab1-ex2\lab1-ex2\MXTmpFiles\license.tmp_save
2025-09-27 08:26:44,868 [INFO] MainUpdater:2671 - connection check result : 10
2025-09-27 08:26:44,869 [INFO] MainUpdater:2671 - connection check result : 10
2025-09-27 08:26:45,360 [INFO] CodeEngine:257 - Generated code: G:\Study\ViXuLy\Git\another\VXL-1652026-Lab-1\lab1-ex2\lab1-ex2\MXTmpFiles\license.tmp
2025-09-27 08:26:45,499 [INFO] CheckServerUpdateThread:112 - End of CheckServer Thread
2025-09-27 08:26:45,556 [INFO] CodeEngine:239 - oldGeneratedFile, G:\Study\ViXuLy\Git\another\VXL-1652026-Lab-1\lab1-ex2\lab1-ex2\MXTmpFiles\gpio.tmp_save
2025-09-27 08:26:45,692 [INFO] CodeEngine:257 - Generated code: G:\Study\ViXuLy\Git\another\VXL-1652026-Lab-1\lab1-ex2\lab1-ex2\MXTmpFiles\gpio.tmp
2025-09-27 08:26:45,756 [INFO] CodeEngine:239 - oldGeneratedFile, G:\Study\ViXuLy\Git\another\VXL-1652026-Lab-1\lab1-ex2\lab1-ex2\Core\Src\stm32f1xx_it.c_save
2025-09-27 08:26:45,907 [INFO] CodeEngine:257 - Generated code: G:\Study\ViXuLy\Git\another\VXL-1652026-Lab-1\lab1-ex2\lab1-ex2\Core\Src\stm32f1xx_it.c
2025-09-27 08:26:45,941 [INFO] CodeEngine:239 - oldGeneratedFile, G:\Study\ViXuLy\Git\another\VXL-1652026-Lab-1\lab1-ex2\lab1-ex2\Core\Inc\stm32f1xx_it.h_save
2025-09-27 08:26:46,085 [INFO] CodeEngine:257 - Generated code: G:\Study\ViXuLy\Git\another\VXL-1652026-Lab-1\lab1-ex2\lab1-ex2\Core\Inc\stm32f1xx_it.h
2025-09-27 08:26:46,118 [INFO] CodeEngine:239 - oldGeneratedFile, G:\Study\ViXuLy\Git\another\VXL-1652026-Lab-1\lab1-ex2\lab1-ex2\Core\Src\stm32f1xx_hal_msp.c_save
2025-09-27 08:26:46,298 [INFO] CodeEngine:257 - Generated code: G:\Study\ViXuLy\Git\another\VXL-1652026-Lab-1\lab1-ex2\lab1-ex2\Core\Src\stm32f1xx_hal_msp.c
2025-09-27 08:26:46,310 [INFO] CodeEngine:239 - oldGeneratedFile, G:\Study\ViXuLy\Git\another\VXL-1652026-Lab-1\lab1-ex2\lab1-ex2\MXTmpFiles\system.tmp_save
2025-09-27 08:26:46,411 [INFO] CodeEngine:257 - Generated code: G:\Study\ViXuLy\Git\another\VXL-1652026-Lab-1\lab1-ex2\lab1-ex2\MXTmpFiles\system.tmp
2025-09-27 08:26:46,443 [INFO] CodeEngine:239 - oldGeneratedFile, G:\Study\ViXuLy\Git\another\VXL-1652026-Lab-1\lab1-ex2\lab1-ex2\Core\Inc\stm32f1xx_hal_conf.h_save
2025-09-27 08:26:46,573 [INFO] CodeEngine:257 - Generated code: G:\Study\ViXuLy\Git\another\VXL-1652026-Lab-1\lab1-ex2\lab1-ex2\Core\Inc\stm32f1xx_hal_conf.h
2025-09-27 08:26:46,667 [INFO] CodeEngine:239 - oldGeneratedFile, G:\Study\ViXuLy\Git\another\VXL-1652026-Lab-1\lab1-ex2\lab1-ex2\Core\Inc\main.h_save
2025-09-27 08:26:46,785 [INFO] CodeEngine:257 - Generated code: G:\Study\ViXuLy\Git\another\VXL-1652026-Lab-1\lab1-ex2\lab1-ex2\Core\Inc\main.h
2025-09-27 08:26:46,807 [INFO] CodeEngine:239 - oldGeneratedFile, G:\Study\ViXuLy\Git\another\VXL-1652026-Lab-1\lab1-ex2\lab1-ex2\Core\Src\main.c_save
2025-09-27 08:26:46,952 [INFO] CodeEngine:257 - Generated code: G:\Study\ViXuLy\Git\another\VXL-1652026-Lab-1\lab1-ex2\lab1-ex2\Core\Src\main.c
2025-09-27 08:26:48,472 [INFO] ProjectBuilder:2578 - Time for Copy HAL[1] : 53mS.
2025-09-27 08:26:48,477 [INFO] ProjectBuilder:3622 - Project Generator version: 3.14.1
2025-09-27 08:26:49,012 [INFO] ConfigFileManager:1271 - The Die is : DIE412
2025-09-27 08:26:49,052 [INFO] ApiDbMcu:468 - Load IP Config File for FATFS
2025-09-27 08:26:49,116 [INFO] ApiDbMcu:468 - Load IP Config File for FREERTOS
2025-09-27 08:26:49,165 [INFO] ApiDbMcu:468 - Load IP Config File for USB_DEVICE
2025-09-27 08:26:58,463 [INFO] ProjectBuilder:3789 - Time for Generating toolchain IDE Files: 9986mS.
2025-09-27 08:26:58,464 [INFO] ProjectBuilder:2457 - Time for Copy CMSIS : 1mS.
2025-09-27 08:26:58,466 [INFO] ProjectBuilder:2457 - Time for Copy CMSIS : 1mS.
2025-09-27 08:26:58,547 [INFO] MicroXplorer:448 - Change Database Path : 
2025-09-27 08:26:58,548 [INFO] MicroXplorer:478 - Change Database Version : DB.6.0.30
2025-09-27 08:26:58,548 [WARN] ThirdParty:813 - waiting for thirdparty lock release [close project]
2025-09-27 08:26:58,548 [INFO] ThirdParty:815 - entering critical section [close project]
2025-09-27 08:26:58,548 [INFO] ThirdParty:825 - exiting critical section [close project]
2025-09-27 08:26:58,549 [INFO] PinOutPanel:1463 - setPackage(No Configuration,No Configuration)
2025-09-27 08:26:58,551 [INFO] UtilMem:74 - Begin LoadConfig() Used Memory: 1010488632 Bytes (1073741824)
2025-09-27 08:26:58,551 [INFO] MicroXplorer:448 - Change Database Path : 
2025-09-27 08:26:58,551 [INFO] MicroXplorer:478 - Change Database Version : DB.6.0.30
2025-09-27 08:26:58,551 [INFO] OpenFileManager:313 - Change cursor
2025-09-27 08:26:58,580 [INFO] RulesReader:57 - Compatibility file has been processed (242 Rules)
2025-09-27 08:26:59,353 [INFO] Context:592 - Trying to add GPIOservice into a context  which must be forbidden
2025-09-27 08:26:59,585 [WARN] ApiManager:304 - Cannot register API 'Board Extension:PM33A1' from pack STMicroelectronics.X-CUBE-PM33A1.1.0.0: no header file found
2025-09-27 08:26:59,587 [WARN] ApiManager:304 - Cannot register API 'Board Extension:NFC09A1' from pack STMicroelectronics.X-CUBE-NFC9.1.0.0: no header file found
2025-09-27 08:26:59,589 [WARN] ApiManager:304 - Cannot register API 'Wireless:BlueNRG-MS' from pack STMicroelectronics.X-CUBE-BLE1.7.1.0: no header file found
2025-09-27 08:26:59,591 [WARN] ApiManager:304 - Cannot register API 'Board Extension:EEPRMA2' from pack STMicroelectronics.X-CUBE-EEPRMA1.5.2.0: no header file found
2025-09-27 08:26:59,591 [WARN] ApiManager:304 - Cannot register API 'Board Extension:PGEEZ1' from pack STMicroelectronics.X-CUBE-EEPRMA1.5.2.0: no header file found
2025-09-27 08:26:59,591 [WARN] ApiManager:304 - Cannot register API 'Board Extension:EEICA1' from pack STMicroelectronics.X-CUBE-EEPRMA1.5.2.0: no header file found
2025-09-27 08:26:59,591 [WARN] ApiManager:304 - Cannot register API 'Board Part:M24' from pack STMicroelectronics.X-CUBE-EEPRMA1.5.2.0: no header file found
2025-09-27 08:26:59,591 [WARN] ApiManager:304 - Cannot register API 'Board Part:M95' from pack STMicroelectronics.X-CUBE-EEPRMA1.5.2.0: no header file found
2025-09-27 08:26:59,591 [WARN] ApiManager:304 - Cannot register API 'Board Part:M95P32' from pack STMicroelectronics.X-CUBE-EEPRMA1.5.2.0: no header file found
2025-09-27 08:26:59,591 [WARN] ApiManager:304 - Cannot register API 'Board Part:M24256E-F' from pack STMicroelectronics.X-CUBE-EEPRMA1.5.2.0: no header file found
2025-09-27 08:26:59,591 [WARN] ApiManager:304 - Cannot register API 'Board Part:M24M01E-F' from pack STMicroelectronics.X-CUBE-EEPRMA1.5.2.0: no header file found
2025-09-27 08:26:59,591 [WARN] ApiManager:304 - Cannot register API 'PGEEZ1:SPI' from pack STMicroelectronics.X-CUBE-EEPRMA1.5.2.0: no header file found
2025-09-27 08:26:59,591 [WARN] ApiManager:304 - Cannot register API 'PGEEZ1:QDSPI' from pack STMicroelectronics.X-CUBE-EEPRMA1.5.2.0: no header file found
2025-09-27 08:26:59,593 [WARN] ApiManager:304 - Cannot register API 'Board Extension:GNSS1A1' from pack STMicroelectronics.X-CUBE-GNSS1.7.0.1: no header file found
2025-09-27 08:26:59,593 [WARN] ApiManager:304 - Cannot register API 'Board Support:Custom' from pack STMicroelectronics.X-CUBE-GNSS1.7.0.1: no header file found
2025-09-27 08:26:59,593 [WARN] ApiManager:304 - Cannot register API 'Data Exchange:lib_gnss' from pack STMicroelectronics.X-CUBE-GNSS1.7.0.1: no header file found
2025-09-27 08:26:59,594 [WARN] ApiManager:304 - Cannot register API 'Board Extension:NFC12A1' from pack STMicroelectronics.X-CUBE-NFC12.1.0.0: no header file found
2025-09-27 08:26:59,597 [WARN] ApiManager:304 - Cannot register API 'Board Extension:NFC06A1' from pack STMicroelectronics.X-CUBE-NFC6.3.1.0: no header file found
2025-09-27 08:26:59,597 [WARN] ApiManager:304 - Cannot register API 'Board Extension:NFC08A1' from pack STMicroelectronics.X-CUBE-NFC6.3.1.0: no header file found
2025-09-27 08:26:59,597 [INFO] RtosManager:484 - Registered RTOS mode: class=CMSIS, group=RTOS, mode=CMSIS_V1, owner=FREERTOS
2025-09-27 08:26:59,597 [INFO] RtosManager:484 - Registered RTOS mode: class=CMSIS, group=RTOS2, mode=CMSIS_V2, owner=FREERTOS
2025-09-27 08:26:59,598 [INFO] RtosManager:484 - Registered RTOS mode: class=RTOS, group=Core, mode=CMSIS_V1, owner=FREERTOS
2025-09-27 08:26:59,598 [INFO] RtosManager:484 - Registered RTOS mode: class=RTOS, group=Core, mode=CMSIS_V2, owner=FREERTOS
2025-09-27 08:26:59,598 [WARN] ModelIntegratedComponent:181 - Missing modes for component STMicroelectronics:FreeRTOS:0.0.1:STMicroelectronics:RTOS:FreeRTOS:Core:::10.2.0:
2025-09-27 08:26:59,599 [WARN] ApiManager:304 - Cannot register API 'Board Extension:STSAFEA1' from pack STMicroelectronics.X-CUBE-SAFEA1.1.2.2: no header file found
2025-09-27 08:26:59,600 [WARN] ApiManager:304 - Cannot register API 'Board Part:STSAFEA110' from pack STMicroelectronics.X-CUBE-SAFEA1.1.2.2: no header file found
2025-09-27 08:26:59,600 [WARN] ApiManager:304 - Cannot register API 'Security:ST_Cryptolib' from pack STMicroelectronics.X-CUBE-SAFEA1.1.2.2: no header file found
2025-09-27 08:26:59,600 [WARN] ApiManager:304 - Cannot register API 'Security:MbedTLS' from pack STMicroelectronics.X-CUBE-SAFEA1.1.2.2: no header file found
2025-09-27 08:26:59,601 [WARN] ApiManager:304 - Cannot register API 'Board Extension:NFC04A1' from pack STMicroelectronics.X-CUBE-NFC4.3.0.0: no header file found
2025-09-27 08:26:59,606 [WARN] ApiManager:304 - Cannot register API 'Board Extension:S2868A1' from pack STMicroelectronics.X-CUBE-SUBG2.5.0.0: no header file found
2025-09-27 08:26:59,606 [WARN] ApiManager:304 - Cannot register API 'Board Extension:S2868A2' from pack STMicroelectronics.X-CUBE-SUBG2.5.0.0: no header file found
2025-09-27 08:26:59,606 [WARN] ApiManager:304 - Cannot register API 'Board Extension:S2915A1' from pack STMicroelectronics.X-CUBE-SUBG2.5.0.0: no header file found
2025-09-27 08:26:59,610 [WARN] ApiManager:304 - Cannot register API 'Wireless:STM32WB05N' from pack STMicroelectronics.X-CUBE-WB05N.2.0.0: no header file found
2025-09-27 08:26:59,613 [WARN] ApiManager:304 - Cannot register API 'Board Extension:NFC07A1' from pack STMicroelectronics.X-CUBE-NFC7.2.0.0: no header file found
2025-09-27 08:26:59,614 [WARN] ApiManager:304 - Cannot register API 'Board Extension:NFC10A1' from pack STMicroelectronics.X-CUBE-NFC10.1.0.0: no header file found
2025-09-27 08:26:59,615 [WARN] ModelIntegratedComponent:60 - No mode defined for component null
2025-09-27 08:26:59,615 [WARN] ModelIntegratedComponent:60 - No mode defined for component null
2025-09-27 08:26:59,615 [WARN] ModelIntegratedComponent:60 - No mode defined for component null
2025-09-27 08:26:59,615 [WARN] ModelIntegratedComponent:60 - No mode defined for component null
2025-09-27 08:26:59,615 [WARN] ModelIntegratedComponent:60 - No mode defined for component null
2025-09-27 08:26:59,615 [WARN] ModelIntegratedComponent:60 - No mode defined for component null
2025-09-27 08:26:59,615 [WARN] ModelIntegratedComponent:60 - No mode defined for component null
2025-09-27 08:26:59,615 [WARN] ModelIntegratedComponent:60 - No mode defined for component null
2025-09-27 08:26:59,615 [WARN] ModelIntegratedComponent:60 - No mode defined for component null
2025-09-27 08:26:59,615 [WARN] ModelIntegratedComponent:60 - No mode defined for component null
2025-09-27 08:26:59,615 [WARN] ModelIntegratedComponent:60 - No mode defined for component null
2025-09-27 08:26:59,616 [WARN] ModelIntegratedComponent:60 - No mode defined for component null
2025-09-27 08:26:59,616 [WARN] ModelIntegratedComponent:60 - No mode defined for component null
2025-09-27 08:26:59,616 [WARN] ModelIntegratedComponent:60 - No mode defined for component null
2025-09-27 08:26:59,616 [WARN] ModelIntegratedComponent:60 - No mode defined for component null
2025-09-27 08:26:59,616 [WARN] ModelIntegratedComponent:60 - No mode defined for component null
2025-09-27 08:26:59,616 [WARN] ModelIntegratedComponent:60 - No mode defined for component null
2025-09-27 08:26:59,617 [WARN] ModelIntegratedComponent:60 - No mode defined for component null
2025-09-27 08:26:59,617 [WARN] ModelIntegratedComponent:60 - No mode defined for component null
2025-09-27 08:26:59,617 [WARN] ModelIntegratedComponent:60 - No mode defined for component null
2025-09-27 08:26:59,617 [WARN] ModelIntegratedComponent:60 - No mode defined for component null
2025-09-27 08:26:59,617 [WARN] ModelIntegratedComponent:60 - No mode defined for component null
2025-09-27 08:26:59,617 [WARN] ModelIntegratedComponent:60 - No mode defined for component null
2025-09-27 08:26:59,617 [WARN] ModelIntegratedComponent:60 - No mode defined for component null
2025-09-27 08:26:59,617 [WARN] ModelIntegratedComponent:60 - No mode defined for component null
2025-09-27 08:26:59,617 [WARN] ModelIntegratedComponent:60 - No mode defined for component null
2025-09-27 08:26:59,617 [WARN] ModelIntegratedComponent:60 - No mode defined for component null
2025-09-27 08:26:59,617 [WARN] ModelIntegratedComponent:60 - No mode defined for component null
2025-09-27 08:26:59,618 [WARN] ModelIntegratedComponent:60 - No mode defined for component null
2025-09-27 08:26:59,618 [WARN] ModelIntegratedComponent:60 - No mode defined for component null
2025-09-27 08:26:59,618 [WARN] ModelIntegratedComponent:60 - No mode defined for component null
2025-09-27 08:26:59,619 [WARN] ApiManager:304 - Cannot register API 'Board Extension:SAFEA1' from pack STMicroelectronics.X-CUBE-STSE01.1.0.0: no header file found
2025-09-27 08:26:59,619 [WARN] ApiManager:304 - Cannot register API 'Board Extension:ESE01A1' from pack STMicroelectronics.X-CUBE-STSE01.1.0.0: no header file found
2025-09-27 08:26:59,619 [WARN] ApiManager:304 - Cannot register API 'Board Part:STSAFEA110' from pack STMicroelectronics.X-CUBE-STSE01.1.0.0: no header file found
2025-09-27 08:26:59,620 [WARN] ApiManager:304 - Cannot register API 'Board Part:STSAFEA120' from pack STMicroelectronics.X-CUBE-STSE01.1.0.0: no header file found
2025-09-27 08:26:59,620 [WARN] ApiManager:304 - Cannot register API 'Security:STM32_Cryptographic' from pack STMicroelectronics.X-CUBE-STSE01.1.0.0: no header file found
2025-09-27 08:26:59,620 [WARN] ApiManager:304 - Cannot register API 'Security:STSELib' from pack STMicroelectronics.X-CUBE-STSE01.1.0.0: no header file found
2025-09-27 08:27:00,022 [WARN] ApiManager:304 - Cannot register API 'Board Extension:IKS01A3' from pack STMicroelectronics.X-CUBE-MEMS1.11.3.0: no header file found
2025-09-27 08:27:00,023 [WARN] ApiManager:304 - Cannot register API 'Board Extension:IKS02A1' from pack STMicroelectronics.X-CUBE-MEMS1.11.3.0: no header file found
2025-09-27 08:27:00,023 [WARN] ApiManager:304 - Cannot register API 'Board Extension:IKS4A1' from pack STMicroelectronics.X-CUBE-MEMS1.11.3.0: no header file found
2025-09-27 08:27:00,037 [WARN] ApiManager:304 - Cannot register API 'Board Extension:S2868A1' from pack STMicroelectronics.X-CUBE-SFXS2LP1.4.0.0: no header file found
2025-09-27 08:27:00,037 [WARN] ApiManager:304 - Cannot register API 'Board Extension:S2868A2' from pack STMicroelectronics.X-CUBE-SFXS2LP1.4.0.0: no header file found
2025-09-27 08:27:00,037 [WARN] ApiManager:304 - Cannot register API 'Board Extension:S2915A1' from pack STMicroelectronics.X-CUBE-SFXS2LP1.4.0.0: no header file found
2025-09-27 08:27:00,038 [WARN] ApiManager:304 - Cannot register API 'Wireless:BlueNRG-2' from pack STMicroelectronics.X-CUBE-BLE2.3.3.0: no header file found
2025-09-27 08:27:03,082 [INFO] UtilMem:74 - End LoadConfig() Used Memory: 1041386184 Bytes (1073741824)
2025-09-27 08:27:03,083 [WARN] ThirdParty:779 - waiting for thirdparty lock release [change project]
2025-09-27 08:27:03,083 [INFO] ThirdParty:781 - entering critical section [change project]
2025-09-27 08:27:03,083 [INFO] ThirdParty:967 - CMSIS Pack Vendor :STMicroelectronics X-CUBE-PM33A1 1.0.0
2025-09-27 08:27:03,083 [INFO] ThirdParty:967 - CMSIS Pack Vendor :STMicroelectronics X-CUBE-NFC9 1.0.0
2025-09-27 08:27:03,083 [INFO] ThirdParty:967 - CMSIS Pack Vendor :STMicroelectronics USB_HOST 2.0.0
2025-09-27 08:27:03,084 [INFO] ThirdParty:967 - CMSIS Pack Vendor :STMicroelectronics X-CUBE-AZRTOS-F4 1.1.0
2025-09-27 08:27:03,084 [INFO] ThirdParty:967 - CMSIS Pack Vendor :STMicroelectronics FP-ATR-ASTRA1 2.0.2
2025-09-27 08:27:03,084 [INFO] ThirdParty:967 - CMSIS Pack Vendor :wolfSSL I-CUBE-wolfSSL 5.8.2
2025-09-27 08:27:03,084 [INFO] ThirdParty:967 - CMSIS Pack Vendor :STMicroelectronics X-CUBE-BLE1 7.1.0
2025-09-27 08:27:03,084 [INFO] ThirdParty:967 - CMSIS Pack Vendor :wolfSSL I-CUBE-wolfMQTT 1.19.2
2025-09-27 08:27:03,084 [INFO] ThirdParty:967 - CMSIS Pack Vendor :STMicroelectronics USB_DEVICE 3.0.0
2025-09-27 08:27:03,084 [INFO] ThirdParty:967 - CMSIS Pack Vendor :STMicroelectronics X-CUBE-ISPU 2.1.0
2025-09-27 08:27:03,084 [INFO] ThirdParty:967 - CMSIS Pack Vendor :STMicroelectronics X-CUBE-EEPRMA1 5.2.0
2025-09-27 08:27:03,084 [INFO] ThirdParty:967 - CMSIS Pack Vendor :STMicroelectronics X-CUBE-AZRTOS-WB 2.0.0
2025-09-27 08:27:03,084 [INFO] ThirdParty:967 - CMSIS Pack Vendor :STMicroelectronics X-CUBE-GNSS1 7.0.1
2025-09-27 08:27:03,084 [INFO] ThirdParty:967 - CMSIS Pack Vendor :STMicroelectronics X-CUBE-NFC12 1.0.0
2025-09-27 08:27:03,084 [INFO] ThirdParty:967 - CMSIS Pack Vendor :STMicroelectronics X-CUBE-AZRTOS-F7 1.1.0
2025-09-27 08:27:03,084 [INFO] ThirdParty:967 - CMSIS Pack Vendor :STMicroelectronics X-CUBE-AZRTOS-L5 2.0.0
2025-09-27 08:27:03,084 [INFO] ThirdParty:967 - CMSIS Pack Vendor :STMicroelectronics X-CUBE-TOUCHGFX 4.25.0
2025-09-27 08:27:03,085 [INFO] ThirdParty:967 - CMSIS Pack Vendor :STMicroelectronics USB_DEVICE 2.0.0
2025-09-27 08:27:03,085 [INFO] ThirdParty:967 - CMSIS Pack Vendor :STMicroelectronics X-CUBE-NFC6 3.1.0
2025-09-27 08:27:03,085 [INFO] ThirdParty:967 - CMSIS Pack Vendor :STMicroelectronics FreeRTOS 0.0.1
2025-09-27 08:27:03,085 [INFO] ThirdParty:967 - CMSIS Pack Vendor :STMicroelectronics X-CUBE-AZRTOS-G0 1.1.0
2025-09-27 08:27:03,085 [INFO] ThirdParty:967 - CMSIS Pack Vendor :STMicroelectronics X-CUBE-SAFEA1 1.2.2
2025-09-27 08:27:03,085 [INFO] ThirdParty:967 - CMSIS Pack Vendor :STMicroelectronics X-CUBE-NFC4 3.0.0
2025-09-27 08:27:03,085 [INFO] ThirdParty:967 - CMSIS Pack Vendor :STMicroelectronics X-CUBE-SUBG2 5.0.0
2025-09-27 08:27:03,085 [INFO] ThirdParty:967 - CMSIS Pack Vendor :STMicroelectronics X-CUBE-AZRTOS-H7RS 1.1.0
2025-09-27 08:27:03,085 [INFO] ThirdParty:967 - CMSIS Pack Vendor :STMicroelectronics lwIP 2.0.3
2025-09-27 08:27:03,085 [INFO] ThirdParty:967 - CMSIS Pack Vendor :STMicroelectronics USB_HOST 1.0.0
2025-09-27 08:27:03,085 [INFO] ThirdParty:967 - CMSIS Pack Vendor :STMicroelectronics X-CUBE-AZRTOS-G4 2.0.0
2025-09-27 08:27:03,085 [INFO] ThirdParty:967 - CMSIS Pack Vendor :STMicroelectronics X-CUBE-WB05N 2.0.0
2025-09-27 08:27:03,085 [INFO] ThirdParty:967 - CMSIS Pack Vendor :STMicroelectronics PDM2PCM 3.1.0
2025-09-27 08:27:03,085 [INFO] ThirdParty:967 - CMSIS Pack Vendor :STMicroelectronics PDM2PCM 3.3.0
2025-09-27 08:27:03,086 [INFO] ThirdParty:967 - CMSIS Pack Vendor :wolfSSL I-CUBE-wolfTPM 3.8.0
2025-09-27 08:27:03,086 [INFO] ThirdParty:967 - CMSIS Pack Vendor :STMicroelectronics X-CUBE-AZRTOS-H7 3.4.0
2025-09-27 08:27:03,086 [INFO] ThirdParty:967 - CMSIS Pack Vendor :wolfSSL I-CUBE-wolfSSH 1.4.20
2025-09-27 08:27:03,086 [INFO] ThirdParty:967 - CMSIS Pack Vendor :STMicroelectronics X-CUBE-NFC7 2.0.0
2025-09-27 08:27:03,086 [INFO] ThirdParty:967 - CMSIS Pack Vendor :STMicroelectronics FP-ATR-SIGFOX1 3.2.0
2025-09-27 08:27:03,086 [INFO] ThirdParty:967 - CMSIS Pack Vendor :STMicroelectronics X-CUBE-NFC10 1.0.0
2025-09-27 08:27:03,086 [INFO] ThirdParty:967 - CMSIS Pack Vendor :STMicroelectronics HAL Drivers 0.0.0
2025-09-27 08:27:03,086 [INFO] ThirdParty:967 - CMSIS Pack Vendor :STMicroelectronics MBEDTLS 2.16.2
2025-09-27 08:27:03,086 [INFO] ThirdParty:967 - CMSIS Pack Vendor :STMicroelectronics MBEDTLS 2.14.1
2025-09-27 08:27:03,086 [INFO] ThirdParty:967 - CMSIS Pack Vendor :STMicroelectronics X-CUBE-STSE01 1.0.0
2025-09-27 08:27:03,086 [INFO] ThirdParty:967 - CMSIS Pack Vendor :STMicroelectronics X-CUBE-AI 10.2.0
2025-09-27 08:27:03,086 [INFO] ThirdParty:967 - CMSIS Pack Vendor :STMicroelectronics X-CUBE-AZRTOS-WL 2.0.0
2025-09-27 08:27:03,086 [INFO] ThirdParty:967 - CMSIS Pack Vendor :SEGGER I-CUBE-embOS 1.3.1
2025-09-27 08:27:03,086 [INFO] ThirdParty:967 - CMSIS Pack Vendor :STMicroelectronics X-CUBE-ALGOBUILD 1.4.0
2025-09-27 08:27:03,086 [INFO] ThirdParty:967 - CMSIS Pack Vendor :STMicroelectronics X-CUBE-MEMS1 11.3.0
2025-09-27 08:27:03,087 [INFO] ThirdParty:967 - CMSIS Pack Vendor :STMicroelectronics USB_DEVICE 1.0.0
2025-09-27 08:27:03,087 [INFO] ThirdParty:967 - CMSIS Pack Vendor :STMicroelectronics X-CUBE-AZRTOS-L4 2.0.0
2025-09-27 08:27:03,087 [INFO] ThirdParty:967 - CMSIS Pack Vendor :STMicroelectronics ThreadX 0.0.2
2025-09-27 08:27:03,087 [INFO] ThirdParty:967 - CMSIS Pack Vendor :STMicroelectronics lwIP 2.1.2
2025-09-27 08:27:03,087 [INFO] ThirdParty:967 - CMSIS Pack Vendor :STMicroelectronics X-CUBE-SFXS2LP1 4.0.0
2025-09-27 08:27:03,087 [INFO] ThirdParty:967 - CMSIS Pack Vendor :STMicroelectronics X-CUBE-BLE2 3.3.0
2025-09-27 08:27:03,087 [INFO] ThirdParty:967 - CMSIS Pack Vendor :STMicroelectronics PDM2PCM 3.2.0
2025-09-27 08:27:03,087 [INFO] ThirdParty:787 - exiting critical section [change project]
2025-09-27 08:27:03,246 [INFO] PinOutPanel:1463 - setPackage(No Configuration,No Configuration)
2025-09-27 08:27:03,248 [INFO] PinOutPanel:1463 - setPackage(STM32F103C6Ux,UFQFPN48)
2025-09-27 08:27:03,655 [INFO] UtilMem:74 - Before build in PCC Used Memory: 1019870992 Bytes (1073741824)
2025-09-27 08:27:03,920 [INFO] UtilMem:74 - After build in PCC Used Memory: 1011128384 Bytes (1073741824)
2025-09-27 08:27:03,939 [INFO] IPUIPlugin:74 - create IPUIPlugin
2025-09-27 08:27:03,939 [INFO] IPUIPlugin:74 - create IPUIPlugin
2025-09-27 08:27:03,939 [INFO] IPUIPlugin:74 - create IPUIPlugin
2025-09-27 08:27:03,940 [INFO] IPUIPlugin:74 - create IPUIPlugin
2025-09-27 08:27:03,940 [INFO] IPUIPlugin:74 - create IPUIPlugin
2025-09-27 08:27:03,940 [INFO] IPUIPlugin:74 - create IPUIPlugin
2025-09-27 08:27:03,940 [INFO] IPUIPlugin:74 - create IPUIPlugin
2025-09-27 08:27:03,940 [INFO] IPUIPlugin:74 - create IPUIPlugin
2025-09-27 08:27:03,941 [INFO] IPUIPlugin:74 - create IPUIPlugin
2025-09-27 08:27:03,941 [INFO] IPUIPlugin:74 - create IPUIPlugin
2025-09-27 08:27:03,941 [INFO] IPUIPlugin:74 - create IPUIPlugin
2025-09-27 08:27:03,941 [INFO] IPUIPlugin:74 - create IPUIPlugin
2025-09-27 08:27:03,942 [INFO] IPUIPlugin:74 - create IPUIPlugin
2025-09-27 08:27:03,942 [INFO] IPUIPlugin:74 - create IPUIPlugin
2025-09-27 08:27:03,943 [INFO] IPUIPlugin:74 - create IPUIPlugin
2025-09-27 08:27:03,943 [INFO] IPUIPlugin:74 - create IPUIPlugin
2025-09-27 08:27:03,943 [INFO] IPUIPlugin:74 - create IPUIPlugin
2025-09-27 08:27:03,944 [INFO] IPUIPlugin:74 - create IPUIPlugin
2025-09-27 08:27:03,944 [INFO] IPUIPlugin:74 - create IPUIPlugin
2025-09-27 08:27:03,944 [INFO] IPUIPlugin:74 - create IPUIPlugin
2025-09-27 08:27:03,945 [INFO] IPUIPlugin:74 - create IPUIPlugin
2025-09-27 08:27:03,945 [INFO] IPUIPlugin:74 - create IPUIPlugin
2025-09-27 08:27:03,945 [INFO] IPUIPlugin:74 - create IPUIPlugin
2025-09-27 08:27:03,956 [INFO] OpenFileManager:333 - Restore cursor
2025-09-27 08:27:04,094 [ERROR] LogOutputStream:74 - [STDERR_REDIRECT] Exception in thread "AWT-EventQueue-0" java.lang.NullPointerException
2025-09-27 08:27:04,096 [ERROR] LogOutputStream:74 - [STDERR_REDIRECT] 	at com.st.stm32cube.common.mx.editor.CubeMxEditor$20.run(CubeMxEditor.java:2136)
2025-09-27 08:27:04,097 [ERROR] LogOutputStream:74 - [STDERR_REDIRECT] 	at com.st.stm32cube.common.mx.oss.core.awtswtbridge.AwtEnvironment$2.run(AwtEnvironment.java:166)
2025-09-27 08:27:04,099 [ERROR] LogOutputStream:74 - [STDERR_REDIRECT] 	at java.desktop/java.awt.event.InvocationEvent.dispatch(InvocationEvent.java:313)
2025-09-27 08:27:04,100 [ERROR] LogOutputStream:74 - [STDERR_REDIRECT] 	at java.desktop/java.awt.EventQueue.dispatchEventImpl(EventQueue.java:770)
2025-09-27 08:27:04,101 [ERROR] LogOutputStream:74 - [STDERR_REDIRECT] 	at java.desktop/java.awt.EventQueue$4.run(EventQueue.java:721)
2025-09-27 08:27:04,102 [ERROR] LogOutputStream:74 - [STDERR_REDIRECT] 	at java.desktop/java.awt.EventQueue$4.run(EventQueue.java:715)
2025-09-27 08:27:04,103 [ERROR] LogOutputStream:74 - [STDERR_REDIRECT] 	at java.base/java.security.AccessController.doPrivileged(Native Method)
2025-09-27 08:27:04,104 [ERROR] LogOutputStream:74 - [STDERR_REDIRECT] 	at java.base/java.security.ProtectionDomain$JavaSecurityAccessImpl.doIntersectionPrivilege(ProtectionDomain.java:85)
2025-09-27 08:27:04,105 [ERROR] LogOutputStream:74 - [STDERR_REDIRECT] 	at java.desktop/java.awt.EventQueue.dispatchEvent(EventQueue.java:740)
2025-09-27 08:27:04,106 [ERROR] LogOutputStream:74 - [STDERR_REDIRECT] 	at java.desktop/java.awt.EventDispatchThread.pumpOneEventForFilters(EventDispatchThread.java:203)
2025-09-27 08:27:04,107 [ERROR] LogOutputStream:74 - [STDERR_REDIRECT] 	at java.desktop/java.awt.EventDispatchThread.pumpEventsForFilter(EventDispatchThread.java:124)
2025-09-27 08:27:04,109 [ERROR] LogOutputStream:74 - [STDERR_REDIRECT] 	at java.desktop/java.awt.EventDispatchThread.pumpEventsForHierarchy(EventDispatchThread.java:113)
2025-09-27 08:27:04,110 [ERROR] LogOutputStream:74 - [STDERR_REDIRECT] 	at java.desktop/java.awt.EventDispatchThread.pumpEvents(EventDispatchThread.java:109)
2025-09-27 08:27:04,111 [ERROR] LogOutputStream:74 - [STDERR_REDIRECT] 	at java.desktop/java.awt.EventDispatchThread.pumpEvents(EventDispatchThread.java:101)
2025-09-27 08:27:04,112 [ERROR] LogOutputStream:74 - [STDERR_REDIRECT] 	at java.desktop/java.awt.EventDispatchThread.run(EventDispatchThread.java:90)
2025-09-27 08:27:04,191 [INFO] McuFinderGlobals:52 - Set McuFinderConnectedMode to false
2025-09-27 08:27:04,241 [INFO] CrossSelectorPresenter:1330 - Cross Selector saved comparison directory: C:\Users\ATPHOME\.stmcufinder\plugins\mcufinder\mcu\cs_comparisons_mx
2025-09-27 08:27:04,243 [INFO] MultiScanPanel:197 - Auto-refresh data requested => check proxy status ongoing
2025-09-27 08:27:04,243 [INFO] MultiScanPanel:201 - Proxy status is invalid
2025-09-27 08:27:04,243 [INFO] FinderPluginLoader:87 - Searching for filters in installed packs
2025-09-27 08:27:05,473 [WARN] DetailPanel:314 - Failed to get advertising image, set to default
2025-09-27 08:27:10,624 [INFO] MainUpdater:2671 - connection check result : 10
2025-09-27 08:27:10,625 [INFO] McuFinderGlobals:52 - Set McuFinderConnectedMode to true
2025-09-27 08:27:10,762 [INFO] ServerAccessManage:362 - Download File mcusAds.json._tmp_
2025-09-27 08:27:10,878 [INFO] LoadUrlFilesThread:145 - End of LoadUrlFiles Thread
2025-09-27 08:27:11,297 [INFO] ServerAccessManage:362 - Download File mcusDocs.json._tmp_
2025-09-27 08:27:11,479 [INFO] LoadUrlFilesThread:145 - End of LoadUrlFiles Thread
2025-09-27 08:27:11,673 [INFO] ServerAccessManage:362 - Download File mcusFeaturesAndDescription.json._tmp_
2025-09-27 08:27:12,395 [INFO] LoadUrlFilesThread:145 - End of LoadUrlFiles Thread
2025-09-27 08:27:12,583 [INFO] ServerAccessManage:362 - Download File boardsDocs.json._tmp_
2025-09-27 08:27:12,697 [INFO] LoadUrlFilesThread:145 - End of LoadUrlFiles Thread
2025-09-27 08:27:12,874 [INFO] ServerAccessManage:362 - Download File boards.json._tmp_
2025-09-27 08:27:13,062 [INFO] LoadUrlFilesThread:145 - End of LoadUrlFiles Thread
2025-09-27 08:27:13,181 [INFO] ServerAccessManage:362 - Download File cube-finder-db.zip
2025-09-27 08:27:15,646 [INFO] FileExtend:235 - Unzip File : cube-finder-db.zip
2025-09-27 08:27:15,646 [INFO] FileExtend:250 - Standard Zip Deflate
2025-09-27 08:27:16,664 [INFO] LoadUrlFilesThread:145 - End of LoadUrlFiles Thread
2025-09-27 08:27:18,166 [INFO] ServerAccessManage:362 - Download File crdb.zip
2025-09-27 08:27:19,672 [INFO] FileExtend:235 - Unzip File : crdb.zip
2025-09-27 08:27:19,673 [INFO] FileExtend:250 - Standard Zip Deflate
2025-09-27 08:27:19,829 [INFO] LoadUrlFilesThread:145 - End of LoadUrlFiles Thread
2025-09-27 08:27:19,888 [INFO] ServerAccessManage:362 - Download File tutoVideoDB.zip
2025-09-27 08:27:19,908 [INFO] FileExtend:235 - Unzip File : tutoVideoDB.zip
2025-09-27 08:27:19,909 [INFO] FileExtend:250 - Standard Zip Deflate
2025-09-27 08:27:20,061 [INFO] LoadUrlFilesThread:145 - End of LoadUrlFiles Thread
2025-09-27 08:27:20,063 [INFO] DbMcusAds:47 - JSON generation date=Tue Jul 08 15:14:23 ICT 2025 (1751962463524)
2025-09-27 08:27:20,077 [INFO] DbMcusDocs:143 - JSON generation date=Tue Nov 16 23:17:54 ICT 2021 (1637079474)
2025-09-27 08:27:20,414 [INFO] DbMcusDocs:79 - Found 682 MCUs documents
2025-09-27 08:27:20,416 [INFO] ApiDb:276 - Save user favorites file C:\Users\ATPHOME/.stm32cubeide/favorites.mcus.txt: 0 item(s)
2025-09-27 08:27:20,416 [INFO] ApiDb:280 - User favorites MCUs=[]
2025-09-27 08:27:20,416 [INFO] DbMcusXml:100 - Load MCU database from G:\Study\ViXuLy\stm32cubeide_1.7.0\STM32CubeIDE\plugins\com.st.stm32cube.common.mx_6.3.0.202107141111\\db\/mcu/families.xml
2025-09-27 08:27:22,995 [INFO] DbMcusJson:93 - JSON generation date=Tue Nov 16 23:17:54 ICT 2021 (1637079474)
2025-09-27 08:27:23,597 [INFO] DbMcus:175 - Found 1951 MCUs (1903 are supported by CubeMX, 1914 are visible in CubeMX)
2025-09-27 08:27:23,597 [INFO] ApiDb:251 - Load user favorites file C:\Users\ATPHOME/.stm32cubeide/favorites.mcus.txt: 0 item(s)
2025-09-27 08:27:23,597 [INFO] ApiDb:255 - User favorites MCUs=[]
2025-09-27 08:27:23,598 [INFO] DbMcus:187 - Set 0 / 0 favorites MCUs
2025-09-27 08:27:24,815 [INFO] DbBoardsDocs:143 - JSON generation date=Tue Nov 16 23:17:54 ICT 2021 (1637079474)
2025-09-27 08:27:24,818 [INFO] DbBoardsDocs:79 - Found 209 boards documents
2025-09-27 08:27:24,820 [INFO] ApiDb:276 - Save user favorites file C:\Users\ATPHOME/.stm32cubeide/favorites.boards.txt: 0 item(s)
2025-09-27 08:27:24,820 [INFO] ApiDb:280 - User favorites Boards=[]
2025-09-27 08:27:24,841 [INFO] DbBoardsPdsc:90 - Found 25 items
2025-09-27 08:27:24,851 [INFO] DbBoardsPdsc:90 - Found 9 items
2025-09-27 08:27:24,854 [INFO] DbBoardsPdsc:90 - Found 33 items
2025-09-27 08:27:24,865 [INFO] DbBoardsPdsc:90 - Found 1 items
2025-09-27 08:27:24,879 [INFO] DbBoardsPdsc:90 - Found 48 items
2025-09-27 08:27:24,888 [INFO] DbBoardsPdsc:90 - Found 43 items
2025-09-27 08:27:24,889 [INFO] DbBoardsPdsc:90 - Found 2 items
2025-09-27 08:27:24,890 [INFO] DbBoardsPdsc:90 - Found 5 items
2025-09-27 08:27:24,892 [WARN] DbBoardsPdsc:254 - Board STM32H7B3I-DK: unknown feature type=Audio, name=, username=Audio stereo codec with Headphone Amp (CS42L51-CNZ), n=1
2025-09-27 08:27:24,892 [WARN] DbBoardsPdsc:254 - Board STM32H735G-DK: unknown feature type=Audio, name=, username=Audio stereo codec with Headphone Amp (WM8994ECS/R), n=1
2025-09-27 08:27:24,893 [WARN] DbBoardsPdsc:254 - Board STM32H7B3I-EVAL: unknown feature type=Audio, name=, username=Multi-Channel Audio Codec (CS42L51-CNZ), n=1
2025-09-27 08:27:24,893 [WARN] DbBoardsPdsc:254 - Board STM32H7B3I-EVAL: unknown feature type=Meter, name=, username=Power-metering and Temperature-monitoring with sigma-delta modulators, n=1
2025-09-27 08:27:24,893 [WARN] DbBoardsPdsc:254 - Board STM32H7B3I-EVAL: unknown feature type=Motor, name=, username=Motor Control, n=1
2025-09-27 08:27:24,893 [WARN] DbBoardsPdsc:254 - Board STM32U575I-EV: unknown feature type=joystick, name=, username=4-direction joystick with selection button, n=1
2025-09-27 08:27:24,911 [INFO] DbBoardsJson:86 - JSON generation date=Tue Nov 16 23:17:54 ICT 2021 (1637079474)
2025-09-27 08:27:24,918 [INFO] DbBoards:117 - Found 167 boards (163 are supported by CubeMX)
2025-09-27 08:27:24,918 [WARN] DbBoards:127 - board B-L475E-IOT01A2 has no document id list !
2025-09-27 08:27:24,918 [WARN] DbBoards:127 - board NUCLEO-H743ZI has no document id list !
2025-09-27 08:27:24,918 [WARN] DbBoards:127 - board NUCLEO-WL55JC2 has no document id list !
2025-09-27 08:27:24,918 [WARN] DbBoards:127 - board P-NUCLEO-WB55-Nucleo has no document id list !
2025-09-27 08:27:24,918 [WARN] DbBoards:127 - board P-NUCLEO-WB55-USBDongle has no document id list !
2025-09-27 08:27:24,918 [WARN] DbBoards:127 - board STEVAL-BFA001V1B has no document id list !
2025-09-27 08:27:24,919 [WARN] DbBoards:127 - board STEVAL-BFA001V2B has no document id list !
2025-09-27 08:27:24,919 [WARN] DbBoards:127 - board STEVAL-IDP005V1 has no document id list !
2025-09-27 08:27:24,919 [WARN] DbBoards:127 - board STEVAL-IDP005V2 has no document id list !
2025-09-27 08:27:24,919 [WARN] DbBoards:127 - board STEVAL-MKSBOX1V1 has no document id list !
2025-09-27 08:27:24,919 [WARN] DbBoards:127 - board STEVAL-STWINKT1 has no document id list !
2025-09-27 08:27:24,919 [WARN] DbBoards:127 - board STEVAL-STWINKT1B has no document id list !
2025-09-27 08:27:24,919 [WARN] DbBoards:127 - board STM32439I-EVAL2 has no document id list !
2025-09-27 08:27:24,919 [WARN] DbBoards:127 - board STM32F401C-DISCO has no document id list !
2025-09-27 08:27:24,919 [WARN] DbBoards:127 - board STM32F769I-DISC1 has no document id list !
2025-09-27 08:27:24,919 [WARN] DbBoards:127 - board STM32G474E-EVAL1 has no document id list !
2025-09-27 08:27:24,919 [WARN] DbBoards:127 - board STM32H743I-EVAL2 has no document id list !
2025-09-27 08:27:24,919 [WARN] DbBoards:127 - board STM32H747I-DISC1 has no document id list !
2025-09-27 08:27:24,919 [WARN] DbBoards:127 - board STM32H753I-EVAL2 has no document id list !
2025-09-27 08:27:24,920 [WARN] DbBoards:127 - board STM32L-DISCOVERY has no document id list !
2025-09-27 08:27:25,064 [ERROR] DbBoards:189 - Image file not found for board B-U585I-IOT02A: G:\Study\ViXuLy\stm32cubeide_1.7.0\STM32CubeIDE\plugins\com.st.stm32cube.common.mx_6.3.0.202107141111\\db\/plugins/mcufinder/images/boards/B-U585I-IOT02A_small.jpg
2025-09-27 08:27:25,184 [ERROR] DbBoards:189 - Image file not found for board NUCLEO-F413ZH: G:\Study\ViXuLy\stm32cubeide_1.7.0\STM32CubeIDE\plugins\com.st.stm32cube.common.mx_6.3.0.202107141111\\db\/plugins/mcufinder/images/boards/nucleo-f413zh_small.jpg
2025-09-27 08:27:25,450 [ERROR] DbBoards:189 - Image file not found for board NUCLEO-L552ZE-Q: G:\Study\ViXuLy\stm32cubeide_1.7.0\STM32CubeIDE\plugins\com.st.stm32cube.common.mx_6.3.0.202107141111\\db\/plugins/mcufinder/images/boards/nucleo_l552ze_q_small.jpg
2025-09-27 08:27:25,450 [ERROR] DbBoards:189 - Image file not found for board NUCLEO-U575ZI-Q: G:\Study\ViXuLy\stm32cubeide_1.7.0\STM32CubeIDE\plugins\com.st.stm32cube.common.mx_6.3.0.202107141111\\db\/plugins/mcufinder/images/boards/nucleo-u575zi-q_small.jpg
2025-09-27 08:27:25,450 [ERROR] DbBoards:189 - Image file not found for board NUCLEO-WB15CC: G:\Study\ViXuLy\stm32cubeide_1.7.0\STM32CubeIDE\plugins\com.st.stm32cube.common.mx_6.3.0.202107141111\\db\/plugins/mcufinder/images/boards/nucleo-wb15cc_small.jpg
2025-09-27 08:27:25,450 [ERROR] DbBoards:189 - Image file not found for board NUCLEO-WB55RG: G:\Study\ViXuLy\stm32cubeide_1.7.0\STM32CubeIDE\plugins\com.st.stm32cube.common.mx_6.3.0.202107141111\\db\/plugins/mcufinder/images/boards/nucleo-wb55rg_small.jpg
2025-09-27 08:27:26,757 [INFO] ApiDb:251 - Load user favorites file C:\Users\ATPHOME/.stm32cubeide/favorites.boards.txt: 0 item(s)
2025-09-27 08:27:26,758 [INFO] ApiDb:255 - User favorites Boards=[]
2025-09-27 08:27:26,758 [INFO] DbBoards:206 - Set 0 / 0 favorites Boards
2025-09-27 08:27:27,652 [INFO] MainUpdater:2671 - connection check result : 10
2025-09-27 08:27:27,731 [INFO] ServerAccessManage:362 - Download File 
2025-09-27 08:27:27,766 [INFO] LoadUrlFilesThread:172 - End of LoadServerUrlFiles without Thread
2025-09-27 08:27:27,766 [INFO] TargetSelectorAdapter:224 - Refresh data is successful
2025-09-27 08:27:27,994 [INFO] ApiDb:479 - Connected to CubeFinder SQLite database (C:\Users\ATPHOME\.stmcufinder\plugins\mcufinder\mcu\cube-finder-db.db)
2025-09-27 08:27:29,127 [ERROR] DbExamplesSqlite:446 - Missing JSON key: board_cpn
2025-09-27 08:27:29,127 [ERROR] DbExamplesSqlite:446 - Missing JSON key: board_cpn
2025-09-27 08:27:29,127 [ERROR] DbExamplesSqlite:446 - Missing JSON key: board_cpn
2025-09-27 08:27:29,128 [ERROR] DbExamplesSqlite:446 - Missing JSON key: board_cpn
2025-09-27 08:27:29,500 [ERROR] DbExamplesSqlite:446 - Missing JSON key: board_cpn
2025-09-27 08:27:29,500 [ERROR] DbExamplesSqlite:446 - Missing JSON key: board_cpn
2025-09-27 08:27:29,503 [INFO] DbExamplesSqlite:411 - Ignored 33 examples not supported by CubeIDE
2025-09-27 08:27:29,504 [INFO] DbExamplesSqlite:412 - Found 10871 examples active
2025-09-27 08:27:29,504 [INFO] DbExamplesSqlite:413 - Found 0 examples obsolete
2025-09-27 08:27:29,504 [INFO] DbExamplesSqlite:414 - Found 0 examples under development
2025-09-27 08:27:29,504 [INFO] DbExamplesSqlite:415 - Found 65 examples not building
2025-09-27 08:27:29,586 [INFO] DbExamplesSqlite:108 - CubeFinder database Data Model version=2.1
2025-09-27 08:27:29,586 [INFO] DbExamplesSqlite:109 - CubeFinder database Configuration version=3.0.39
2025-09-27 08:27:29,586 [INFO] DbExamplesSqlite:110 - CubeFinder database generation date=2025-08-25 (1756130511)
2025-09-27 08:27:29,586 [INFO] DbExamplesSqlite:111 - CubeFinder database FW Pack versions=[FP-ATR-ASTRA1_V2.0.0, FP-SNS-FLIGHT1_V5.1.0, FP-SNS-MOTENV1_V5.0.0, FP-SNS-MOTENVWB1_V1.4.0, FP-SNS-SMARTAG2_V1.2.0, FP-SNS-STBOX1_V2.1.0, STM32Cube_FW_C0_V1.4.0, STM32Cube_FW_F4_V1.28.3, STM32Cube_FW_F7_V1.17.4, STM32Cube_FW_G0_V1.6.2, STM32Cube_FW_G4_V1.6.1, STM32Cube_FW_H5_V1.5.0, STM32Cube_FW_H7RS_V1.2.0, STM32Cube_FW_H7_V1.12.1, STM32Cube_FW_L0_V1.12.2, STM32Cube_FW_L4_V1.18.1, STM32Cube_FW_L5_V1.5.1, STM32Cube_FW_N6_V1.2.0, STM32Cube_FW_U0_V1.3.0, STM32Cube_FW_U3_V1.2.0, STM32Cube_FW_U5_V1.8.0, STM32Cube_FW_WB0_V1.3.0, STM32Cube_FW_WBA_V1.7.0, STM32Cube_FW_WB_V1.23.0, STM32Cube_FW_WL3_V1.2.0, STM32Cube_FW_WL_V1.3.1, X-CUBE-ALGOBUILD_V1.4.0, X-CUBE-ALS_V1.0.2, X-CUBE-AZRTOS-F4_V1.1.0, X-CUBE-AZRTOS-F7_V1.1.0, X-CUBE-AZRTOS-G0_V1.1.0, X-CUBE-AZRTOS-G4_V2.0.0, X-CUBE-AZRTOS-H7RS_V1.1.0, X-CUBE-AZRTOS-H7_V3.4.0, X-CUBE-AZRTOS-L4_V2.0.0, X-CUBE-AZRTOS-L5_V2.0.0, X-CUBE-AZRTOS-WB_V2.0.0, X-CUBE-AZRTOS-WL_V2.0.0, X-CUBE-BLE1_V7.1.0, X-CUBE-BLE2_V3.3.0, X-CUBE-BLEMGR_V4.1.0, X-CUBE-EEPRMA1_V5.2.0, X-CUBE-FREERTOS_V1.3.1, X-CUBE-GNSS1_V6.0.0, X-CUBE-MEMS1_V11.3.0, X-CUBE-NFC4_V3.0.0, X-CUBE-NFC7_V2.0.0, X-CUBE-SFXS2LP1_V4.0.0, X-CUBE-ST67W61_V1.0.0, X-CUBE-SUBG2_V5.0.0, X-CUBE-TOF1_V3.4.3]
2025-09-27 08:27:29,588 [INFO] DbExamples:130 - Found 10903 examples
2025-09-27 08:27:31,078 [ERROR] DbExamples:206 - Found 10903 examples with invalid data (board or MCU)
2025-09-27 08:27:31,078 [INFO] DbExamples:222 - Found 97 boards with related examples
2025-09-27 08:27:31,079 [INFO] DbExamples:235 - Found 0 MCUs with related examples
2025-09-27 08:27:31,111 [INFO] ApiDb:242 - User favorites file not found: C:\Users\ATPHOME/.stm32cubeide/favorites.examples.txt
2025-09-27 08:27:31,112 [INFO] DbExamples:256 - Set 0 / 0 favorites Examples
2025-09-27 08:27:31,426 [INFO] McuFinderGlobals:52 - Set McuFinderConnectedMode to false
2025-09-27 08:27:31,449 [INFO] CrossSelectorPresenter:1330 - Cross Selector saved comparison directory: C:\Users\ATPHOME\.stmcufinder\plugins\mcufinder\mcu\cs_comparisons_mx
2025-09-27 08:27:31,450 [INFO] MultiScanPanel:197 - Auto-refresh data requested => check proxy status ongoing
2025-09-27 08:27:31,450 [INFO] MultiScanPanel:201 - Proxy status is invalid
2025-09-27 08:27:31,451 [INFO] FinderPluginLoader:87 - Searching for filters in installed packs
2025-09-27 08:27:31,921 [INFO] DetailPanel:309 - Set advertising image to C:/Users/ATPHOME/STM32Cube/Repository/\en.2400x1350px.jpeg
2025-09-27 08:27:37,332 [INFO] MainUpdater:2671 - connection check result : 10
2025-09-27 08:27:37,332 [INFO] MainUpdater:2671 - connection check result : 10
2025-09-27 08:27:37,365 [INFO] MicroXplorer:448 - Change Database Path : 
2025-09-27 08:27:37,366 [INFO] MicroXplorer:478 - Change Database Version : DB.6.0.30
2025-09-27 08:27:37,366 [WARN] ThirdParty:813 - waiting for thirdparty lock release [close project]
2025-09-27 08:27:37,366 [INFO] ThirdParty:815 - entering critical section [close project]
2025-09-27 08:27:37,367 [INFO] ThirdParty:825 - exiting critical section [close project]
2025-09-27 08:27:37,367 [INFO] PinOutPanel:1463 - setPackage(No Configuration,No Configuration)
2025-09-27 08:27:37,368 [INFO] UtilMem:74 - Begin LoadConfig() Used Memory: 1030924344 Bytes (1073741824)
2025-09-27 08:27:37,369 [INFO] MicroXplorer:448 - Change Database Path : 
2025-09-27 08:27:37,369 [INFO] MicroXplorer:478 - Change Database Version : DB.6.0.30
2025-09-27 08:27:37,369 [INFO] OpenFileManager:313 - Change cursor
2025-09-27 08:27:37,869 [INFO] Context:592 - Trying to add GPIOservice into a context  which must be forbidden
2025-09-27 08:27:38,080 [WARN] ApiManager:304 - Cannot register API 'Board Extension:PM33A1' from pack STMicroelectronics.X-CUBE-PM33A1.1.0.0: no header file found
2025-09-27 08:27:38,081 [WARN] ApiManager:304 - Cannot register API 'Board Extension:NFC09A1' from pack STMicroelectronics.X-CUBE-NFC9.1.0.0: no header file found
2025-09-27 08:27:38,083 [WARN] ApiManager:304 - Cannot register API 'Wireless:BlueNRG-MS' from pack STMicroelectronics.X-CUBE-BLE1.7.1.0: no header file found
2025-09-27 08:27:38,085 [WARN] ApiManager:304 - Cannot register API 'Board Extension:EEPRMA2' from pack STMicroelectronics.X-CUBE-EEPRMA1.5.2.0: no header file found
2025-09-27 08:27:38,085 [WARN] ApiManager:304 - Cannot register API 'Board Extension:PGEEZ1' from pack STMicroelectronics.X-CUBE-EEPRMA1.5.2.0: no header file found
2025-09-27 08:27:38,085 [WARN] ApiManager:304 - Cannot register API 'Board Extension:EEICA1' from pack STMicroelectronics.X-CUBE-EEPRMA1.5.2.0: no header file found
2025-09-27 08:27:38,085 [WARN] ApiManager:304 - Cannot register API 'Board Part:M24' from pack STMicroelectronics.X-CUBE-EEPRMA1.5.2.0: no header file found
2025-09-27 08:27:38,085 [WARN] ApiManager:304 - Cannot register API 'Board Part:M95' from pack STMicroelectronics.X-CUBE-EEPRMA1.5.2.0: no header file found
2025-09-27 08:27:38,086 [WARN] ApiManager:304 - Cannot register API 'Board Part:M95P32' from pack STMicroelectronics.X-CUBE-EEPRMA1.5.2.0: no header file found
2025-09-27 08:27:38,086 [WARN] ApiManager:304 - Cannot register API 'Board Part:M24256E-F' from pack STMicroelectronics.X-CUBE-EEPRMA1.5.2.0: no header file found
2025-09-27 08:27:38,086 [WARN] ApiManager:304 - Cannot register API 'Board Part:M24M01E-F' from pack STMicroelectronics.X-CUBE-EEPRMA1.5.2.0: no header file found
2025-09-27 08:27:38,086 [WARN] ApiManager:304 - Cannot register API 'PGEEZ1:SPI' from pack STMicroelectronics.X-CUBE-EEPRMA1.5.2.0: no header file found
2025-09-27 08:27:38,086 [WARN] ApiManager:304 - Cannot register API 'PGEEZ1:QDSPI' from pack STMicroelectronics.X-CUBE-EEPRMA1.5.2.0: no header file found
2025-09-27 08:27:38,088 [WARN] ApiManager:304 - Cannot register API 'Board Extension:GNSS1A1' from pack STMicroelectronics.X-CUBE-GNSS1.7.0.1: no header file found
2025-09-27 08:27:38,088 [WARN] ApiManager:304 - Cannot register API 'Board Support:Custom' from pack STMicroelectronics.X-CUBE-GNSS1.7.0.1: no header file found
2025-09-27 08:27:38,088 [WARN] ApiManager:304 - Cannot register API 'Data Exchange:lib_gnss' from pack STMicroelectronics.X-CUBE-GNSS1.7.0.1: no header file found
2025-09-27 08:27:38,089 [WARN] ApiManager:304 - Cannot register API 'Board Extension:NFC12A1' from pack STMicroelectronics.X-CUBE-NFC12.1.0.0: no header file found
2025-09-27 08:27:38,092 [WARN] ApiManager:304 - Cannot register API 'Board Extension:NFC06A1' from pack STMicroelectronics.X-CUBE-NFC6.3.1.0: no header file found
2025-09-27 08:27:38,093 [WARN] ApiManager:304 - Cannot register API 'Board Extension:NFC08A1' from pack STMicroelectronics.X-CUBE-NFC6.3.1.0: no header file found
2025-09-27 08:27:38,093 [INFO] RtosManager:484 - Registered RTOS mode: class=CMSIS, group=RTOS, mode=CMSIS_V1, owner=FREERTOS
2025-09-27 08:27:38,093 [INFO] RtosManager:484 - Registered RTOS mode: class=CMSIS, group=RTOS2, mode=CMSIS_V2, owner=FREERTOS
2025-09-27 08:27:38,093 [INFO] RtosManager:484 - Registered RTOS mode: class=RTOS, group=Core, mode=CMSIS_V1, owner=FREERTOS
2025-09-27 08:27:38,093 [INFO] RtosManager:484 - Registered RTOS mode: class=RTOS, group=Core, mode=CMSIS_V2, owner=FREERTOS
2025-09-27 08:27:38,093 [WARN] ModelIntegratedComponent:181 - Missing modes for component STMicroelectronics:FreeRTOS:0.0.1:STMicroelectronics:RTOS:FreeRTOS:Core:::10.2.0:
2025-09-27 08:27:38,095 [WARN] ApiManager:304 - Cannot register API 'Board Extension:STSAFEA1' from pack STMicroelectronics.X-CUBE-SAFEA1.1.2.2: no header file found
2025-09-27 08:27:38,095 [WARN] ApiManager:304 - Cannot register API 'Board Part:STSAFEA110' from pack STMicroelectronics.X-CUBE-SAFEA1.1.2.2: no header file found
2025-09-27 08:27:38,096 [WARN] ApiManager:304 - Cannot register API 'Security:ST_Cryptolib' from pack STMicroelectronics.X-CUBE-SAFEA1.1.2.2: no header file found
2025-09-27 08:27:38,096 [WARN] ApiManager:304 - Cannot register API 'Security:MbedTLS' from pack STMicroelectronics.X-CUBE-SAFEA1.1.2.2: no header file found
2025-09-27 08:27:38,097 [WARN] ApiManager:304 - Cannot register API 'Board Extension:NFC04A1' from pack STMicroelectronics.X-CUBE-NFC4.3.0.0: no header file found
2025-09-27 08:27:38,102 [WARN] ApiManager:304 - Cannot register API 'Board Extension:S2868A1' from pack STMicroelectronics.X-CUBE-SUBG2.5.0.0: no header file found
2025-09-27 08:27:38,102 [WARN] ApiManager:304 - Cannot register API 'Board Extension:S2868A2' from pack STMicroelectronics.X-CUBE-SUBG2.5.0.0: no header file found
2025-09-27 08:27:38,103 [WARN] ApiManager:304 - Cannot register API 'Board Extension:S2915A1' from pack STMicroelectronics.X-CUBE-SUBG2.5.0.0: no header file found
2025-09-27 08:27:38,106 [WARN] ApiManager:304 - Cannot register API 'Wireless:STM32WB05N' from pack STMicroelectronics.X-CUBE-WB05N.2.0.0: no header file found
2025-09-27 08:27:38,108 [WARN] ApiManager:304 - Cannot register API 'Board Extension:NFC07A1' from pack STMicroelectronics.X-CUBE-NFC7.2.0.0: no header file found
2025-09-27 08:27:38,109 [WARN] ApiManager:304 - Cannot register API 'Board Extension:NFC10A1' from pack STMicroelectronics.X-CUBE-NFC10.1.0.0: no header file found
2025-09-27 08:27:38,109 [WARN] ModelIntegratedComponent:60 - No mode defined for component null
2025-09-27 08:27:38,109 [WARN] ModelIntegratedComponent:60 - No mode defined for component null
2025-09-27 08:27:38,109 [WARN] ModelIntegratedComponent:60 - No mode defined for component null
2025-09-27 08:27:38,110 [WARN] ModelIntegratedComponent:60 - No mode defined for component null
2025-09-27 08:27:38,110 [WARN] ModelIntegratedComponent:60 - No mode defined for component null
2025-09-27 08:27:38,110 [WARN] ModelIntegratedComponent:60 - No mode defined for component null
2025-09-27 08:27:38,110 [WARN] ModelIntegratedComponent:60 - No mode defined for component null
2025-09-27 08:27:38,110 [WARN] ModelIntegratedComponent:60 - No mode defined for component null
2025-09-27 08:27:38,110 [WARN] ModelIntegratedComponent:60 - No mode defined for component null
2025-09-27 08:27:38,110 [WARN] ModelIntegratedComponent:60 - No mode defined for component null
2025-09-27 08:27:38,110 [WARN] ModelIntegratedComponent:60 - No mode defined for component null
2025-09-27 08:27:38,110 [WARN] ModelIntegratedComponent:60 - No mode defined for component null
2025-09-27 08:27:38,110 [WARN] ModelIntegratedComponent:60 - No mode defined for component null
2025-09-27 08:27:38,110 [WARN] ModelIntegratedComponent:60 - No mode defined for component null
2025-09-27 08:27:38,111 [WARN] ModelIntegratedComponent:60 - No mode defined for component null
2025-09-27 08:27:38,111 [WARN] ModelIntegratedComponent:60 - No mode defined for component null
2025-09-27 08:27:38,111 [WARN] ModelIntegratedComponent:60 - No mode defined for component null
2025-09-27 08:27:38,111 [WARN] ModelIntegratedComponent:60 - No mode defined for component null
2025-09-27 08:27:38,111 [WARN] ModelIntegratedComponent:60 - No mode defined for component null
2025-09-27 08:27:38,111 [WARN] ModelIntegratedComponent:60 - No mode defined for component null
2025-09-27 08:27:38,111 [WARN] ModelIntegratedComponent:60 - No mode defined for component null
2025-09-27 08:27:38,111 [WARN] ModelIntegratedComponent:60 - No mode defined for component null
2025-09-27 08:27:38,111 [WARN] ModelIntegratedComponent:60 - No mode defined for component null
2025-09-27 08:27:38,111 [WARN] ModelIntegratedComponent:60 - No mode defined for component null
2025-09-27 08:27:38,111 [WARN] ModelIntegratedComponent:60 - No mode defined for component null
2025-09-27 08:27:38,112 [WARN] ModelIntegratedComponent:60 - No mode defined for component null
2025-09-27 08:27:38,112 [WARN] ModelIntegratedComponent:60 - No mode defined for component null
2025-09-27 08:27:38,112 [WARN] ModelIntegratedComponent:60 - No mode defined for component null
2025-09-27 08:27:38,112 [WARN] ModelIntegratedComponent:60 - No mode defined for component null
2025-09-27 08:27:38,112 [WARN] ModelIntegratedComponent:60 - No mode defined for component null
2025-09-27 08:27:38,112 [WARN] ModelIntegratedComponent:60 - No mode defined for component null
2025-09-27 08:27:38,113 [WARN] ApiManager:304 - Cannot register API 'Board Extension:SAFEA1' from pack STMicroelectronics.X-CUBE-STSE01.1.0.0: no header file found
2025-09-27 08:27:38,113 [WARN] ApiManager:304 - Cannot register API 'Board Extension:ESE01A1' from pack STMicroelectronics.X-CUBE-STSE01.1.0.0: no header file found
2025-09-27 08:27:38,114 [WARN] ApiManager:304 - Cannot register API 'Board Part:STSAFEA110' from pack STMicroelectronics.X-CUBE-STSE01.1.0.0: no header file found
2025-09-27 08:27:38,114 [WARN] ApiManager:304 - Cannot register API 'Board Part:STSAFEA120' from pack STMicroelectronics.X-CUBE-STSE01.1.0.0: no header file found
2025-09-27 08:27:38,114 [WARN] ApiManager:304 - Cannot register API 'Security:STM32_Cryptographic' from pack STMicroelectronics.X-CUBE-STSE01.1.0.0: no header file found
2025-09-27 08:27:38,114 [WARN] ApiManager:304 - Cannot register API 'Security:STSELib' from pack STMicroelectronics.X-CUBE-STSE01.1.0.0: no header file found
2025-09-27 08:27:38,386 [WARN] ApiManager:304 - Cannot register API 'Board Extension:IKS01A3' from pack STMicroelectronics.X-CUBE-MEMS1.11.3.0: no header file found
2025-09-27 08:27:38,386 [WARN] ApiManager:304 - Cannot register API 'Board Extension:IKS02A1' from pack STMicroelectronics.X-CUBE-MEMS1.11.3.0: no header file found
2025-09-27 08:27:38,386 [WARN] ApiManager:304 - Cannot register API 'Board Extension:IKS4A1' from pack STMicroelectronics.X-CUBE-MEMS1.11.3.0: no header file found
2025-09-27 08:27:38,394 [WARN] ApiManager:304 - Cannot register API 'Board Extension:S2868A1' from pack STMicroelectronics.X-CUBE-SFXS2LP1.4.0.0: no header file found
2025-09-27 08:27:38,395 [WARN] ApiManager:304 - Cannot register API 'Board Extension:S2868A2' from pack STMicroelectronics.X-CUBE-SFXS2LP1.4.0.0: no header file found
2025-09-27 08:27:38,395 [WARN] ApiManager:304 - Cannot register API 'Board Extension:S2915A1' from pack STMicroelectronics.X-CUBE-SFXS2LP1.4.0.0: no header file found
2025-09-27 08:27:38,395 [WARN] ApiManager:304 - Cannot register API 'Wireless:BlueNRG-2' from pack STMicroelectronics.X-CUBE-BLE2.3.3.0: no header file found
2025-09-27 08:27:41,105 [INFO] UtilMem:74 - End LoadConfig() Used Memory: 1005601288 Bytes (1073741824)
2025-09-27 08:27:41,106 [WARN] ThirdParty:779 - waiting for thirdparty lock release [change project]
2025-09-27 08:27:41,106 [INFO] ThirdParty:781 - entering critical section [change project]
2025-09-27 08:27:41,106 [INFO] ThirdParty:967 - CMSIS Pack Vendor :STMicroelectronics X-CUBE-PM33A1 1.0.0
2025-09-27 08:27:41,106 [INFO] ThirdParty:967 - CMSIS Pack Vendor :STMicroelectronics X-CUBE-NFC9 1.0.0
2025-09-27 08:27:41,106 [INFO] ThirdParty:967 - CMSIS Pack Vendor :STMicroelectronics USB_HOST 2.0.0
2025-09-27 08:27:41,107 [INFO] ThirdParty:967 - CMSIS Pack Vendor :STMicroelectronics X-CUBE-AZRTOS-F4 1.1.0
2025-09-27 08:27:41,107 [INFO] ThirdParty:967 - CMSIS Pack Vendor :STMicroelectronics FP-ATR-ASTRA1 2.0.2
2025-09-27 08:27:41,107 [INFO] ThirdParty:967 - CMSIS Pack Vendor :wolfSSL I-CUBE-wolfSSL 5.8.2
2025-09-27 08:27:41,107 [INFO] ThirdParty:967 - CMSIS Pack Vendor :STMicroelectronics X-CUBE-BLE1 7.1.0
2025-09-27 08:27:41,107 [INFO] ThirdParty:967 - CMSIS Pack Vendor :wolfSSL I-CUBE-wolfMQTT 1.19.2
2025-09-27 08:27:41,107 [INFO] ThirdParty:967 - CMSIS Pack Vendor :STMicroelectronics USB_DEVICE 3.0.0
2025-09-27 08:27:41,107 [INFO] ThirdParty:967 - CMSIS Pack Vendor :STMicroelectronics X-CUBE-ISPU 2.1.0
2025-09-27 08:27:41,107 [INFO] ThirdParty:967 - CMSIS Pack Vendor :STMicroelectronics X-CUBE-EEPRMA1 5.2.0
2025-09-27 08:27:41,107 [INFO] ThirdParty:967 - CMSIS Pack Vendor :STMicroelectronics X-CUBE-AZRTOS-WB 2.0.0
2025-09-27 08:27:41,107 [INFO] ThirdParty:967 - CMSIS Pack Vendor :STMicroelectronics X-CUBE-GNSS1 7.0.1
2025-09-27 08:27:41,107 [INFO] ThirdParty:967 - CMSIS Pack Vendor :STMicroelectronics X-CUBE-NFC12 1.0.0
2025-09-27 08:27:41,107 [INFO] ThirdParty:967 - CMSIS Pack Vendor :STMicroelectronics X-CUBE-AZRTOS-F7 1.1.0
2025-09-27 08:27:41,107 [INFO] ThirdParty:967 - CMSIS Pack Vendor :STMicroelectronics X-CUBE-AZRTOS-L5 2.0.0
2025-09-27 08:27:41,107 [INFO] ThirdParty:967 - CMSIS Pack Vendor :STMicroelectronics X-CUBE-TOUCHGFX 4.25.0
2025-09-27 08:27:41,107 [INFO] ThirdParty:967 - CMSIS Pack Vendor :STMicroelectronics USB_DEVICE 2.0.0
2025-09-27 08:27:41,108 [INFO] ThirdParty:967 - CMSIS Pack Vendor :STMicroelectronics X-CUBE-NFC6 3.1.0
2025-09-27 08:27:41,108 [INFO] ThirdParty:967 - CMSIS Pack Vendor :STMicroelectronics FreeRTOS 0.0.1
2025-09-27 08:27:41,108 [INFO] ThirdParty:967 - CMSIS Pack Vendor :STMicroelectronics X-CUBE-AZRTOS-G0 1.1.0
2025-09-27 08:27:41,108 [INFO] ThirdParty:967 - CMSIS Pack Vendor :STMicroelectronics X-CUBE-SAFEA1 1.2.2
2025-09-27 08:27:41,108 [INFO] ThirdParty:967 - CMSIS Pack Vendor :STMicroelectronics X-CUBE-NFC4 3.0.0
2025-09-27 08:27:41,108 [INFO] ThirdParty:967 - CMSIS Pack Vendor :STMicroelectronics X-CUBE-SUBG2 5.0.0
2025-09-27 08:27:41,108 [INFO] ThirdParty:967 - CMSIS Pack Vendor :STMicroelectronics X-CUBE-AZRTOS-H7RS 1.1.0
2025-09-27 08:27:41,108 [INFO] ThirdParty:967 - CMSIS Pack Vendor :STMicroelectronics lwIP 2.0.3
2025-09-27 08:27:41,108 [INFO] ThirdParty:967 - CMSIS Pack Vendor :STMicroelectronics USB_HOST 1.0.0
2025-09-27 08:27:41,108 [INFO] ThirdParty:967 - CMSIS Pack Vendor :STMicroelectronics X-CUBE-AZRTOS-G4 2.0.0
2025-09-27 08:27:41,108 [INFO] ThirdParty:967 - CMSIS Pack Vendor :STMicroelectronics X-CUBE-WB05N 2.0.0
2025-09-27 08:27:41,108 [INFO] ThirdParty:967 - CMSIS Pack Vendor :STMicroelectronics PDM2PCM 3.1.0
2025-09-27 08:27:41,108 [INFO] ThirdParty:967 - CMSIS Pack Vendor :STMicroelectronics PDM2PCM 3.3.0
2025-09-27 08:27:41,108 [INFO] ThirdParty:967 - CMSIS Pack Vendor :wolfSSL I-CUBE-wolfTPM 3.8.0
2025-09-27 08:27:41,108 [INFO] ThirdParty:967 - CMSIS Pack Vendor :STMicroelectronics X-CUBE-AZRTOS-H7 3.4.0
2025-09-27 08:27:41,108 [INFO] ThirdParty:967 - CMSIS Pack Vendor :wolfSSL I-CUBE-wolfSSH 1.4.20
2025-09-27 08:27:41,109 [INFO] ThirdParty:967 - CMSIS Pack Vendor :STMicroelectronics X-CUBE-NFC7 2.0.0
2025-09-27 08:27:41,109 [INFO] ThirdParty:967 - CMSIS Pack Vendor :STMicroelectronics FP-ATR-SIGFOX1 3.2.0
2025-09-27 08:27:41,109 [INFO] ThirdParty:967 - CMSIS Pack Vendor :STMicroelectronics X-CUBE-NFC10 1.0.0
2025-09-27 08:27:41,109 [INFO] ThirdParty:967 - CMSIS Pack Vendor :STMicroelectronics HAL Drivers 0.0.0
2025-09-27 08:27:41,109 [INFO] ThirdParty:967 - CMSIS Pack Vendor :STMicroelectronics MBEDTLS 2.16.2
2025-09-27 08:27:41,109 [INFO] ThirdParty:967 - CMSIS Pack Vendor :STMicroelectronics MBEDTLS 2.14.1
2025-09-27 08:27:41,109 [INFO] ThirdParty:967 - CMSIS Pack Vendor :STMicroelectronics X-CUBE-STSE01 1.0.0
2025-09-27 08:27:41,109 [INFO] ThirdParty:967 - CMSIS Pack Vendor :STMicroelectronics X-CUBE-AI 10.2.0
2025-09-27 08:27:41,109 [INFO] ThirdParty:967 - CMSIS Pack Vendor :STMicroelectronics X-CUBE-AZRTOS-WL 2.0.0
2025-09-27 08:27:41,109 [INFO] ThirdParty:967 - CMSIS Pack Vendor :SEGGER I-CUBE-embOS 1.3.1
2025-09-27 08:27:41,109 [INFO] ThirdParty:967 - CMSIS Pack Vendor :STMicroelectronics X-CUBE-ALGOBUILD 1.4.0
2025-09-27 08:27:41,109 [INFO] ThirdParty:967 - CMSIS Pack Vendor :STMicroelectronics X-CUBE-MEMS1 11.3.0
2025-09-27 08:27:41,109 [INFO] ThirdParty:967 - CMSIS Pack Vendor :STMicroelectronics USB_DEVICE 1.0.0
2025-09-27 08:27:41,109 [INFO] ThirdParty:967 - CMSIS Pack Vendor :STMicroelectronics X-CUBE-AZRTOS-L4 2.0.0
2025-09-27 08:27:41,110 [INFO] ThirdParty:967 - CMSIS Pack Vendor :STMicroelectronics ThreadX 0.0.2
2025-09-27 08:27:41,110 [INFO] ThirdParty:967 - CMSIS Pack Vendor :STMicroelectronics lwIP 2.1.2
2025-09-27 08:27:41,110 [INFO] ThirdParty:967 - CMSIS Pack Vendor :STMicroelectronics X-CUBE-SFXS2LP1 4.0.0
2025-09-27 08:27:41,110 [INFO] ThirdParty:967 - CMSIS Pack Vendor :STMicroelectronics X-CUBE-BLE2 3.3.0
2025-09-27 08:27:41,110 [INFO] ThirdParty:967 - CMSIS Pack Vendor :STMicroelectronics PDM2PCM 3.2.0
2025-09-27 08:27:41,110 [INFO] ThirdParty:787 - exiting critical section [change project]
2025-09-27 08:27:41,227 [INFO] PinOutPanel:1463 - setPackage(No Configuration,No Configuration)
2025-09-27 08:27:41,228 [INFO] PinOutPanel:1463 - setPackage(STM32F103C6Ux,UFQFPN48)
2025-09-27 08:27:41,542 [INFO] UtilMem:74 - Before build in PCC Used Memory: 1042040336 Bytes (1073741824)
2025-09-27 08:27:41,873 [INFO] UtilMem:74 - After build in PCC Used Memory: 1023673192 Bytes (1073741824)
2025-09-27 08:27:41,889 [INFO] IPUIPlugin:74 - create IPUIPlugin
2025-09-27 08:27:41,890 [INFO] IPUIPlugin:74 - create IPUIPlugin
2025-09-27 08:27:41,890 [INFO] IPUIPlugin:74 - create IPUIPlugin
2025-09-27 08:27:41,890 [INFO] IPUIPlugin:74 - create IPUIPlugin
2025-09-27 08:27:41,890 [INFO] IPUIPlugin:74 - create IPUIPlugin
2025-09-27 08:27:41,890 [INFO] IPUIPlugin:74 - create IPUIPlugin
2025-09-27 08:27:41,890 [INFO] IPUIPlugin:74 - create IPUIPlugin
2025-09-27 08:27:41,891 [INFO] IPUIPlugin:74 - create IPUIPlugin
2025-09-27 08:27:41,891 [INFO] IPUIPlugin:74 - create IPUIPlugin
2025-09-27 08:27:41,891 [INFO] IPUIPlugin:74 - create IPUIPlugin
2025-09-27 08:27:41,891 [INFO] IPUIPlugin:74 - create IPUIPlugin
2025-09-27 08:27:41,891 [INFO] IPUIPlugin:74 - create IPUIPlugin
2025-09-27 08:27:41,892 [INFO] IPUIPlugin:74 - create IPUIPlugin
2025-09-27 08:27:41,892 [INFO] IPUIPlugin:74 - create IPUIPlugin
2025-09-27 08:27:41,892 [INFO] IPUIPlugin:74 - create IPUIPlugin
2025-09-27 08:27:41,893 [INFO] IPUIPlugin:74 - create IPUIPlugin
2025-09-27 08:27:41,893 [INFO] IPUIPlugin:74 - create IPUIPlugin
2025-09-27 08:27:41,893 [INFO] IPUIPlugin:74 - create IPUIPlugin
2025-09-27 08:27:41,893 [INFO] IPUIPlugin:74 - create IPUIPlugin
2025-09-27 08:27:41,894 [INFO] IPUIPlugin:74 - create IPUIPlugin
2025-09-27 08:27:41,894 [INFO] IPUIPlugin:74 - create IPUIPlugin
2025-09-27 08:27:41,894 [INFO] IPUIPlugin:74 - create IPUIPlugin
2025-09-27 08:27:41,895 [INFO] IPUIPlugin:74 - create IPUIPlugin
2025-09-27 08:27:41,897 [ERROR] LogOutputStream:74 - [STDERR_REDIRECT] Exception in thread "AWT-EventQueue-0" java.lang.NullPointerException
2025-09-27 08:27:41,898 [ERROR] LogOutputStream:74 - [STDERR_REDIRECT] 	at com.st.stm32cube.common.mx.editor.CubeMxEditor$2.stateChanged(CubeMxEditor.java:1598)
2025-09-27 08:27:41,899 [ERROR] LogOutputStream:74 - [STDERR_REDIRECT] 	at java.desktop/javax.swing.JTabbedPane.fireStateChanged(JTabbedPane.java:418)
2025-09-27 08:27:41,901 [ERROR] LogOutputStream:74 - [STDERR_REDIRECT] 	at java.desktop/javax.swing.JTabbedPane$ModelListener.stateChanged(JTabbedPane.java:269)
2025-09-27 08:27:41,902 [ERROR] LogOutputStream:74 - [STDERR_REDIRECT] 	at java.desktop/javax.swing.DefaultSingleSelectionModel.fireStateChanged(DefaultSingleSelectionModel.java:143)
2025-09-27 08:27:41,903 [ERROR] LogOutputStream:74 - [STDERR_REDIRECT] 	at java.desktop/javax.swing.DefaultSingleSelectionModel.setSelectedIndex(DefaultSingleSelectionModel.java:74)
2025-09-27 08:27:41,905 [ERROR] LogOutputStream:74 - [STDERR_REDIRECT] 	at java.desktop/javax.swing.JTabbedPane.setSelectedIndexImpl(JTabbedPane.java:622)
2025-09-27 08:27:41,906 [ERROR] LogOutputStream:74 - [STDERR_REDIRECT] 	at java.desktop/javax.swing.JTabbedPane.removeAll(JTabbedPane.java:1069)
2025-09-27 08:27:41,907 [ERROR] LogOutputStream:74 - [STDERR_REDIRECT] 	at com.st.microxplorer.maingui.MainPanel.removePluginTabs(MainPanel.java:1509)
2025-09-27 08:27:41,908 [ERROR] LogOutputStream:74 - [STDERR_REDIRECT] 	at com.st.microxplorer.maingui.MainPanel.updateViewsTabPane(MainPanel.java:1514)
2025-09-27 08:27:41,909 [ERROR] LogOutputStream:74 - [STDERR_REDIRECT] 	at com.st.microxplorer.maingui.MainPanel.propertyChange(MainPanel.java:853)
2025-09-27 08:27:41,912 [ERROR] LogOutputStream:74 - [STDERR_REDIRECT] 	at java.desktop/java.beans.PropertyChangeSupport.fire(PropertyChangeSupport.java:341)
2025-09-27 08:27:41,913 [ERROR] LogOutputStream:74 - [STDERR_REDIRECT] 	at java.desktop/java.beans.PropertyChangeSupport.firePropertyChange(PropertyChangeSupport.java:333)
2025-09-27 08:27:41,915 [ERROR] LogOutputStream:74 - [STDERR_REDIRECT] 	at java.desktop/java.beans.PropertyChangeSupport.firePropertyChange(PropertyChangeSupport.java:266)
2025-09-27 08:27:41,916 [ERROR] LogOutputStream:74 - [STDERR_REDIRECT] 	at com.st.microxplorer.util.MXPropertyChangeSupport.firePropertyChange(MXPropertyChangeSupport.java:50)
2025-09-27 08:27:41,917 [ERROR] LogOutputStream:74 - [STDERR_REDIRECT] 	at com.st.microxplorer.mxsystem.MxSystem.completeLoadConfig(MxSystem.java:620)
2025-09-27 08:27:41,919 [ERROR] LogOutputStream:74 - [STDERR_REDIRECT] 	at com.st.microxplorer.plugins.filemanager.engine.OpenFileManager.LoadConfig(OpenFileManager.java:325)
2025-09-27 08:27:41,920 [ERROR] LogOutputStream:74 - [STDERR_REDIRECT] 	at com.st.microxplorer.plugins.filemanager.engine.OpenFileManager.loadConfigurationFile(OpenFileManager.java:242)
2025-09-27 08:27:41,922 [ERROR] LogOutputStream:74 - [STDERR_REDIRECT] 	at com.st.microxplorer.plugins.filemanager.engine.MainFileManager.userLoadConfig(MainFileManager.java:276)
2025-09-27 08:27:41,923 [ERROR] LogOutputStream:74 - [STDERR_REDIRECT] 	at com.st.microxplorer.plugins.filemanager.FileManagerView.getSpecificTask(FileManagerView.java:240)
2025-09-27 08:27:41,925 [ERROR] LogOutputStream:74 - [STDERR_REDIRECT] 	at com.st.stm32cube.common.mx.editor.CubeMxEditor.getMxTabbedPaneInstance(CubeMxEditor.java:1148)
2025-09-27 08:27:41,926 [ERROR] LogOutputStream:74 - [STDERR_REDIRECT] 	at com.st.stm32cube.common.mx.editor.CubeMxEditor$11$1.createSwingComponent(CubeMxEditor.java:1034)
2025-09-27 08:27:41,927 [ERROR] LogOutputStream:74 - [STDERR_REDIRECT] 	at com.st.stm32cube.common.mx.oss.core.awtswtbridge.EmbeddedSwingComposite.doComponentCreation(EmbeddedSwingComposite.java:492)
2025-09-27 08:27:41,929 [ERROR] LogOutputStream:74 - [STDERR_REDIRECT] 	at com.st.stm32cube.common.mx.oss.core.awtswtbridge.EmbeddedSwingComposite$4.run(EmbeddedSwingComposite.java:291)
2025-09-27 08:27:41,930 [ERROR] LogOutputStream:74 - [STDERR_REDIRECT] 	at com.st.stm32cube.common.mx.oss.core.awtswtbridge.AwtEnvironment$2.run(AwtEnvironment.java:166)
2025-09-27 08:27:41,931 [ERROR] LogOutputStream:74 - [STDERR_REDIRECT] 	at java.desktop/java.awt.event.InvocationEvent.dispatch(InvocationEvent.java:313)
2025-09-27 08:27:41,932 [ERROR] LogOutputStream:74 - [STDERR_REDIRECT] 	at java.desktop/java.awt.EventQueue.dispatchEventImpl(EventQueue.java:770)
2025-09-27 08:27:41,933 [ERROR] LogOutputStream:74 - [STDERR_REDIRECT] 	at java.desktop/java.awt.EventQueue$4.run(EventQueue.java:721)
2025-09-27 08:27:41,934 [ERROR] LogOutputStream:74 - [STDERR_REDIRECT] 	at java.desktop/java.awt.EventQueue$4.run(EventQueue.java:715)
2025-09-27 08:27:41,935 [ERROR] LogOutputStream:74 - [STDERR_REDIRECT] 	at java.base/java.security.AccessController.doPrivileged(Native Method)
2025-09-27 08:27:41,937 [ERROR] LogOutputStream:74 - [STDERR_REDIRECT] 	at java.base/java.security.ProtectionDomain$JavaSecurityAccessImpl.doIntersectionPrivilege(ProtectionDomain.java:85)
2025-09-27 08:27:41,939 [ERROR] LogOutputStream:74 - [STDERR_REDIRECT] 	at java.desktop/java.awt.EventQueue.dispatchEvent(EventQueue.java:740)
2025-09-27 08:27:41,940 [ERROR] LogOutputStream:74 - [STDERR_REDIRECT] 	at java.desktop/java.awt.EventDispatchThread.pumpOneEventForFilters(EventDispatchThread.java:203)
2025-09-27 08:27:41,941 [ERROR] LogOutputStream:74 - [STDERR_REDIRECT] 	at java.desktop/java.awt.EventDispatchThread.pumpEventsForFilter(EventDispatchThread.java:124)
2025-09-27 08:27:41,943 [ERROR] LogOutputStream:74 - [STDERR_REDIRECT] 	at java.desktop/java.awt.EventDispatchThread.pumpEventsForHierarchy(EventDispatchThread.java:113)
2025-09-27 08:27:41,944 [ERROR] LogOutputStream:74 - [STDERR_REDIRECT] 	at java.desktop/java.awt.EventDispatchThread.pumpEvents(EventDispatchThread.java:109)
2025-09-27 08:27:41,945 [ERROR] LogOutputStream:74 - [STDERR_REDIRECT] 	at java.desktop/java.awt.EventDispatchThread.pumpEvents(EventDispatchThread.java:101)
2025-09-27 08:27:41,946 [ERROR] LogOutputStream:74 - [STDERR_REDIRECT] 	at java.desktop/java.awt.EventDispatchThread.run(EventDispatchThread.java:90)
2025-09-27 08:27:41,960 [INFO] UtilMem:74 - End SaveConfig() Used Memory: 1049365352 Bytes (1073741824)
2025-09-27 08:27:41,988 [ERROR] LogOutputStream:74 - [STDERR_REDIRECT] Exception in thread "AWT-EventQueue-0" java.lang.IndexOutOfBoundsException: Index -1 out of bounds for length 4
2025-09-27 08:27:41,990 [ERROR] LogOutputStream:74 - [STDERR_REDIRECT] 	at java.base/jdk.internal.util.Preconditions.outOfBounds(Preconditions.java:64)
2025-09-27 08:27:41,991 [ERROR] LogOutputStream:74 - [STDERR_REDIRECT] 	at java.base/jdk.internal.util.Preconditions.outOfBoundsCheckIndex(Preconditions.java:70)
2025-09-27 08:27:41,992 [ERROR] LogOutputStream:74 - [STDERR_REDIRECT] 	at java.base/jdk.internal.util.Preconditions.checkIndex(Preconditions.java:248)
2025-09-27 08:27:41,993 [ERROR] LogOutputStream:74 - [STDERR_REDIRECT] 	at java.base/java.util.Objects.checkIndex(Objects.java:372)
2025-09-27 08:27:41,994 [ERROR] LogOutputStream:74 - [STDERR_REDIRECT] 	at java.base/java.util.ArrayList.get(ArrayList.java:459)
2025-09-27 08:27:41,995 [ERROR] LogOutputStream:74 - [STDERR_REDIRECT] 	at java.desktop/javax.swing.JTabbedPane.getTitleAt(JTabbedPane.java:1121)
2025-09-27 08:27:41,996 [ERROR] LogOutputStream:74 - [STDERR_REDIRECT] 	at com.st.microxplorer.maingui.MainPanel.getSelectedPluginView(MainPanel.java:1624)
2025-09-27 08:27:41,997 [ERROR] LogOutputStream:74 - [STDERR_REDIRECT] 	at com.st.microxplorer.maingui.MainPanel.getCurrentPluginName(MainPanel.java:1763)
2025-09-27 08:27:41,998 [ERROR] LogOutputStream:74 - [STDERR_REDIRECT] 	at com.st.microxplorer.maingui.AppletMainFrameCubeIde.UpdateCaption(AppletMainFrameCubeIde.java:71)
2025-09-27 08:27:41,999 [ERROR] LogOutputStream:74 - [STDERR_REDIRECT] 	at com.st.microxplorer.maingui.MainPanel.resetModified(MainPanel.java:545)
2025-09-27 08:27:42,001 [ERROR] LogOutputStream:74 - [STDERR_REDIRECT] 	at com.st.microxplorer.plugins.filemanager.engine.SaveFileManager.saveConfiguration(SaveFileManager.java:129)
2025-09-27 08:27:42,002 [ERROR] LogOutputStream:74 - [STDERR_REDIRECT] 	at com.st.microxplorer.plugins.filemanager.engine.MainFileManager.userSaveConfig(MainFileManager.java:394)
2025-09-27 08:27:42,003 [ERROR] LogOutputStream:74 - [STDERR_REDIRECT] 	at com.st.microxplorer.plugins.filemanager.FileManagerView.getSpecificTask(FileManagerView.java:252)
2025-09-27 08:27:42,004 [ERROR] LogOutputStream:74 - [STDERR_REDIRECT] 	at com.st.stm32cube.common.mx.editor.CubeMxEditor$20.run(CubeMxEditor.java:2156)
2025-09-27 08:27:42,006 [ERROR] LogOutputStream:74 - [STDERR_REDIRECT] 	at com.st.stm32cube.common.mx.oss.core.awtswtbridge.AwtEnvironment$2.run(AwtEnvironment.java:166)
2025-09-27 08:27:42,008 [ERROR] LogOutputStream:74 - [STDERR_REDIRECT] 	at java.desktop/java.awt.event.InvocationEvent.dispatch(InvocationEvent.java:313)
2025-09-27 08:27:42,009 [ERROR] LogOutputStream:74 - [STDERR_REDIRECT] 	at java.desktop/java.awt.EventQueue.dispatchEventImpl(EventQueue.java:770)
2025-09-27 08:27:42,010 [ERROR] LogOutputStream:74 - [STDERR_REDIRECT] 	at java.desktop/java.awt.EventQueue$4.run(EventQueue.java:721)
2025-09-27 08:27:42,011 [ERROR] LogOutputStream:74 - [STDERR_REDIRECT] 	at java.desktop/java.awt.EventQueue$4.run(EventQueue.java:715)
2025-09-27 08:27:42,011 [ERROR] LogOutputStream:74 - [STDERR_REDIRECT] 	at java.base/java.security.AccessController.doPrivileged(Native Method)
2025-09-27 08:27:42,013 [ERROR] LogOutputStream:74 - [STDERR_REDIRECT] 	at java.base/java.security.ProtectionDomain$JavaSecurityAccessImpl.doIntersectionPrivilege(ProtectionDomain.java:85)
2025-09-27 08:27:42,014 [ERROR] LogOutputStream:74 - [STDERR_REDIRECT] 	at java.desktop/java.awt.EventQueue.dispatchEvent(EventQueue.java:740)
2025-09-27 08:27:42,015 [ERROR] LogOutputStream:74 - [STDERR_REDIRECT] 	at java.desktop/java.awt.EventDispatchThread.pumpOneEventForFilters(EventDispatchThread.java:203)
2025-09-27 08:27:42,016 [ERROR] LogOutputStream:74 - [STDERR_REDIRECT] 	at java.desktop/java.awt.EventDispatchThread.pumpEventsForFilter(EventDispatchThread.java:124)
2025-09-27 08:27:42,018 [ERROR] LogOutputStream:74 - [STDERR_REDIRECT] 	at java.desktop/java.awt.EventDispatchThread.pumpEventsForHierarchy(EventDispatchThread.java:113)
2025-09-27 08:27:42,019 [ERROR] LogOutputStream:74 - [STDERR_REDIRECT] 	at java.desktop/java.awt.EventDispatchThread.pumpEvents(EventDispatchThread.java:109)
2025-09-27 08:27:42,020 [ERROR] LogOutputStream:74 - [STDERR_REDIRECT] 	at java.desktop/java.awt.EventDispatchThread.pumpEvents(EventDispatchThread.java:101)
2025-09-27 08:27:42,021 [ERROR] LogOutputStream:74 - [STDERR_REDIRECT] 	at java.desktop/java.awt.EventDispatchThread.run(EventDispatchThread.java:90)
2025-09-27 08:27:42,634 [INFO] McuFinderGlobals:52 - Set McuFinderConnectedMode to true
2025-09-27 08:27:42,636 [INFO] ApiDb:276 - Save user favorites file C:\Users\ATPHOME/.stm32cubeide/favorites.mcus.txt: 0 item(s)
2025-09-27 08:27:42,636 [INFO] ApiDb:280 - User favorites MCUs=[]
2025-09-27 08:27:43,421 [INFO] McuFinderGlobals:52 - Set McuFinderConnectedMode to false
2025-09-27 08:27:43,430 [INFO] CrossSelectorPresenter:1330 - Cross Selector saved comparison directory: C:\Users\ATPHOME\.stmcufinder\plugins\mcufinder\mcu\cs_comparisons_mx
2025-09-27 08:27:43,431 [INFO] MultiScanPanel:197 - Auto-refresh data requested => check proxy status ongoing
2025-09-27 08:27:43,431 [INFO] MultiScanPanel:201 - Proxy status is invalid
2025-09-27 08:27:43,432 [INFO] FinderPluginLoader:87 - Searching for filters in installed packs
2025-09-27 08:27:43,760 [INFO] DetailPanel:309 - Set advertising image to C:/Users/ATPHOME/STM32Cube/Repository/\en.2400x1350px.jpeg
2025-09-27 08:27:57,487 [ERROR] LogOutputStream:74 - [STDERR_REDIRECT] Exception in thread "AWT-EventQueue-0" java.lang.IndexOutOfBoundsException: Index -1 out of bounds for length 4
2025-09-27 08:27:57,488 [ERROR] LogOutputStream:74 - [STDERR_REDIRECT] 	at java.base/jdk.internal.util.Preconditions.outOfBounds(Preconditions.java:64)
2025-09-27 08:27:57,490 [ERROR] LogOutputStream:74 - [STDERR_REDIRECT] 	at java.base/jdk.internal.util.Preconditions.outOfBoundsCheckIndex(Preconditions.java:70)
2025-09-27 08:27:57,491 [ERROR] LogOutputStream:74 - [STDERR_REDIRECT] 	at java.base/jdk.internal.util.Preconditions.checkIndex(Preconditions.java:248)
2025-09-27 08:27:57,492 [ERROR] LogOutputStream:74 - [STDERR_REDIRECT] 	at java.base/java.util.Objects.checkIndex(Objects.java:372)
2025-09-27 08:27:57,492 [ERROR] LogOutputStream:74 - [STDERR_REDIRECT] 	at java.base/java.util.ArrayList.get(ArrayList.java:459)
2025-09-27 08:27:57,493 [ERROR] LogOutputStream:74 - [STDERR_REDIRECT] 	at java.desktop/javax.swing.JTabbedPane.getTitleAt(JTabbedPane.java:1121)
2025-09-27 08:27:57,494 [ERROR] LogOutputStream:74 - [STDERR_REDIRECT] 	at com.st.microxplorer.maingui.MainPanel.getSelectedPluginView(MainPanel.java:1624)
2025-09-27 08:27:57,495 [ERROR] LogOutputStream:74 - [STDERR_REDIRECT] 	at com.st.microxplorer.maingui.MainPanel.getCurrentPluginName(MainPanel.java:1763)
2025-09-27 08:27:57,497 [ERROR] LogOutputStream:74 - [STDERR_REDIRECT] 	at com.st.microxplorer.maingui.AppletMainFrameCubeIde.UpdateCaption(AppletMainFrameCubeIde.java:71)
2025-09-27 08:27:57,498 [ERROR] LogOutputStream:74 - [STDERR_REDIRECT] 	at com.st.microxplorer.maingui.MainPanel.resetModified(MainPanel.java:545)
2025-09-27 08:27:57,499 [ERROR] LogOutputStream:74 - [STDERR_REDIRECT] 	at com.st.stm32cube.common.mx.editor.CubeMxEditor$19.run(CubeMxEditor.java:1818)
2025-09-27 08:27:57,500 [ERROR] LogOutputStream:74 - [STDERR_REDIRECT] 	at com.st.stm32cube.common.mx.oss.core.awtswtbridge.AwtEnvironment$2.run(AwtEnvironment.java:166)
2025-09-27 08:27:57,501 [ERROR] LogOutputStream:74 - [STDERR_REDIRECT] 	at java.desktop/java.awt.event.InvocationEvent.dispatch(InvocationEvent.java:313)
2025-09-27 08:27:57,502 [ERROR] LogOutputStream:74 - [STDERR_REDIRECT] 	at java.desktop/java.awt.EventQueue.dispatchEventImpl(EventQueue.java:770)
2025-09-27 08:27:57,503 [ERROR] LogOutputStream:74 - [STDERR_REDIRECT] 	at java.desktop/java.awt.EventQueue$4.run(EventQueue.java:721)
2025-09-27 08:27:57,504 [ERROR] LogOutputStream:74 - [STDERR_REDIRECT] 	at java.desktop/java.awt.EventQueue$4.run(EventQueue.java:715)
2025-09-27 08:27:57,506 [ERROR] LogOutputStream:74 - [STDERR_REDIRECT] 	at java.base/java.security.AccessController.doPrivileged(Native Method)
2025-09-27 08:27:57,507 [ERROR] LogOutputStream:74 - [STDERR_REDIRECT] 	at java.base/java.security.ProtectionDomain$JavaSecurityAccessImpl.doIntersectionPrivilege(ProtectionDomain.java:85)
2025-09-27 08:27:57,508 [ERROR] LogOutputStream:74 - [STDERR_REDIRECT] 	at java.desktop/java.awt.EventQueue.dispatchEvent(EventQueue.java:740)
2025-09-27 08:27:57,510 [ERROR] LogOutputStream:74 - [STDERR_REDIRECT] 	at java.desktop/java.awt.EventDispatchThread.pumpOneEventForFilters(EventDispatchThread.java:203)
2025-09-27 08:27:57,511 [ERROR] LogOutputStream:74 - [STDERR_REDIRECT] 	at java.desktop/java.awt.EventDispatchThread.pumpEventsForFilter(EventDispatchThread.java:124)
2025-09-27 08:27:57,513 [ERROR] LogOutputStream:74 - [STDERR_REDIRECT] 	at java.desktop/java.awt.EventDispatchThread.pumpEventsForHierarchy(EventDispatchThread.java:113)
2025-09-27 08:27:57,514 [ERROR] LogOutputStream:74 - [STDERR_REDIRECT] 	at java.desktop/java.awt.EventDispatchThread.pumpEvents(EventDispatchThread.java:109)
2025-09-27 08:27:57,515 [ERROR] LogOutputStream:74 - [STDERR_REDIRECT] 	at java.desktop/java.awt.EventDispatchThread.pumpEvents(EventDispatchThread.java:101)
2025-09-27 08:27:57,516 [ERROR] LogOutputStream:74 - [STDERR_REDIRECT] 	at java.desktop/java.awt.EventDispatchThread.run(EventDispatchThread.java:90)
2025-09-27 08:28:07,481 [ERROR] LogOutputStream:74 - [STDERR_REDIRECT] Exception in thread "AWT-EventQueue-0" org.eclipse.swt.SWTException: Device is disposed
2025-09-27 08:28:07,482 [ERROR] LogOutputStream:74 - [STDERR_REDIRECT] 	at org.eclipse.swt.SWT.error(SWT.java:4889)
2025-09-27 08:28:07,483 [ERROR] LogOutputStream:74 - [STDERR_REDIRECT] 	at org.eclipse.swt.SWT.error(SWT.java:4804)
2025-09-27 08:28:07,484 [ERROR] LogOutputStream:74 - [STDERR_REDIRECT] 	at org.eclipse.swt.SWT.error(SWT.java:4775)
2025-09-27 08:28:07,496 [ERROR] LogOutputStream:74 - [STDERR_REDIRECT] 	at org.eclipse.swt.widgets.Display.error(Display.java:1262)
2025-09-27 08:28:07,497 [ERROR] LogOutputStream:74 - [STDERR_REDIRECT] 	at org.eclipse.swt.widgets.Display.asyncExec(Display.java:779)
2025-09-27 08:28:07,499 [ERROR] LogOutputStream:74 - [STDERR_REDIRECT] 	at com.st.stm32cube.common.mx.oss.core.awtswtbridge.AwtEnvironment$2.run(AwtEnvironment.java:168)
2025-09-27 08:28:07,500 [ERROR] LogOutputStream:74 - [STDERR_REDIRECT] 	at java.desktop/java.awt.event.InvocationEvent.dispatch(InvocationEvent.java:313)
2025-09-27 08:28:07,501 [ERROR] LogOutputStream:74 - [STDERR_REDIRECT] 	at java.desktop/java.awt.EventQueue.dispatchEventImpl(EventQueue.java:770)
2025-09-27 08:28:07,502 [ERROR] LogOutputStream:74 - [STDERR_REDIRECT] 	at java.desktop/java.awt.EventQueue$4.run(EventQueue.java:721)
2025-09-27 08:28:07,503 [ERROR] LogOutputStream:74 - [STDERR_REDIRECT] 	at java.desktop/java.awt.EventQueue$4.run(EventQueue.java:715)
2025-09-27 08:28:07,504 [ERROR] LogOutputStream:74 - [STDERR_REDIRECT] 	at java.base/java.security.AccessController.doPrivileged(Native Method)
2025-09-27 08:28:07,506 [ERROR] LogOutputStream:74 - [STDERR_REDIRECT] 	at java.base/java.security.ProtectionDomain$JavaSecurityAccessImpl.doIntersectionPrivilege(ProtectionDomain.java:85)
2025-09-27 08:28:07,507 [ERROR] LogOutputStream:74 - [STDERR_REDIRECT] 	at java.desktop/java.awt.EventQueue.dispatchEvent(EventQueue.java:740)
2025-09-27 08:28:07,508 [ERROR] LogOutputStream:74 - [STDERR_REDIRECT] 	at java.desktop/java.awt.EventDispatchThread.pumpOneEventForFilters(EventDispatchThread.java:203)
2025-09-27 08:28:07,509 [ERROR] LogOutputStream:74 - [STDERR_REDIRECT] 	at java.desktop/java.awt.EventDispatchThread.pumpEventsForFilter(EventDispatchThread.java:124)
2025-09-27 08:28:07,511 [ERROR] LogOutputStream:74 - [STDERR_REDIRECT] 	at java.desktop/java.awt.EventDispatchThread.pumpEventsForHierarchy(EventDispatchThread.java:113)
2025-09-27 08:28:07,512 [ERROR] LogOutputStream:74 - [STDERR_REDIRECT] 	at java.desktop/java.awt.EventDispatchThread.pumpEvents(EventDispatchThread.java:109)
2025-09-27 08:28:07,513 [ERROR] LogOutputStream:74 - [STDERR_REDIRECT] 	at java.desktop/java.awt.EventDispatchThread.pumpEvents(EventDispatchThread.java:101)
2025-09-27 08:28:07,514 [ERROR] LogOutputStream:74 - [STDERR_REDIRECT] 	at java.desktop/java.awt.EventDispatchThread.run(EventDispatchThread.java:90)
2025-09-27 08:28:07,525 [ERROR] LogOutputStream:74 - [STDERR_REDIRECT] Exception in thread "AWT-EventQueue-0" org.eclipse.swt.SWTException: Device is disposed
2025-09-27 08:28:07,526 [ERROR] LogOutputStream:74 - [STDERR_REDIRECT] 	at org.eclipse.swt.SWT.error(SWT.java:4889)
2025-09-27 08:28:07,527 [ERROR] LogOutputStream:74 - [STDERR_REDIRECT] 	at org.eclipse.swt.SWT.error(SWT.java:4804)
2025-09-27 08:28:07,528 [ERROR] LogOutputStream:74 - [STDERR_REDIRECT] 	at org.eclipse.swt.SWT.error(SWT.java:4775)
2025-09-27 08:28:07,529 [ERROR] LogOutputStream:74 - [STDERR_REDIRECT] 	at org.eclipse.swt.widgets.Display.error(Display.java:1262)
2025-09-27 08:28:07,530 [ERROR] LogOutputStream:74 - [STDERR_REDIRECT] 	at org.eclipse.swt.widgets.Display.asyncExec(Display.java:779)
2025-09-27 08:28:07,531 [ERROR] LogOutputStream:74 - [STDERR_REDIRECT] 	at com.st.stm32cube.common.mx.oss.core.awtswtbridge.AwtEnvironment$2.run(AwtEnvironment.java:168)
2025-09-27 08:28:07,533 [ERROR] LogOutputStream:74 - [STDERR_REDIRECT] 	at java.desktop/java.awt.event.InvocationEvent.dispatch(InvocationEvent.java:313)
2025-09-27 08:28:07,534 [ERROR] LogOutputStream:74 - [STDERR_REDIRECT] 	at java.desktop/java.awt.EventQueue.dispatchEventImpl(EventQueue.java:770)
2025-09-27 08:28:07,535 [ERROR] LogOutputStream:74 - [STDERR_REDIRECT] 	at java.desktop/java.awt.EventQueue$4.run(EventQueue.java:721)
2025-09-27 08:28:07,536 [ERROR] LogOutputStream:74 - [STDERR_REDIRECT] 	at java.desktop/java.awt.EventQueue$4.run(EventQueue.java:715)
2025-09-27 08:28:07,537 [ERROR] LogOutputStream:74 - [STDERR_REDIRECT] 	at java.base/java.security.AccessController.doPrivileged(Native Method)
2025-09-27 08:28:07,539 [ERROR] LogOutputStream:74 - [STDERR_REDIRECT] 	at java.base/java.security.ProtectionDomain$JavaSecurityAccessImpl.doIntersectionPrivilege(ProtectionDomain.java:85)
2025-09-27 08:28:07,540 [ERROR] LogOutputStream:74 - [STDERR_REDIRECT] 	at java.desktop/java.awt.EventQueue.dispatchEvent(EventQueue.java:740)
2025-09-27 08:28:07,541 [ERROR] LogOutputStream:74 - [STDERR_REDIRECT] 	at java.desktop/java.awt.EventDispatchThread.pumpOneEventForFilters(EventDispatchThread.java:203)
2025-09-27 08:28:07,543 [ERROR] LogOutputStream:74 - [STDERR_REDIRECT] 	at java.desktop/java.awt.EventDispatchThread.pumpEventsForFilter(EventDispatchThread.java:124)
2025-09-27 08:28:07,545 [ERROR] LogOutputStream:74 - [STDERR_REDIRECT] 	at java.desktop/java.awt.EventDispatchThread.pumpEventsForHierarchy(EventDispatchThread.java:113)
2025-09-27 08:28:07,546 [ERROR] LogOutputStream:74 - [STDERR_REDIRECT] 	at java.desktop/java.awt.EventDispatchThread.pumpEvents(EventDispatchThread.java:109)
2025-09-27 08:28:07,547 [ERROR] LogOutputStream:74 - [STDERR_REDIRECT] 	at java.desktop/java.awt.EventDispatchThread.pumpEvents(EventDispatchThread.java:101)
2025-09-27 08:28:07,549 [ERROR] LogOutputStream:74 - [STDERR_REDIRECT] 	at java.desktop/java.awt.EventDispatchThread.run(EventDispatchThread.java:90)
2025-09-27 08:28:07,560 [ERROR] LogOutputStream:74 - [STDERR_REDIRECT] Exception in thread "AWT-EventQueue-0" org.eclipse.swt.SWTException: Device is disposed
2025-09-27 08:28:07,561 [ERROR] LogOutputStream:74 - [STDERR_REDIRECT] 	at org.eclipse.swt.SWT.error(SWT.java:4889)
2025-09-27 08:28:07,562 [ERROR] LogOutputStream:74 - [STDERR_REDIRECT] 	at org.eclipse.swt.SWT.error(SWT.java:4804)
2025-09-27 08:28:07,563 [ERROR] LogOutputStream:74 - [STDERR_REDIRECT] 	at org.eclipse.swt.SWT.error(SWT.java:4775)
2025-09-27 08:28:07,563 [ERROR] LogOutputStream:74 - [STDERR_REDIRECT] 	at org.eclipse.swt.widgets.Display.error(Display.java:1262)
2025-09-27 08:28:07,564 [ERROR] LogOutputStream:74 - [STDERR_REDIRECT] 	at org.eclipse.swt.widgets.Display.asyncExec(Display.java:779)
2025-09-27 08:28:07,566 [ERROR] LogOutputStream:74 - [STDERR_REDIRECT] 	at com.st.stm32cube.common.mx.oss.core.awtswtbridge.AwtEnvironment$2.run(AwtEnvironment.java:168)
2025-09-27 08:28:07,567 [ERROR] LogOutputStream:74 - [STDERR_REDIRECT] 	at java.desktop/java.awt.event.InvocationEvent.dispatch(InvocationEvent.java:313)
2025-09-27 08:28:07,568 [ERROR] LogOutputStream:74 - [STDERR_REDIRECT] 	at java.desktop/java.awt.EventQueue.dispatchEventImpl(EventQueue.java:770)
2025-09-27 08:28:07,569 [ERROR] LogOutputStream:74 - [STDERR_REDIRECT] 	at java.desktop/java.awt.EventQueue$4.run(EventQueue.java:721)
2025-09-27 08:28:07,570 [ERROR] LogOutputStream:74 - [STDERR_REDIRECT] 	at java.desktop/java.awt.EventQueue$4.run(EventQueue.java:715)
2025-09-27 08:28:07,571 [ERROR] LogOutputStream:74 - [STDERR_REDIRECT] 	at java.base/java.security.AccessController.doPrivileged(Native Method)
2025-09-27 08:28:07,573 [ERROR] LogOutputStream:74 - [STDERR_REDIRECT] 	at java.base/java.security.ProtectionDomain$JavaSecurityAccessImpl.doIntersectionPrivilege(ProtectionDomain.java:85)
2025-09-27 08:28:07,575 [ERROR] LogOutputStream:74 - [STDERR_REDIRECT] 	at java.desktop/java.awt.EventQueue.dispatchEvent(EventQueue.java:740)
2025-09-27 08:28:07,577 [ERROR] LogOutputStream:74 - [STDERR_REDIRECT] 	at java.desktop/java.awt.EventDispatchThread.pumpOneEventForFilters(EventDispatchThread.java:203)
2025-09-27 08:28:07,580 [ERROR] LogOutputStream:74 - [STDERR_REDIRECT] 	at java.desktop/java.awt.EventDispatchThread.pumpEventsForFilter(EventDispatchThread.java:124)
2025-09-27 08:28:07,583 [ERROR] LogOutputStream:74 - [STDERR_REDIRECT] 	at java.desktop/java.awt.EventDispatchThread.pumpEventsForHierarchy(EventDispatchThread.java:113)
2025-09-27 08:28:07,584 [ERROR] LogOutputStream:74 - [STDERR_REDIRECT] 	at java.desktop/java.awt.EventDispatchThread.pumpEvents(EventDispatchThread.java:109)
2025-09-27 08:28:07,585 [ERROR] LogOutputStream:74 - [STDERR_REDIRECT] 	at java.desktop/java.awt.EventDispatchThread.pumpEvents(EventDispatchThread.java:101)
2025-09-27 08:28:07,586 [ERROR] LogOutputStream:74 - [STDERR_REDIRECT] 	at java.desktop/java.awt.EventDispatchThread.run(EventDispatchThread.java:90)
