2025-09-26 10:13:40,027 [INFO] Activator:176 - 


2025-09-26 10:13:40,031 [INFO] Activator:177 - !SESSION log4j initialized
2025-09-26 10:13:43,966 [ERROR] LogOutputStream:75 - [STDERR_REDIRECT] 
2025-09-26 10:13:48,472 [INFO] LogOutputStream:77 - [STDOUT_REDIRECT] 
2025-09-26 10:13:52,337 [INFO] ApplicationProperties:184 - Using Application install path: /Applications/STM32CubeIDE.app/Contents/Eclipse/plugins/com.st.stm32cube.common.mx_6.15.0.202507011659
2025-09-26 10:13:52,384 [INFO] DbMcusXml:78 - Set database path to: /Applications/STM32CubeIDE.app/Contents/Eclipse/plugins/com.st.stm32cube.common.mx_6.15.0.202507011659//db//mcu/
2025-09-26 10:13:52,384 [INFO] ApiDb:274 - Set plugin database path to: /Applications/STM32CubeIDE.app/Contents/Eclipse/plugins/com.st.stm32cube.common.mx_6.15.0.202507011659//db//plugins/boardmanager/
2025-09-26 10:13:52,385 [WARN] ApiDb:259 - Overriding images path with different value:  => /Applications/STM32CubeIDE.app/Contents/Eclipse/plugins/com.st.stm32cube.common.mx_6.15.0.202507011659//db//plugins/mcufinder/images/
2025-09-26 10:13:52,399 [INFO] ApiDb:250 - Set database path to: /Users/admin/.stmcufinder/plugins/mcufinder//mcu/
2025-09-26 10:13:52,402 [INFO] DbMcusAds:125 - Set database path to: /Users/admin/.stmcufinder/plugins/mcufinder//mcu/
2025-09-26 10:13:52,413 [INFO] CrossReferenceDbSqlite:203 - Set database path to: /Users/admin/.stmcufinder/plugins/mcufinder//mcu/cs/
2025-09-26 10:13:52,711 [INFO] RulesReader:64 - Compatibility file has been processed (317 Rules)
2025-09-26 10:13:52,831 [INFO] DbMcusXml:78 - Set database path to: /Applications/STM32CubeIDE.app/Contents/Eclipse/plugins/com.st.stm32cube.common.mx_6.15.0.202507011659//db//mcu/
2025-09-26 10:13:52,831 [INFO] ApiDb:274 - Set plugin database path to: /Applications/STM32CubeIDE.app/Contents/Eclipse/plugins/com.st.stm32cube.common.mx_6.15.0.202507011659//db//plugins/boardmanager/
2025-09-26 10:13:52,832 [INFO] ApiDb:261 - Set plugin images path to: /Applications/STM32CubeIDE.app/Contents/Eclipse/plugins/com.st.stm32cube.common.mx_6.15.0.202507011659//db//plugins/mcufinder/images/
2025-09-26 10:13:52,832 [WARN] DbFile:41 - Overriding database path with different value: /Users/admin/.stmcufinder/plugins/mcufinder/ => /Users/admin/.stmcufinder/plugins/mcufinder
2025-09-26 10:13:52,832 [INFO] ApiDb:250 - Set database path to: /Users/admin/.stmcufinder/plugins/mcufinder//mcu/
2025-09-26 10:13:52,833 [WARN] DbFile:41 - Overriding database path with different value: /Users/admin/.stmcufinder/plugins/mcufinder/ => /Users/admin/.stmcufinder/plugins/mcufinder
2025-09-26 10:13:52,833 [INFO] DbMcusAds:125 - Set database path to: /Users/admin/.stmcufinder/plugins/mcufinder//mcu/
2025-09-26 10:13:52,833 [WARN] DbFile:41 - Overriding database path with different value: /Users/admin/.stmcufinder/plugins/mcufinder/ => /Users/admin/.stmcufinder/plugins/mcufinder
2025-09-26 10:13:52,833 [WARN] DbFile:41 - Overriding database path with different value: /Users/admin/.stmcufinder/plugins/mcufinder/ => /Users/admin/.stmcufinder/plugins/mcufinder
2025-09-26 10:13:52,833 [INFO] CrossReferenceDbSqlite:203 - Set database path to: /Users/admin/.stmcufinder/plugins/mcufinder//mcu/cs/
2025-09-26 10:13:53,115 [INFO] MainPanel:274 - HeapMemory: 268435456
2025-09-26 10:13:54,896 [INFO] DbMcusXml:78 - Set database path to: /Applications/STM32CubeIDE.app/Contents/Eclipse/plugins/com.st.stm32cube.common.mx_6.15.0.202507011659//db//mcu/
2025-09-26 10:13:54,896 [INFO] ApiDb:274 - Set plugin database path to: /Applications/STM32CubeIDE.app/Contents/Eclipse/plugins/com.st.stm32cube.common.mx_6.15.0.202507011659//db//plugins/boardmanager/
2025-09-26 10:13:54,896 [INFO] ApiDb:261 - Set plugin images path to: /Applications/STM32CubeIDE.app/Contents/Eclipse/plugins/com.st.stm32cube.common.mx_6.15.0.202507011659//db//plugins/mcufinder/images/
2025-09-26 10:13:54,897 [WARN] DbFile:41 - Overriding database path with different value: /Users/admin/.stmcufinder/plugins/mcufinder/ => /Users/admin/.stmcufinder/plugins/mcufinder
2025-09-26 10:13:54,897 [INFO] ApiDb:250 - Set database path to: /Users/admin/.stmcufinder/plugins/mcufinder//mcu/
2025-09-26 10:13:54,897 [WARN] DbFile:41 - Overriding database path with different value: /Users/admin/.stmcufinder/plugins/mcufinder/ => /Users/admin/.stmcufinder/plugins/mcufinder
2025-09-26 10:13:54,898 [INFO] DbMcusAds:125 - Set database path to: /Users/admin/.stmcufinder/plugins/mcufinder//mcu/
2025-09-26 10:13:54,898 [WARN] DbFile:41 - Overriding database path with different value: /Users/admin/.stmcufinder/plugins/mcufinder/ => /Users/admin/.stmcufinder/plugins/mcufinder
2025-09-26 10:13:54,898 [WARN] DbFile:41 - Overriding database path with different value: /Users/admin/.stmcufinder/plugins/mcufinder/ => /Users/admin/.stmcufinder/plugins/mcufinder
2025-09-26 10:13:54,898 [INFO] CrossReferenceDbSqlite:203 - Set database path to: /Users/admin/.stmcufinder/plugins/mcufinder//mcu/cs/
2025-09-26 10:13:54,940 [INFO] ApplicationProperties:184 - Using Application install path: /Applications/STM32CubeIDE.app/Contents/Eclipse/plugins/com.st.stm32cube.common.mx_6.15.0.202507011659
2025-09-26 10:13:54,945 [INFO] PluginManage:196 - Search for loadable plugins [exclusion list=, ]
2025-09-26 10:13:54,948 [INFO] PluginManage:310 - Check plugin analytics
2025-09-26 10:13:55,307 [INFO] AnalyticsPlugin:253 - Accepted Software Licenses: 
2025-09-26 10:13:55,308 [INFO] AnalyticsPlugin:255 - Accepted CMSIS Pack Licenses: 
2025-09-26 10:13:55,308 [INFO] AnalyticsPlugin:257 - Accepted Firmware Licenses: 
2025-09-26 10:13:55,315 [INFO] PluginManage:359 - Loaded plugin analytics (category:tool,tabindex:-1)
2025-09-26 10:13:55,316 [INFO] PluginManage:310 - Check plugin cadmodel
2025-09-26 10:13:55,328 [INFO] CADModel:105 - Init CAD model plugin
2025-09-26 10:13:55,329 [INFO] PluginManage:359 - Loaded plugin cadmodel (category:power,tabindex:5)
2025-09-26 10:13:55,329 [INFO] PluginManage:310 - Check plugin clock
2025-09-26 10:13:55,345 [INFO] PluginManage:359 - Loaded plugin clock (category:base,tabindex:2)
2025-09-26 10:13:55,345 [INFO] PluginManage:310 - Check plugin ddr
2025-09-26 10:13:55,349 [INFO] PluginManage:359 - Loaded plugin ddr (category:tool,tabindex:6)
2025-09-26 10:13:55,349 [INFO] PluginManage:310 - Check plugin filemanager
2025-09-26 10:13:55,658 [INFO] PluginManage:359 - Loaded plugin filemanager (category:base,tabindex:10)
2025-09-26 10:13:55,659 [INFO] PluginManage:310 - Check plugin ipmanager
2025-09-26 10:13:55,669 [INFO] PluginManage:359 - Loaded plugin ipmanager (category:base,tabindex:5)
2025-09-26 10:13:55,669 [INFO] PluginManage:310 - Check plugin lpbam
2025-09-26 10:13:55,694 [INFO] PluginManage:359 - Loaded plugin lpbam (category:base,tabindex:0)
2025-09-26 10:13:55,694 [INFO] PluginManage:310 - Check plugin memorymap
2025-09-26 10:13:55,719 [INFO] PluginManage:359 - Loaded plugin memorymap (category:base,tabindex:4)
2025-09-26 10:13:55,720 [INFO] PluginManage:310 - Check plugin pinoutandconfiguration
2025-09-26 10:13:55,732 [INFO] PluginManage:359 - Loaded plugin pinoutandconfiguration (category:base,tabindex:1)
2025-09-26 10:13:55,733 [INFO] PluginManage:310 - Check plugin pinoutconfig
2025-09-26 10:13:55,933 [WARN] SupportedApi:132 - Cannot load RTOS API schema: s4s-elt-must-match.1: The content of 'definitions' must match (annotation?, (simpleType | complexType)?, (unique | key | keyref)*)). A problem was found starting at: attribute.
2025-09-26 10:13:56,335 [INFO] PluginManage:359 - Loaded plugin pinoutconfig (category:base,tabindex:0)
2025-09-26 10:13:56,335 [INFO] PluginManage:310 - Check plugin power
2025-09-26 10:13:56,354 [INFO] PluginManage:359 - Loaded plugin power (category:power,tabindex:4)
2025-09-26 10:13:56,354 [INFO] PluginManage:310 - Check plugin projectmanager
2025-09-26 10:13:56,388 [INFO] PluginManage:359 - Loaded plugin projectmanager (category:projectmanager,tabindex:4)
2025-09-26 10:13:56,388 [INFO] PluginManage:310 - Check plugin rif
2025-09-26 10:13:56,409 [INFO] PluginManage:359 - Loaded plugin rif (category:base,tabindex:3)
2025-09-26 10:13:56,410 [INFO] PluginManage:310 - Check plugin thirdparty
2025-09-26 10:13:56,784 [INFO] PluginManage:359 - Loaded plugin thirdparty (category:base,tabindex:-1)
2025-09-26 10:13:56,783 [WARN] IntegrityCheckThread:84 - waiting for thirdparty lock release [integrity check]
2025-09-26 10:13:56,785 [INFO] IntegrityCheckThread:86 - entering critical section [integrity check]
2025-09-26 10:13:56,785 [INFO] PluginManage:310 - Check plugin tools
2025-09-26 10:13:56,787 [INFO] ThirdPartyUpdaterWithRetryManager:70 - Updater plugin not ready yet. [1/15]
2025-09-26 10:13:56,792 [INFO] PluginManage:359 - Loaded plugin tools (category:base,tabindex:7)
2025-09-26 10:13:56,792 [INFO] PluginManage:310 - Check plugin tutovideos
2025-09-26 10:13:57,230 [INFO] PluginManage:359 - Loaded plugin tutovideos (category:base,tabindex:-1)
2025-09-26 10:13:57,230 [INFO] PluginManage:310 - Check plugin updater
2025-09-26 10:13:57,360 [INFO] PluginManage:359 - Loaded plugin updater (category:base,tabindex:12)
2025-09-26 10:13:57,360 [INFO] PluginManage:310 - Check plugin userauth
2025-09-26 10:13:57,369 [INFO] UserAuth:118 - Init User Auth plugin
2025-09-26 10:13:57,372 [INFO] PluginManage:359 - Loaded plugin userauth (category:base,tabindex:14)
2025-09-26 10:13:57,373 [INFO] PluginManage:283 - PluginManage : Loaded plugins [18]
2025-09-26 10:13:57,907 [INFO] PinOutPanel:1589 - setPackage(No Configuration,No Configuration)
2025-09-26 10:13:58,097 [INFO] CADModel:165 - CPN selected for project level
2025-09-26 10:13:58,097 [INFO] CADModel:114 - Register for checkConnection events
2025-09-26 10:13:58,120 [INFO] IPUIPlugin:80 - create IPUIPlugin
2025-09-26 10:13:58,121 [INFO] PluginManager:220 - loadIPPluginJar : add mdma
2025-09-26 10:13:58,144 [INFO] IPUIPlugin:80 - create IPUIPlugin
2025-09-26 10:13:58,144 [INFO] PluginManager:220 - loadIPPluginJar : add freertos
2025-09-26 10:13:58,160 [INFO] IPUIPlugin:80 - create IPUIPlugin
2025-09-26 10:13:58,161 [INFO] PluginManager:220 - loadIPPluginJar : add gic
2025-09-26 10:13:58,179 [INFO] IPUIPlugin:80 - create IPUIPlugin
2025-09-26 10:13:58,179 [INFO] PluginManager:220 - loadIPPluginJar : add adc
2025-09-26 10:13:58,183 [INFO] IPUIPlugin:80 - create IPUIPlugin
2025-09-26 10:13:58,184 [INFO] PluginManager:220 - loadIPPluginJar : add gtzc
2025-09-26 10:13:58,186 [INFO] IPUIPlugin:80 - create IPUIPlugin
2025-09-26 10:13:58,186 [INFO] PluginManager:220 - loadIPPluginJar : add quadspi
2025-09-26 10:13:58,190 [INFO] IPUIPlugin:80 - create IPUIPlugin
2025-09-26 10:13:58,191 [INFO] PluginManager:220 - loadIPPluginJar : add aes
2025-09-26 10:13:58,197 [INFO] IPUIPlugin:80 - create IPUIPlugin
2025-09-26 10:13:58,197 [INFO] PluginManager:220 - loadIPPluginJar : add pdm2pcm
2025-09-26 10:13:58,200 [INFO] IPUIPlugin:80 - create IPUIPlugin
2025-09-26 10:13:58,201 [INFO] PluginManager:220 - loadIPPluginJar : add hash
2025-09-26 10:13:58,204 [INFO] IPUIPlugin:80 - create IPUIPlugin
2025-09-26 10:13:58,205 [INFO] PluginManager:220 - loadIPPluginJar : add tim
2025-09-26 10:13:58,207 [INFO] IPUIPlugin:80 - create IPUIPlugin
2025-09-26 10:13:58,207 [INFO] PluginManager:220 - loadIPPluginJar : add tsc
2025-09-26 10:13:58,213 [INFO] IPUIPlugin:80 - create IPUIPlugin
2025-09-26 10:13:58,213 [INFO] PluginManager:220 - loadIPPluginJar : add extmemmanager
2025-09-26 10:13:58,216 [INFO] IPUIPlugin:80 - create IPUIPlugin
2025-09-26 10:13:58,216 [INFO] PluginManager:220 - loadIPPluginJar : add ts
2025-09-26 10:13:58,220 [INFO] IPUIPlugin:80 - create IPUIPlugin
2025-09-26 10:13:58,221 [INFO] PluginManager:220 - loadIPPluginJar : add radio
2025-09-26 10:13:58,224 [INFO] IPUIPlugin:80 - create IPUIPlugin
2025-09-26 10:13:58,225 [INFO] PluginManager:220 - loadIPPluginJar : add can
2025-09-26 10:13:58,229 [INFO] IPUIPlugin:80 - create IPUIPlugin
2025-09-26 10:13:58,230 [INFO] PluginManager:220 - loadIPPluginJar : add dma3
2025-09-26 10:13:58,235 [INFO] IPUIPlugin:80 - create IPUIPlugin
2025-09-26 10:13:58,235 [INFO] PluginManager:220 - loadIPPluginJar : add dfsdm
2025-09-26 10:13:58,240 [INFO] IPUIPlugin:80 - create IPUIPlugin
2025-09-26 10:13:58,241 [INFO] PluginManager:220 - loadIPPluginJar : add spi
2025-09-26 10:13:58,249 [INFO] IPUIPlugin:80 - create IPUIPlugin
2025-09-26 10:13:58,250 [INFO] PluginManager:220 - loadIPPluginJar : add gfxmmu
2025-09-26 10:13:58,253 [INFO] IPUIPlugin:80 - create IPUIPlugin
2025-09-26 10:13:58,254 [INFO] PluginManager:220 - loadIPPluginJar : add genericplugin
2025-09-26 10:13:58,259 [INFO] IPUIPlugin:80 - create IPUIPlugin
2025-09-26 10:13:58,260 [INFO] PluginManager:220 - loadIPPluginJar : add cryp
2025-09-26 10:13:58,268 [INFO] IPUIPlugin:80 - create IPUIPlugin
2025-09-26 10:13:58,268 [INFO] PluginManager:220 - loadIPPluginJar : add gpio
2025-09-26 10:13:58,273 [INFO] IPUIPlugin:80 - create IPUIPlugin
2025-09-26 10:13:58,273 [INFO] PluginManager:220 - loadIPPluginJar : add ddr_ctrl_phy
2025-09-26 10:13:58,276 [INFO] IPUIPlugin:80 - create IPUIPlugin
2025-09-26 10:13:58,276 [INFO] PluginManager:220 - loadIPPluginJar : add comp
2025-09-26 10:13:58,280 [INFO] IPUIPlugin:80 - create IPUIPlugin
2025-09-26 10:13:58,281 [INFO] PluginManager:220 - loadIPPluginJar : add tracer_emb
2025-09-26 10:13:58,288 [INFO] IPUIPlugin:80 - create IPUIPlugin
2025-09-26 10:13:58,288 [INFO] PluginManager:220 - loadIPPluginJar : add openamp
2025-09-26 10:13:58,301 [INFO] IPUIPlugin:80 - create IPUIPlugin
2025-09-26 10:13:58,301 [INFO] PluginManager:220 - loadIPPluginJar : add stm32_wpan
2025-09-26 10:13:58,319 [INFO] IPUIPlugin:80 - create IPUIPlugin
2025-09-26 10:13:58,334 [INFO] PluginManager:220 - loadIPPluginJar : add plateformsettings
2025-09-26 10:13:58,351 [INFO] IPUIPlugin:80 - create IPUIPlugin
2025-09-26 10:13:58,352 [INFO] PluginManager:220 - loadIPPluginJar : add ipddr
2025-09-26 10:13:58,363 [INFO] IPUIPlugin:80 - create IPUIPlugin
2025-09-26 10:13:58,363 [INFO] PluginManager:220 - loadIPPluginJar : add usart
2025-09-26 10:13:58,370 [INFO] IPUIPlugin:80 - create IPUIPlugin
2025-09-26 10:13:58,370 [INFO] PluginManager:220 - loadIPPluginJar : add ltdc
2025-09-26 10:13:58,378 [INFO] IPUIPlugin:80 - create IPUIPlugin
2025-09-26 10:13:58,378 [INFO] PluginManager:220 - loadIPPluginJar : add nvic
2025-09-26 10:13:58,381 [INFO] IPUIPlugin:80 - create IPUIPlugin
2025-09-26 10:13:58,381 [INFO] PluginManager:220 - loadIPPluginJar : add fatfs
2025-09-26 10:13:58,397 [INFO] IPUIPlugin:80 - create IPUIPlugin
2025-09-26 10:13:58,397 [INFO] PluginManager:220 - loadIPPluginJar : add linkedlist
2025-09-26 10:13:58,414 [INFO] IPUIPlugin:80 - create IPUIPlugin
2025-09-26 10:13:58,414 [INFO] PluginManager:220 - loadIPPluginJar : add dma
2025-09-26 10:13:58,510 [INFO] IPUIPlugin:80 - create IPUIPlugin
2025-09-26 10:13:58,511 [INFO] PluginManager:220 - loadIPPluginJar : add fmc
2025-09-26 10:13:58,519 [INFO] IPUIPlugin:80 - create IPUIPlugin
2025-09-26 10:13:58,519 [INFO] PluginManager:220 - loadIPPluginJar : add i2s
2025-09-26 10:13:58,523 [INFO] IPUIPlugin:80 - create IPUIPlugin
2025-09-26 10:13:58,523 [INFO] PluginManager:220 - loadIPPluginJar : add ucpd
2025-09-26 10:13:58,531 [INFO] IPUIPlugin:80 - create IPUIPlugin
2025-09-26 10:13:58,531 [INFO] PluginManager:220 - loadIPPluginJar : add lorawan
2025-09-26 10:13:58,537 [INFO] IPUIPlugin:80 - create IPUIPlugin
2025-09-26 10:13:58,537 [INFO] PluginManager:220 - loadIPPluginJar : add opamp
2025-09-26 10:13:58,543 [INFO] IPUIPlugin:80 - create IPUIPlugin
2025-09-26 10:13:58,543 [INFO] PluginManager:220 - loadIPPluginJar : add i3c
2025-09-26 10:13:58,550 [INFO] IPUIPlugin:80 - create IPUIPlugin
2025-09-26 10:13:58,550 [INFO] PluginManager:220 - loadIPPluginJar : add touchsensing
2025-09-26 10:13:58,557 [INFO] IPUIPlugin:80 - create IPUIPlugin
2025-09-26 10:13:58,558 [INFO] PluginManager:220 - loadIPPluginJar : add i2c
2025-09-26 10:13:58,570 [INFO] IPUIPlugin:80 - create IPUIPlugin
2025-09-26 10:13:58,571 [INFO] PluginManager:220 - loadIPPluginJar : add resmgrutility
2025-09-26 10:13:58,576 [INFO] IPUIPlugin:80 - create IPUIPlugin
2025-09-26 10:13:58,576 [INFO] PluginManager:220 - loadIPPluginJar : add sai
2025-09-26 10:13:58,581 [INFO] IPUIPlugin:80 - create IPUIPlugin
2025-09-26 10:13:58,581 [INFO] PluginManager:220 - loadIPPluginJar : add usbx
2025-09-26 10:13:58,724 [FATAL] Updater:351 - Updater called before beeing initialized
2025-09-26 10:13:58,851 [INFO] RulesReader:64 - Compatibility file has been processed (317 Rules)
2025-09-26 10:13:58,929 [INFO] RulesReader:64 - Compatibility file has been processed (317 Rules)
2025-09-26 10:13:58,958 [INFO] CADModel:165 - CPN selected for project level
2025-09-26 10:13:58,958 [INFO] CADModel:114 - Register for checkConnection events
2025-09-26 10:13:58,959 [FATAL] Updater:351 - Updater called before beeing initialized
2025-09-26 10:13:58,959 [ERROR] CADModel:125 - Updater not yet initialized, retry later 
2025-09-26 10:13:59,792 [INFO] ThirdPartyUpdaterWithRetryManager:70 - Updater plugin not ready yet. [2/15]
2025-09-26 10:13:59,905 [FATAL] Updater:351 - Updater called before beeing initialized
2025-09-26 10:13:59,908 [INFO] CADModel:165 - CPN selected for project level
2025-09-26 10:13:59,908 [INFO] CADModel:114 - Register for checkConnection events
2025-09-26 10:13:59,909 [FATAL] Updater:351 - Updater called before beeing initialized
2025-09-26 10:13:59,909 [ERROR] CADModel:125 - Updater not yet initialized, retry later 
2025-09-26 10:13:59,915 [FATAL] Updater:351 - Updater called before beeing initialized
2025-09-26 10:14:00,070 [FATAL] Updater:351 - Updater called before beeing initialized
2025-09-26 10:14:00,078 [INFO] DbMcusAds:53 - JSON generation date=Tue Jul 08 15:14:23 ICT 2025 (1751962463593)
2025-09-26 10:14:00,079 [FATAL] Updater:351 - Updater called before beeing initialized
2025-09-26 10:14:00,985 [WARN] DetailPanel:346 - Failed to get advertising image, set to default
2025-09-26 10:14:01,149 [FATAL] Updater:351 - Updater called before beeing initialized
2025-09-26 10:14:01,152 [FATAL] Updater:351 - Updater called before beeing initialized
2025-09-26 10:14:01,152 [FATAL] Updater:351 - Updater called before beeing initialized
2025-09-26 10:14:01,153 [WARN] DetailPanel:346 - Failed to get advertising image, set to default
2025-09-26 10:14:01,154 [FATAL] Updater:351 - Updater called before beeing initialized
2025-09-26 10:14:01,195 [ERROR] Updater:1198 - MainUpdater not yet initialized. External WinMGr cannot be set.
2025-09-26 10:14:01,197 [INFO] Updater:1134 - Updater Version found : 6.15.0
2025-09-26 10:14:01,223 [INFO] ApplicationProperties:184 - Using Application install path: /Applications/STM32CubeIDE.app/Contents/Eclipse/plugins/com.st.stm32cube.common.mx_6.15.0.202507011659
2025-09-26 10:14:02,797 [FATAL] Updater:351 - Updater called before beeing initialized
2025-09-26 10:14:02,800 [ERROR] IntegrityCheckThread:130 - Cannot retrieve database content from updater: error 21
2025-09-26 10:14:02,800 [INFO] ThirdParty:978 - Integrity check success = false
2025-09-26 10:14:02,800 [INFO] IntegrityCheckThread:100 - exiting critical section [integrity check]
2025-09-26 10:14:02,800 [INFO] IntegrityCheckThread:103 - End integrity checks thread
2025-09-26 10:14:02,831 [INFO] MainUpdater:2872 - connection check result : 10
2025-09-26 10:14:02,831 [INFO] MainUpdater:3604 - Updater definition file requires update
2025-09-26 10:14:02,833 [INFO] MainUpdater:289 - Updater Check For Update Now.
2025-09-26 10:14:02,833 [INFO] MicroXplorer:498 - Change Database Version : DB.6.0.150
2025-09-26 10:14:02,842 [INFO] McuFinderGlobals:63 - Set McuFinder mode to 2 (CubeIDE integrated)
2025-09-26 10:14:02,842 [INFO] UserAuth:171 - activating auth plugin
2025-09-26 10:14:02,846 [INFO] UserAuth:487 - Internet connection configuration mode: 1
2025-09-26 10:14:02,873 [INFO] JxBrowserEngine:152 - Initiate JxBrowser Engine with user profile folder
2025-09-26 10:14:03,223 [INFO] ServerAccessManage:452 - Complete download http(s) 200
2025-09-26 10:14:03,224 [INFO] ServerAccessManage:509 - Download File updaters.zip
2025-09-26 10:14:03,437 [INFO] FileExtend:248 - Unzip File : updaters.zip
2025-09-26 10:14:03,437 [INFO] FileExtend:263 - Standard Zip Deflate
2025-09-26 10:14:03,836 [INFO] ServerAccessManage:452 - Complete download http(s) 200
2025-09-26 10:14:03,837 [INFO] ServerAccessManage:509 - Download File PacksControlFlags.xml
2025-09-26 10:14:04,141 [INFO] ServerAccessManage:452 - Complete download http(s) 200
2025-09-26 10:14:04,142 [INFO] ServerAccessManage:509 - Download File cubemx.pidx
2025-09-26 10:14:06,168 [INFO] LoadServerUpdatesThread:375 - End of LoadServerUpdate Thread
2025-09-26 10:14:06,381 [INFO] CheckServerUpdateThread:120 - End of CheckServer Thread
2025-09-26 10:14:11,246 [INFO] WebApp:169 - Instantiating new browser for Auth
2025-09-26 10:14:13,456 [INFO] WebApp:463 - Apply proxy settings
2025-09-26 10:14:13,473 [INFO] WebApp:508 - Chromium authenticates against Manually configured proxy
2025-09-26 10:14:13,495 [INFO] WebApp:516 - Username used for proxy authentication: 
2025-09-26 10:14:13,566 [INFO] WebApp:900 - Register for checkConnection events
2025-09-26 10:14:13,566 [INFO] WebApp:463 - Apply proxy settings
2025-09-26 10:14:13,573 [INFO] WebApp:508 - Chromium authenticates against Manually configured proxy
2025-09-26 10:14:13,574 [INFO] WebApp:516 - Username used for proxy authentication: 
2025-09-26 10:14:13,894 [INFO] WebApp:225 - Starting web application
2025-09-26 10:14:13,895 [INFO] WebApp:593 - Web application path used /Applications/STM32CubeIDE.app/Contents/Eclipse/plugins/com.st.stm32cube.common.mx_6.15.0.202507011659/db/plugins/mcufinder/reactClient1/index.html
2025-09-26 10:14:15,585 [INFO] WebApp:191 - Connection restablished
2025-09-26 10:15:10,199 [INFO] McuFinderGlobals:63 - Set McuFinder mode to 2 (CubeIDE integrated)
2025-09-26 10:15:10,203 [INFO] MainUpdater:2872 - connection check result : 10
2025-09-26 10:15:10,208 [INFO] McuFinderGlobals:76 - Set McuFinderConnectedMode to true
2025-09-26 10:15:11,308 [INFO] ServerAccessManage:452 - Complete download http(s) 200
2025-09-26 10:15:11,309 [INFO] ServerAccessManage:509 - Download File mcusAds.json._tmp_
2025-09-26 10:15:11,420 [INFO] LoadUrlFilesThread:156 - End of LoadUrlFiles Thread
2025-09-26 10:15:11,936 [INFO] ServerAccessManage:452 - Complete download http(s) 200
2025-09-26 10:15:11,938 [INFO] ServerAccessManage:509 - Download File cube-finder-db.zip
2025-09-26 10:15:21,391 [INFO] FileExtend:248 - Unzip File : cube-finder-db.zip
2025-09-26 10:15:21,391 [INFO] FileExtend:263 - Standard Zip Deflate
2025-09-26 10:15:22,426 [INFO] LoadUrlFilesThread:156 - End of LoadUrlFiles Thread
2025-09-26 10:15:24,065 [INFO] ServerAccessManage:452 - Complete download http(s) 200
2025-09-26 10:15:24,065 [INFO] ServerAccessManage:509 - Download File crdb.zip
2025-09-26 10:15:25,137 [INFO] FileExtend:248 - Unzip File : crdb.zip
2025-09-26 10:15:25,138 [INFO] FileExtend:263 - Standard Zip Deflate
2025-09-26 10:15:25,280 [INFO] LoadUrlFilesThread:156 - End of LoadUrlFiles Thread
2025-09-26 10:15:25,447 [INFO] ServerAccessManage:452 - Complete download http(s) 200
2025-09-26 10:15:25,448 [INFO] ServerAccessManage:509 - Download File tutoVideoDB.zip
2025-09-26 10:15:25,461 [INFO] FileExtend:248 - Unzip File : tutoVideoDB.zip
2025-09-26 10:15:25,461 [INFO] FileExtend:263 - Standard Zip Deflate
2025-09-26 10:15:25,569 [INFO] LoadUrlFilesThread:156 - End of LoadUrlFiles Thread
2025-09-26 10:15:25,571 [WARN] DbFile:41 - Overriding database path with different value: /Users/admin/.stmcufinder/plugins/mcufinder/ => /Users/admin/.stmcufinder/plugins/mcufinder
2025-09-26 10:15:25,800 [INFO] ServerAccessManage:452 - Complete download http(s) 200
2025-09-26 10:15:25,801 [INFO] ServerAccessManage:509 - Download File api_config.json
2025-09-26 10:15:25,909 [INFO] LoadUrlFilesThread:156 - End of LoadUrlFiles Thread
2025-09-26 10:15:25,909 [INFO] DbMcusAds:53 - JSON generation date=Tue Jul 08 15:14:23 ICT 2025 (1751962463524)
2025-09-26 10:15:25,943 [INFO] LoadUrlFilesThread:185 - End of LoadServerUrlFiles without Thread
2025-09-26 10:15:25,944 [INFO] TargetSelectorAdapter:259 - Refresh data is successful
2025-09-26 10:15:27,346 [INFO] ApiDb:581 - Connected to CubeFinder SQLite database (/Users/admin/.stmcufinder/plugins/mcufinder/mcu/cube-finder-db.db)
2025-09-26 10:15:27,439 [INFO] ApiDb:668 - CubeFinder database Data Model version=2.1
2025-09-26 10:15:27,439 [INFO] ApiDb:669 - CubeFinder database Configuration version=3.0.39
2025-09-26 10:15:27,439 [INFO] ApiDb:670 - CubeFinder database generation date=2025-08-25 (1756130511)
2025-09-26 10:15:27,440 [INFO] ApiDb:671 - CubeFinder database FW Pack versions=[FP-ATR-ASTRA1_V2.0.0, FP-SNS-FLIGHT1_V5.1.0, FP-SNS-MOTENV1_V5.0.0, FP-SNS-MOTENVWB1_V1.4.0, FP-SNS-SMARTAG2_V1.2.0, FP-SNS-STBOX1_V2.1.0, STM32Cube_FW_C0_V1.4.0, STM32Cube_FW_F4_V1.28.3, STM32Cube_FW_F7_V1.17.4, STM32Cube_FW_G0_V1.6.2, STM32Cube_FW_G4_V1.6.1, STM32Cube_FW_H5_V1.5.0, STM32Cube_FW_H7RS_V1.2.0, STM32Cube_FW_H7_V1.12.1, STM32Cube_FW_L0_V1.12.2, STM32Cube_FW_L4_V1.18.1, STM32Cube_FW_L5_V1.5.1, STM32Cube_FW_N6_V1.2.0, STM32Cube_FW_U0_V1.3.0, STM32Cube_FW_U3_V1.2.0, STM32Cube_FW_U5_V1.8.0, STM32Cube_FW_WB0_V1.3.0, STM32Cube_FW_WBA_V1.7.0, STM32Cube_FW_WB_V1.23.0, STM32Cube_FW_WL3_V1.2.0, STM32Cube_FW_WL_V1.3.1, X-CUBE-ALGOBUILD_V1.4.0, X-CUBE-ALS_V1.0.2, X-CUBE-AZRTOS-F4_V1.1.0, X-CUBE-AZRTOS-F7_V1.1.0, X-CUBE-AZRTOS-G0_V1.1.0, X-CUBE-AZRTOS-G4_V2.0.0, X-CUBE-AZRTOS-H7RS_V1.1.0, X-CUBE-AZRTOS-H7_V3.4.0, X-CUBE-AZRTOS-L4_V2.0.0, X-CUBE-AZRTOS-L5_V2.0.0, X-CUBE-AZRTOS-WB_V2.0.0, X-CUBE-AZRTOS-WL_V2.0.0, X-CUBE-BLE1_V7.1.0, X-CUBE-BLE2_V3.3.0, X-CUBE-BLEMGR_V4.1.0, X-CUBE-EEPRMA1_V5.2.0, X-CUBE-FREERTOS_V1.3.1, X-CUBE-GNSS1_V6.0.0, X-CUBE-MEMS1_V11.3.0, X-CUBE-NFC4_V3.0.0, X-CUBE-NFC7_V2.0.0, X-CUBE-SFXS2LP1_V4.0.0, X-CUBE-ST67W61_V1.0.0, X-CUBE-SUBG2_V5.0.0, X-CUBE-TOF1_V3.4.3]
2025-09-26 10:15:30,874 [INFO] ApiDb:240 - Found 880 in-development CPN: [B-G473E-ZEST1S, B-WB1M-WPAN1, B-WBA5M-WPAN, B-WL5M-SUBG1, NUCLEO-C031C6, NUCLEO-C051C8, NUCLEO-C071RB, NUCLEO-C092RC, NUCLEO-H503RB, NUCLEO-H533RE, NUCLEO-H563ZI, NUCLEO-H7S3L8, NUCLEO-N657X0-Q, NUCLEO-U031R8, NUCLEO-U083RC, NUCLEO-U385RG-Q, NUCLEO-U545RE-Q, NUCLEO-U5A5ZJ-Q, NUCLEO-WB05KZ, NUCLEO-WB07CC, NUCLEO-WB09KE, NUCLEO-WBA52CG, NUCLEO-WBA55CG, NUCLEO-WL33CC1, NUCLEO-WL33CC2, STEVAL-PROTEUS1, STEVAL-SMARTAG2, STEVAL-STWINBX1, STM320518-EVAL, STM32C0116-DK, STM32C011D6Y3TR, STM32C011D6Y6TR, STM32C011F4P3, STM32C011F4P6, STM32C011F4U3, STM32C011F4U6TR, STM32C011F6P3, STM32C011F6P6, STM32C011F6U3, STM32C011F6U6TR, STM32C011J4M3, STM32C011J4M6, STM32C011J6M3, STM32C011J6M6, STM32C0316-DK, STM32C031C4T3, STM32C031C4T6, STM32C031C4U3, STM32C031C4U6, STM32C031C6T3, STM32C031C6T6, STM32C031C6U3, STM32C031C6U6, STM32C031F4P3, STM32C031F4P6, STM32C031F6P3, STM32C031F6P6, STM32C031G4U3, STM32C031G4U6, STM32C031G6U3, STM32C031G6U6, STM32C031K4T3, STM32C031K4T6, STM32C031K4U3, STM32C031K4U6, STM32C031K6T3, STM32C031K6T6, STM32C031K6U3, STM32C031K6U6, STM32C051C6T6, STM32C051C6U6, STM32C051C8T6, STM32C051C8U6, STM32C051D8Y6TR, STM32C051F6P6, STM32C051F8P6, STM32C051G6U6, STM32C051G8U6, STM32C051K6T6, STM32C051K6U6, STM32C051K8T6, STM32C071C8T6, STM32C071C8T6N, STM32C071C8U6, STM32C071C8U6N, STM32C071CBT6, STM32C071CBT6N, STM32C071CBU6, STM32C071CBU6N, STM32C071F8P6, STM32C071F8P6N, STM32C071FBP6, STM32C071FBP6N, STM32C071FBY6TR, STM32C071G8U6, STM32C071G8U6N, STM32C071GBU6, STM32C071GBU6N, STM32C071K8T6, STM32C071K8T6N, STM32C071K8U6, STM32C071K8U6N, STM32C071KBT6, STM32C071KBT6N, STM32C071KBU6, STM32C071KBU6N, STM32C071R8T6, STM32C071R8T6N, STM32C071RBI6N, STM32C071RBT6, STM32C071RBT6N, STM32C091CBT6, STM32C091CBU6, STM32C091CCT6, STM32C091CCU6, STM32C091ECY6TR, STM32C091FBP6, STM32C091FCP6, STM32C091GBU6, STM32C091GCU6, STM32C091KBT6, STM32C091KBU6, STM32C091KCT6, STM32C091KCU6, STM32C091RBT6, STM32C091RCI6, STM32C091RCT6, STM32C092CBT6, STM32C092CBU6, STM32C092CCT6, STM32C092CCU6, STM32C092ECY6TR, STM32C092FBP6, STM32C092FCP6, STM32C092GBU6, STM32C092GCU6, STM32C092KBT6, STM32C092KBU6, STM32C092KCT6, STM32C092KCU6, STM32C092RBT6, STM32C092RCI6, STM32C092RCT6, STM32G071K8TXN, STM32G071K8UXN, STM32G081GBU6N, STM32G081KBT6N, STM32G081KBUXN, STM32G0B1CCT6N, STM32G0B1KCT6, STM32G0B1NEY6TR, STM32G0B1RCT6N, STM32G0C1CCT6, STM32G0C1CCT6N, STM32G0C1CCU6N, STM32G0C1CET6N, STM32G0C1CEU6N, STM32G0C1KCT6, STM32G0C1NEY6TR, STM32G0C1RCI6N, STM32G0C1RCT6N, STM32G0C1REI6N, STM32G0C1RET6N, STM32G0C1VCI6, STM32G0C1VEI6, STM32G411C6T3, STM32G411C6T6, STM32G411C6U3, STM32G411C6U6, STM32G411C8T3, STM32G411C8T6, STM32G411C8U3, STM32G411C8U6, STM32G411CBT3, STM32G411CBT6, STM32G411CBU3, STM32G411CBU6, STM32G411K6T3, STM32G411K6T6, STM32G411K6U3, STM32G411K6U6, STM32G411K8T3, STM32G411K8T6, STM32G411K8U3, STM32G411K8U6, STM32G411KBT3, STM32G411KBT6, STM32G411KBU3, STM32G411KBU6, STM32G411M6T3, STM32G411M6T6, STM32G411M8T3, STM32G411M8T6, STM32G411MBT3, STM32G411MBT6, STM32G411R6T3, STM32G411R6T6, STM32G411R8T3, STM32G411R8T6, STM32G411RBT3, STM32G411RBT6, STM32G414CBT3, STM32G414CBT6, STM32G414CBU3, STM32G414CBU6, STM32G414CCT3, STM32G414CCT6, STM32G414CCU3, STM32G414CCU6, STM32G414MBT3, STM32G414MBT6, STM32G414MCT3, STM32G414MCT6, STM32G414RBT3, STM32G414RBT6, STM32G414RCT3, STM32G414RCT6, STM32G414VBT3, STM32G414VBT6, STM32G414VCT3, STM32G414VCT6, STM32G431CBT3Z, STM32G431RBT3Z, STM32G471CCT6, STM32G471CCU6, STM32G471CET3, STM32G471CET6, STM32G471CEU3, STM32G471CEU6, STM32G471MCT6, STM32G471MET3, STM32G471MET6, STM32G471MEY6TR, STM32G471QCT6, STM32G471QET3, STM32G471RCT6, STM32G471RET3, STM32G471RET6, STM32G471VCH6, STM32G471VCI6, STM32G471VCT6, STM32G471VEH3, STM32G471VEH6, STM32G471VEI3, STM32G471VEI6, STM32G471VET3, STM32G471VET6, STM32G473QET3Z, STM32G473RET3Z, STM32G474CCT6, STM32G491RET3Z, STM32H503CBT6, STM32H503CBU6, STM32H503EBY6TR, STM32H503KBU6, STM32H503RBT6, STM32H523CCT6, STM32H523CCU6, STM32H523CET6, STM32H523CEU6, STM32H523HEY6TR, STM32H523RCT6, STM32H523RET6, STM32H523VCI6, STM32H523VCT6, STM32H523VEI6, STM32H523VET6, STM32H523ZCJ6, STM32H523ZCT6, STM32H523ZEJ6, STM32H523ZET6, STM32H533CET6, STM32H533CEU6, STM32H533HEY6TR, STM32H533RET6, STM32H533VEI6, STM32H533VET6, STM32H533ZEJ6, STM32H533ZET6, STM32H562AGI6, STM32H562AII6, STM32H562IGK6, STM32H562IGT6, STM32H562IIK6, STM32H562IIT6, STM32H562RGT6, STM32H562RGV6, STM32H562RIT6, STM32H562RIV6, STM32H562VGT6, STM32H562VIT6, STM32H562ZGT6, STM32H562ZIT6, STM32H563AGI6, STM32H563AII3Q, STM32H563AII6, STM32H563IGK6, STM32H563IGT6, STM32H563IIK3Q, STM32H563IIK6, STM32H563IIT3Q, STM32H563IIT6, STM32H563MIY3QTR, STM32H563RGT6, STM32H563RGV6, STM32H563RIT6, STM32H563RIV6, STM32H563VGT6, STM32H563VIT3Q, STM32H563VIT6, STM32H563ZGT6, STM32H563ZIT3Q, STM32H563ZIT6, STM32H573AII3Q, STM32H573AII6, STM32H573I-DK, STM32H573IIK3Q, STM32H573IIK6, STM32H573IIT3Q, STM32H573IIT6, STM32H573MIY3QTR, STM32H573RIT6, STM32H573RIV6, STM32H573VIT3Q, STM32H573VIT6, STM32H573ZIT3Q, STM32H573ZIT6, STM32H7R3A8I6, STM32H7R3I8K6, STM32H7R3I8T6, STM32H7R3L8H6, STM32H7R3L8H6H, STM32H7R3R8V6, STM32H7R3V8H6, STM32H7R3V8T6, STM32H7R3V8Y6TR, STM32H7R3Z8J6, STM32H7R3Z8T6, STM32H7R7A8I6, STM32H7R7I8K6, STM32H7R7I8T6, STM32H7R7L8H6, STM32H7R7L8H6H, STM32H7R7Z8J6, STM32H7S3A8I6, STM32H7S3I8K6, STM32H7S3I8T6, STM32H7S3L8H6, STM32H7S3L8H6H, STM32H7S3R8V6, STM32H7S3V8H6, STM32H7S3V8T6, STM32H7S3V8Y6TR, STM32H7S3Z8J6, STM32H7S3Z8T6, STM32H7S78-DK, STM32H7S7A8I6, STM32H7S7I8K6, STM32H7S7I8T6, STM32H7S7L8H6, STM32H7S7L8H6H, STM32H7S7Z8J6, STM32L4R5QGI6STR, STM32MP131AAE3, STM32MP131AAF3, STM32MP131AAG3, STM32MP131CAE3, STM32MP131CAF3, STM32MP131CAG3, STM32MP131DAE7, STM32MP131DAF7, STM32MP131DAG7, STM32MP131FAE7, STM32MP131FAF7, STM32MP131FAG7, STM32MP133AAE3, STM32MP133AAF3, STM32MP133AAG3, STM32MP133CAE3, STM32MP133CAF3, STM32MP133CAG3, STM32MP133DAE7, STM32MP133DAF7, STM32MP133DAG7, STM32MP133FAE7, STM32MP133FAF7, STM32MP133FAG7, STM32MP135AAE3, STM32MP135AAF3, STM32MP135AAG3, STM32MP135CAE3, STM32MP135CAF3, STM32MP135CAG3, STM32MP135DAE7, STM32MP135DAF7, STM32MP135DAG7, STM32MP135F-DK, STM32MP135FAE7, STM32MP135FAF7, STM32MP135FAF7T, STM32MP135FAF7U, STM32MP135FAG7, STM32MP211AAL3, STM32MP211AAM3, STM32MP211AAN3, STM32MP211AAO3, STM32MP211CAL3, STM32MP211CAM3, STM32MP211CAN3, STM32MP211CAO3, STM32MP211DAL3, STM32MP211DAM3, STM32MP211DAN3, STM32MP211DAO3, STM32MP211FAL3, STM32MP211FAM3, STM32MP211FAN3, STM32MP211FAO3, STM32MP213AAL3, STM32MP213AAM3, STM32MP213AAN3, STM32MP213AAO3, STM32MP213CAL3, STM32MP213CAM3, STM32MP213CAN3, STM32MP213CAO3, STM32MP213DAL3, STM32MP213DAM3, STM32MP213DAN3, STM32MP213DAO3, STM32MP213FAL3, STM32MP213FAM3, STM32MP213FAN3, STM32MP213FAO3, STM32MP215AAL3, STM32MP215AAM3, STM32MP215AAN3, STM32MP215AAO3, STM32MP215CAL3, STM32MP215CAM3, STM32MP215CAN3, STM32MP215CAO3, STM32MP215DAL3, STM32MP215DAM3, STM32MP215DAN3, STM32MP215DAO3, STM32MP215F-DK, STM32MP215FAL3, STM32MP215FAM3, STM32MP215FAN3, STM32MP215FAO3, STM32MP231AAJ3, STM32MP231AAK3, STM32MP231AAL3, STM32MP231CAJ3, STM32MP231CAK3, STM32MP231CAL3, STM32MP231DAJ3, STM32MP231DAK3, STM32MP231DAL3, STM32MP231FAJ3, STM32MP231FAK3, STM32MP231FAL3, STM32MP233AAJ3, STM32MP233AAK3, STM32MP233AAL3, STM32MP233CAJ3, STM32MP233CAK3, STM32MP233CAL3, STM32MP233DAJ3, STM32MP233DAK3, STM32MP233DAL3, STM32MP233FAJ3, STM32MP233FAK3, STM32MP233FAL3, STM32MP235AAJ3, STM32MP235AAK3, STM32MP235AAL3, STM32MP235CAJ3, STM32MP235CAK3, STM32MP235CAL3, STM32MP235DAJ3, STM32MP235DAK3, STM32MP235DAL3, STM32MP235FAJ3, STM32MP235FAK3, STM32MP235FAL3, STM32MP251AAI3, STM32MP251AAK3, STM32MP251AAL3, STM32MP251CAI3, STM32MP251CAK3, STM32MP251CAL3, STM32MP251DAI3, STM32MP251DAK3, STM32MP251DAL3, STM32MP251FAI3, STM32MP251FAK3, STM32MP251FAL3, STM32MP253AAI3, STM32MP253AAK3, STM32MP253AAL3, STM32MP253CAI3, STM32MP253CAK3, STM32MP253CAL3, STM32MP253DAI3, STM32MP253DAK3, STM32MP253DAL3, STM32MP253FAI3, STM32MP253FAK3, STM32MP253FAL3, STM32MP255AAI3, STM32MP255AAK3, STM32MP255AAL3, STM32MP255CAI3, STM32MP255CAK3, STM32MP255CAL3, STM32MP255DAI3, STM32MP255DAK3, STM32MP255DAL3, STM32MP255FAI3, STM32MP255FAK3, STM32MP255FAL3, STM32MP257AAI3, STM32MP257AAK3, STM32MP257AAL3, STM32MP257CAI3, STM32MP257CAK3, STM32MP257CAL3, STM32MP257DAI3, STM32MP257DAK3, STM32MP257DAL3, STM32MP257F-DK, STM32MP257F-EV1, STM32MP257FAI3, STM32MP257FAK3, STM32MP257FAL3, STM32N645A0H3Q, STM32N645B0H3Q, STM32N645I0H3Q, STM32N645L0H3Q, STM32N645X0H3Q, STM32N645Z0H3Q, STM32N647A0H3Q, STM32N647B0H3Q, STM32N647I0H3Q, STM32N647L0H3Q, STM32N647X0H3Q, STM32N647Z0H3Q, STM32N655A0H3Q, STM32N655B0H3Q, STM32N655I0H3Q, STM32N655L0H3Q, STM32N655X0H3Q, STM32N655Z0H3Q, STM32N6570-DK, STM32N657A0H3Q, STM32N657B0H3Q, STM32N657I0H3Q, STM32N657L0H3Q, STM32N657X0H3Q, STM32N657Z0H3Q, STM32U031C6T6, STM32U031C6U6, STM32U031C8T6, STM32U031C8U6, STM32U031F4P6, STM32U031F6P6, STM32U031F8P6, STM32U031G6Y6TR, STM32U031G8Y6TR, STM32U031K4U6, STM32U031K6U6, STM32U031K8U6, STM32U031R6I6, STM32U031R6T6, STM32U031R8I6, STM32U031R8T6, STM32U073C8T6, STM32U073C8U6, STM32U073CBT6, STM32U073CBU6, STM32U073CCT6, STM32U073CCU6, STM32U073H8Y6TR, STM32U073HBY6TR, STM32U073HCY6TR, STM32U073K8U6, STM32U073KBU6, STM32U073KCU6, STM32U073M8I6, STM32U073M8T6, STM32U073MBI6, STM32U073MBT6, STM32U073MCI6, STM32U073MCT6, STM32U073R8I6, STM32U073R8T6, STM32U073RBI6, STM32U073RBT6, STM32U073RCI6, STM32U073RCT6, STM32U083C-DK, STM32U083CCT6, STM32U083CCU6, STM32U083HCY6TR, STM32U083KCU6, STM32U083MCI6, STM32U083MCT6, STM32U083RCI6, STM32U083RCT6, STM32U375CET6, STM32U375CET6Q, STM32U375CEU6, STM32U375CEU6Q, STM32U375CEY6QTR, STM32U375CGT6, STM32U375CGT6Q, STM32U375CGU6, STM32U375CGU6Q, STM32U375CGY6QTR, STM32U375KEU6, STM32U375KGU6, STM32U375REI6, STM32U375REI6Q, STM32U375RET6, STM32U375RET6Q, STM32U375REY6GTR, STM32U375REY6QTR, STM32U375RGI6, STM32U375RGI6Q, STM32U375RGT6, STM32U375RGT6Q, STM32U375RGY6GTR, STM32U375RGY6QTR, STM32U375VEI6, STM32U375VEI6Q, STM32U375VET6, STM32U375VET6Q, STM32U375VGI6, STM32U375VGI6Q, STM32U375VGT6, STM32U375VGT6Q, STM32U385CGT6, STM32U385CGT6Q, STM32U385CGU6, STM32U385CGU6Q, STM32U385CGY6QTR, STM32U385KGU6, STM32U385RGI6, STM32U385RGI6Q, STM32U385RGT6, STM32U385RGT6Q, STM32U385RGY6GTR, STM32U385RGY6QTR, STM32U385VGI6, STM32U385VGI6Q, STM32U385VGT6, STM32U385VGT6Q, STM32U535CBT6, STM32U535CBT6Q, STM32U535CBU6, STM32U535CBU6Q, STM32U535CCT6, STM32U535CCT6Q, STM32U535CCU6, STM32U535CCU6Q, STM32U535CET6, STM32U535CET6Q, STM32U535CEU6, STM32U535CEU6Q, STM32U535JEY6QTR, STM32U535NCY6QTR, STM32U535NEY6QTR, STM32U535RBI6, STM32U535RBI6Q, STM32U535RBT6, STM32U535RBT6Q, STM32U535RCI6, STM32U535RCI6Q, STM32U535RCT6, STM32U535RCT6Q, STM32U535REI6, STM32U535REI6Q, STM32U535RET6, STM32U535RET6Q, STM32U535VCI6, STM32U535VCI6Q, STM32U535VCT6, STM32U535VCT6Q, STM32U535VEI6, STM32U535VEI6Q, STM32U535VET6, STM32U535VET6Q, STM32U545CET6, STM32U545CET6Q, STM32U545CEU6, STM32U545CEU6Q, STM32U545JEY6QTR, STM32U545NEY6QTR, STM32U545REI6, STM32U545REI6Q, STM32U545RET6, STM32U545RET6Q, STM32U545VEI6, STM32U545VEI6Q, STM32U545VET6, STM32U545VET6Q, STM32U595AIH6, STM32U595AIH6Q, STM32U595AJH6, STM32U595AJH6Q, STM32U595QII6, STM32U595QII6Q, STM32U595QJI6, STM32U595QJI6Q, STM32U595RIT6, STM32U595RIT6Q, STM32U595RJT6, STM32U595RJT6Q, STM32U595VIT6, STM32U595VIT6Q, STM32U595VJT6, STM32U595VJT6Q, STM32U595ZIT6, STM32U595ZIT6Q, STM32U595ZIY6QTR, STM32U595ZJT6, STM32U595ZJT6Q, STM32U595ZJY6QTR, STM32U599BJY6QTR, STM32U599NIH6Q, STM32U599NJH6Q, STM32U599VIT6Q, STM32U599VJT6, STM32U599VJT6Q, STM32U599ZIT6Q, STM32U599ZIY6QTR, STM32U599ZJT6Q, STM32U599ZJY6QTR, STM32U5A5AJH6, STM32U5A5AJH6Q, STM32U5A5QII3Q , STM32U5A5QJI6, STM32U5A5QJI6Q, STM32U5A5RJT6, STM32U5A5RJT6Q, STM32U5A5VJT6, STM32U5A5VJT6Q, STM32U5A5ZJT6, STM32U5A5ZJT6Q, STM32U5A5ZJY6QTR, STM32U5A9BJY6QTR, STM32U5A9J-DK, STM32U5A9NJH6Q, STM32U5A9VJT6Q, STM32U5A9ZJT6Q, STM32U5A9ZJY6QTR, STM32U5F7VIT6, STM32U5F7VIT6Q, STM32U5F7VJT6, STM32U5F7VJT6Q, STM32U5F9BJY6QTR, STM32U5F9NJH6Q, STM32U5F9VIT6Q, STM32U5F9VJT6Q, STM32U5F9ZIJ6QTR, STM32U5F9ZIT6Q, STM32U5F9ZJJ6QTR, STM32U5F9ZJT6Q, STM32U5G7VJT6, STM32U5G7VJT6Q, STM32U5G9BJY6QTR, STM32U5G9J-DK1, STM32U5G9J-DK2, STM32U5G9NJH6Q, STM32U5G9VJT6Q, STM32U5G9ZJJ6QTR, STM32U5G9ZJT6Q, STM32WB05KZV6TR, STM32WB05KZV7TR, STM32WB05TZF6TR, STM32WB05TZF7TR, STM32WB06CCF6TR, STM32WB06CCF7TR, STM32WB06CCV6TR, STM32WB06CCV7TR, STM32WB06KCV6TR, STM32WB06KCV7TR, STM32WB07CCF6TR, STM32WB07CCF7TR, STM32WB07CCV6TR, STM32WB07CCV7TR, STM32WB07KCV6TR, STM32WB07KCV7TR, STM32WB09KEV6TR, STM32WB09KEV7TR, STM32WB09TEF6TR, STM32WB09TEF7TR, STM32WB1MMCH6, STM32WBA50KGU6, STM32WBA50KGU6TR, STM32WBA52CEU6, STM32WBA52CEU6TR, STM32WBA52CEU7, STM32WBA52CEU7TR, STM32WBA52CGU6, STM32WBA52CGU6TR, STM32WBA52CGU6U, STM32WBA52CGU7, STM32WBA52CGU7TR, STM32WBA52KEU6, STM32WBA52KEU6TR, STM32WBA52KGU6, STM32WBA52KGU6TR, STM32WBA54CEU6, STM32WBA54CEU6TR, STM32WBA54CEU7, STM32WBA54CEU7TR, STM32WBA54CGU6, STM32WBA54CGU6TR, STM32WBA54CGU7, STM32WBA54CGU7TR, STM32WBA54KEU6, STM32WBA54KEU6TR, STM32WBA54KEU7, STM32WBA54KEU7TR, STM32WBA54KGU6, STM32WBA54KGU6TR, STM32WBA54KGU7, STM32WBA54KGU7TR, STM32WBA55CEU6, STM32WBA55CEU6TR, STM32WBA55CEU7, STM32WBA55CEU7TR, STM32WBA55CGU6, STM32WBA55CGU6TR, STM32WBA55CGU6U, STM32WBA55CGU7, STM32WBA55CGU7TR, STM32WBA55G-DK1, STM32WBA55HEF6, STM32WBA55HEF7, STM32WBA55HGF6, STM32WBA55HGF7, STM32WBA55UEI6, STM32WBA55UEI6TR, STM32WBA55UEI7, STM32WBA55UEI7TR, STM32WBA55UGI6, STM32WBA55UGI6TR, STM32WBA55UGI7, STM32WBA55UGI7TR, STM32WBA5MMGH6TR, STM32WBA62MGF6, STM32WBA62MIF6, STM32WBA65MGF7, STM32WBA65MIF6, STM32WBA65MIF7, STM32WL30K8V6, STM32WL30KBV6, STM32WL31C8V6, STM32WL31CBV6, STM32WL31K8V6, STM32WL31KBV6, STM32WL33C8V6, STM32WL33C8V6X, STM32WL33CBV6, STM32WL33CBV6X, STM32WL33CCV6, STM32WL33CCV6A, STM32WL33CCV6X, STM32WL33K8V7, STM32WL33K8V7X, STM32WL33KBV7 , STM32WL33KBV7X, STM32WL33KCV7, STM32WL33KCV7X, STM32WL5MOCH6, STM32WL5MOCH6TR]
2025-09-26 10:15:30,884 [INFO] DbMcus:218 - Found 4801 MCUs, 4801 are supported
2025-09-26 10:15:30,884 [INFO] ApiDb:414 - User favorites file not found: /Users/admin/.stm32cubeide/favorites.mcus.txt
2025-09-26 10:15:30,885 [INFO] DbMcus:224 - Set 0 / 0 favorites MCUs
2025-09-26 10:15:31,855 [INFO] ApiDb:668 - CubeFinder database Data Model version=2.1
2025-09-26 10:15:31,855 [INFO] ApiDb:669 - CubeFinder database Configuration version=3.0.39
2025-09-26 10:15:31,855 [INFO] ApiDb:670 - CubeFinder database generation date=2025-08-25 (1756130511)
2025-09-26 10:15:31,855 [INFO] ApiDb:671 - CubeFinder database FW Pack versions=[FP-ATR-ASTRA1_V2.0.0, FP-SNS-FLIGHT1_V5.1.0, FP-SNS-MOTENV1_V5.0.0, FP-SNS-MOTENVWB1_V1.4.0, FP-SNS-SMARTAG2_V1.2.0, FP-SNS-STBOX1_V2.1.0, STM32Cube_FW_C0_V1.4.0, STM32Cube_FW_F4_V1.28.3, STM32Cube_FW_F7_V1.17.4, STM32Cube_FW_G0_V1.6.2, STM32Cube_FW_G4_V1.6.1, STM32Cube_FW_H5_V1.5.0, STM32Cube_FW_H7RS_V1.2.0, STM32Cube_FW_H7_V1.12.1, STM32Cube_FW_L0_V1.12.2, STM32Cube_FW_L4_V1.18.1, STM32Cube_FW_L5_V1.5.1, STM32Cube_FW_N6_V1.2.0, STM32Cube_FW_U0_V1.3.0, STM32Cube_FW_U3_V1.2.0, STM32Cube_FW_U5_V1.8.0, STM32Cube_FW_WB0_V1.3.0, STM32Cube_FW_WBA_V1.7.0, STM32Cube_FW_WB_V1.23.0, STM32Cube_FW_WL3_V1.2.0, STM32Cube_FW_WL_V1.3.1, X-CUBE-ALGOBUILD_V1.4.0, X-CUBE-ALS_V1.0.2, X-CUBE-AZRTOS-F4_V1.1.0, X-CUBE-AZRTOS-F7_V1.1.0, X-CUBE-AZRTOS-G0_V1.1.0, X-CUBE-AZRTOS-G4_V2.0.0, X-CUBE-AZRTOS-H7RS_V1.1.0, X-CUBE-AZRTOS-H7_V3.4.0, X-CUBE-AZRTOS-L4_V2.0.0, X-CUBE-AZRTOS-L5_V2.0.0, X-CUBE-AZRTOS-WB_V2.0.0, X-CUBE-AZRTOS-WL_V2.0.0, X-CUBE-BLE1_V7.1.0, X-CUBE-BLE2_V3.3.0, X-CUBE-BLEMGR_V4.1.0, X-CUBE-EEPRMA1_V5.2.0, X-CUBE-FREERTOS_V1.3.1, X-CUBE-GNSS1_V6.0.0, X-CUBE-MEMS1_V11.3.0, X-CUBE-NFC4_V3.0.0, X-CUBE-NFC7_V2.0.0, X-CUBE-SFXS2LP1_V4.0.0, X-CUBE-ST67W61_V1.0.0, X-CUBE-SUBG2_V5.0.0, X-CUBE-TOF1_V3.4.3]
2025-09-26 10:15:31,921 [INFO] DbBoardsSqlite:226 - include board P-NUCLEO-WB55-NUCLEO as a kit item of type 'Nucleo-64'
2025-09-26 10:15:31,921 [INFO] DbBoardsSqlite:226 - include board P-NUCLEO-WB55-USBDONGLE as a kit item of type 'Nucleo USB Dongle'
2025-09-26 10:15:31,922 [INFO] DbBoardsSqlite:226 - include board STEVAL-IDP005V1 as a kit item of type 'Evaluation Board'
2025-09-26 10:15:31,922 [INFO] DbBoardsSqlite:226 - include board STEVAL-IDP005V2 as a kit item of type 'Evaluation Board'
2025-09-26 10:15:32,002 [INFO] ApiDb:240 - Found 880 in-development CPN: [B-G473E-ZEST1S, B-WB1M-WPAN1, B-WBA5M-WPAN, B-WL5M-SUBG1, NUCLEO-C031C6, NUCLEO-C051C8, NUCLEO-C071RB, NUCLEO-C092RC, NUCLEO-H503RB, NUCLEO-H533RE, NUCLEO-H563ZI, NUCLEO-H7S3L8, NUCLEO-N657X0-Q, NUCLEO-U031R8, NUCLEO-U083RC, NUCLEO-U385RG-Q, NUCLEO-U545RE-Q, NUCLEO-U5A5ZJ-Q, NUCLEO-WB05KZ, NUCLEO-WB07CC, NUCLEO-WB09KE, NUCLEO-WBA52CG, NUCLEO-WBA55CG, NUCLEO-WL33CC1, NUCLEO-WL33CC2, STEVAL-PROTEUS1, STEVAL-SMARTAG2, STEVAL-STWINBX1, STM320518-EVAL, STM32C0116-DK, STM32C011D6Y3TR, STM32C011D6Y6TR, STM32C011F4P3, STM32C011F4P6, STM32C011F4U3, STM32C011F4U6TR, STM32C011F6P3, STM32C011F6P6, STM32C011F6U3, STM32C011F6U6TR, STM32C011J4M3, STM32C011J4M6, STM32C011J6M3, STM32C011J6M6, STM32C0316-DK, STM32C031C4T3, STM32C031C4T6, STM32C031C4U3, STM32C031C4U6, STM32C031C6T3, STM32C031C6T6, STM32C031C6U3, STM32C031C6U6, STM32C031F4P3, STM32C031F4P6, STM32C031F6P3, STM32C031F6P6, STM32C031G4U3, STM32C031G4U6, STM32C031G6U3, STM32C031G6U6, STM32C031K4T3, STM32C031K4T6, STM32C031K4U3, STM32C031K4U6, STM32C031K6T3, STM32C031K6T6, STM32C031K6U3, STM32C031K6U6, STM32C051C6T6, STM32C051C6U6, STM32C051C8T6, STM32C051C8U6, STM32C051D8Y6TR, STM32C051F6P6, STM32C051F8P6, STM32C051G6U6, STM32C051G8U6, STM32C051K6T6, STM32C051K6U6, STM32C051K8T6, STM32C071C8T6, STM32C071C8T6N, STM32C071C8U6, STM32C071C8U6N, STM32C071CBT6, STM32C071CBT6N, STM32C071CBU6, STM32C071CBU6N, STM32C071F8P6, STM32C071F8P6N, STM32C071FBP6, STM32C071FBP6N, STM32C071FBY6TR, STM32C071G8U6, STM32C071G8U6N, STM32C071GBU6, STM32C071GBU6N, STM32C071K8T6, STM32C071K8T6N, STM32C071K8U6, STM32C071K8U6N, STM32C071KBT6, STM32C071KBT6N, STM32C071KBU6, STM32C071KBU6N, STM32C071R8T6, STM32C071R8T6N, STM32C071RBI6N, STM32C071RBT6, STM32C071RBT6N, STM32C091CBT6, STM32C091CBU6, STM32C091CCT6, STM32C091CCU6, STM32C091ECY6TR, STM32C091FBP6, STM32C091FCP6, STM32C091GBU6, STM32C091GCU6, STM32C091KBT6, STM32C091KBU6, STM32C091KCT6, STM32C091KCU6, STM32C091RBT6, STM32C091RCI6, STM32C091RCT6, STM32C092CBT6, STM32C092CBU6, STM32C092CCT6, STM32C092CCU6, STM32C092ECY6TR, STM32C092FBP6, STM32C092FCP6, STM32C092GBU6, STM32C092GCU6, STM32C092KBT6, STM32C092KBU6, STM32C092KCT6, STM32C092KCU6, STM32C092RBT6, STM32C092RCI6, STM32C092RCT6, STM32G071K8TXN, STM32G071K8UXN, STM32G081GBU6N, STM32G081KBT6N, STM32G081KBUXN, STM32G0B1CCT6N, STM32G0B1KCT6, STM32G0B1NEY6TR, STM32G0B1RCT6N, STM32G0C1CCT6, STM32G0C1CCT6N, STM32G0C1CCU6N, STM32G0C1CET6N, STM32G0C1CEU6N, STM32G0C1KCT6, STM32G0C1NEY6TR, STM32G0C1RCI6N, STM32G0C1RCT6N, STM32G0C1REI6N, STM32G0C1RET6N, STM32G0C1VCI6, STM32G0C1VEI6, STM32G411C6T3, STM32G411C6T6, STM32G411C6U3, STM32G411C6U6, STM32G411C8T3, STM32G411C8T6, STM32G411C8U3, STM32G411C8U6, STM32G411CBT3, STM32G411CBT6, STM32G411CBU3, STM32G411CBU6, STM32G411K6T3, STM32G411K6T6, STM32G411K6U3, STM32G411K6U6, STM32G411K8T3, STM32G411K8T6, STM32G411K8U3, STM32G411K8U6, STM32G411KBT3, STM32G411KBT6, STM32G411KBU3, STM32G411KBU6, STM32G411M6T3, STM32G411M6T6, STM32G411M8T3, STM32G411M8T6, STM32G411MBT3, STM32G411MBT6, STM32G411R6T3, STM32G411R6T6, STM32G411R8T3, STM32G411R8T6, STM32G411RBT3, STM32G411RBT6, STM32G414CBT3, STM32G414CBT6, STM32G414CBU3, STM32G414CBU6, STM32G414CCT3, STM32G414CCT6, STM32G414CCU3, STM32G414CCU6, STM32G414MBT3, STM32G414MBT6, STM32G414MCT3, STM32G414MCT6, STM32G414RBT3, STM32G414RBT6, STM32G414RCT3, STM32G414RCT6, STM32G414VBT3, STM32G414VBT6, STM32G414VCT3, STM32G414VCT6, STM32G431CBT3Z, STM32G431RBT3Z, STM32G471CCT6, STM32G471CCU6, STM32G471CET3, STM32G471CET6, STM32G471CEU3, STM32G471CEU6, STM32G471MCT6, STM32G471MET3, STM32G471MET6, STM32G471MEY6TR, STM32G471QCT6, STM32G471QET3, STM32G471RCT6, STM32G471RET3, STM32G471RET6, STM32G471VCH6, STM32G471VCI6, STM32G471VCT6, STM32G471VEH3, STM32G471VEH6, STM32G471VEI3, STM32G471VEI6, STM32G471VET3, STM32G471VET6, STM32G473QET3Z, STM32G473RET3Z, STM32G474CCT6, STM32G491RET3Z, STM32H503CBT6, STM32H503CBU6, STM32H503EBY6TR, STM32H503KBU6, STM32H503RBT6, STM32H523CCT6, STM32H523CCU6, STM32H523CET6, STM32H523CEU6, STM32H523HEY6TR, STM32H523RCT6, STM32H523RET6, STM32H523VCI6, STM32H523VCT6, STM32H523VEI6, STM32H523VET6, STM32H523ZCJ6, STM32H523ZCT6, STM32H523ZEJ6, STM32H523ZET6, STM32H533CET6, STM32H533CEU6, STM32H533HEY6TR, STM32H533RET6, STM32H533VEI6, STM32H533VET6, STM32H533ZEJ6, STM32H533ZET6, STM32H562AGI6, STM32H562AII6, STM32H562IGK6, STM32H562IGT6, STM32H562IIK6, STM32H562IIT6, STM32H562RGT6, STM32H562RGV6, STM32H562RIT6, STM32H562RIV6, STM32H562VGT6, STM32H562VIT6, STM32H562ZGT6, STM32H562ZIT6, STM32H563AGI6, STM32H563AII3Q, STM32H563AII6, STM32H563IGK6, STM32H563IGT6, STM32H563IIK3Q, STM32H563IIK6, STM32H563IIT3Q, STM32H563IIT6, STM32H563MIY3QTR, STM32H563RGT6, STM32H563RGV6, STM32H563RIT6, STM32H563RIV6, STM32H563VGT6, STM32H563VIT3Q, STM32H563VIT6, STM32H563ZGT6, STM32H563ZIT3Q, STM32H563ZIT6, STM32H573AII3Q, STM32H573AII6, STM32H573I-DK, STM32H573IIK3Q, STM32H573IIK6, STM32H573IIT3Q, STM32H573IIT6, STM32H573MIY3QTR, STM32H573RIT6, STM32H573RIV6, STM32H573VIT3Q, STM32H573VIT6, STM32H573ZIT3Q, STM32H573ZIT6, STM32H7R3A8I6, STM32H7R3I8K6, STM32H7R3I8T6, STM32H7R3L8H6, STM32H7R3L8H6H, STM32H7R3R8V6, STM32H7R3V8H6, STM32H7R3V8T6, STM32H7R3V8Y6TR, STM32H7R3Z8J6, STM32H7R3Z8T6, STM32H7R7A8I6, STM32H7R7I8K6, STM32H7R7I8T6, STM32H7R7L8H6, STM32H7R7L8H6H, STM32H7R7Z8J6, STM32H7S3A8I6, STM32H7S3I8K6, STM32H7S3I8T6, STM32H7S3L8H6, STM32H7S3L8H6H, STM32H7S3R8V6, STM32H7S3V8H6, STM32H7S3V8T6, STM32H7S3V8Y6TR, STM32H7S3Z8J6, STM32H7S3Z8T6, STM32H7S78-DK, STM32H7S7A8I6, STM32H7S7I8K6, STM32H7S7I8T6, STM32H7S7L8H6, STM32H7S7L8H6H, STM32H7S7Z8J6, STM32L4R5QGI6STR, STM32MP131AAE3, STM32MP131AAF3, STM32MP131AAG3, STM32MP131CAE3, STM32MP131CAF3, STM32MP131CAG3, STM32MP131DAE7, STM32MP131DAF7, STM32MP131DAG7, STM32MP131FAE7, STM32MP131FAF7, STM32MP131FAG7, STM32MP133AAE3, STM32MP133AAF3, STM32MP133AAG3, STM32MP133CAE3, STM32MP133CAF3, STM32MP133CAG3, STM32MP133DAE7, STM32MP133DAF7, STM32MP133DAG7, STM32MP133FAE7, STM32MP133FAF7, STM32MP133FAG7, STM32MP135AAE3, STM32MP135AAF3, STM32MP135AAG3, STM32MP135CAE3, STM32MP135CAF3, STM32MP135CAG3, STM32MP135DAE7, STM32MP135DAF7, STM32MP135DAG7, STM32MP135F-DK, STM32MP135FAE7, STM32MP135FAF7, STM32MP135FAF7T, STM32MP135FAF7U, STM32MP135FAG7, STM32MP211AAL3, STM32MP211AAM3, STM32MP211AAN3, STM32MP211AAO3, STM32MP211CAL3, STM32MP211CAM3, STM32MP211CAN3, STM32MP211CAO3, STM32MP211DAL3, STM32MP211DAM3, STM32MP211DAN3, STM32MP211DAO3, STM32MP211FAL3, STM32MP211FAM3, STM32MP211FAN3, STM32MP211FAO3, STM32MP213AAL3, STM32MP213AAM3, STM32MP213AAN3, STM32MP213AAO3, STM32MP213CAL3, STM32MP213CAM3, STM32MP213CAN3, STM32MP213CAO3, STM32MP213DAL3, STM32MP213DAM3, STM32MP213DAN3, STM32MP213DAO3, STM32MP213FAL3, STM32MP213FAM3, STM32MP213FAN3, STM32MP213FAO3, STM32MP215AAL3, STM32MP215AAM3, STM32MP215AAN3, STM32MP215AAO3, STM32MP215CAL3, STM32MP215CAM3, STM32MP215CAN3, STM32MP215CAO3, STM32MP215DAL3, STM32MP215DAM3, STM32MP215DAN3, STM32MP215DAO3, STM32MP215F-DK, STM32MP215FAL3, STM32MP215FAM3, STM32MP215FAN3, STM32MP215FAO3, STM32MP231AAJ3, STM32MP231AAK3, STM32MP231AAL3, STM32MP231CAJ3, STM32MP231CAK3, STM32MP231CAL3, STM32MP231DAJ3, STM32MP231DAK3, STM32MP231DAL3, STM32MP231FAJ3, STM32MP231FAK3, STM32MP231FAL3, STM32MP233AAJ3, STM32MP233AAK3, STM32MP233AAL3, STM32MP233CAJ3, STM32MP233CAK3, STM32MP233CAL3, STM32MP233DAJ3, STM32MP233DAK3, STM32MP233DAL3, STM32MP233FAJ3, STM32MP233FAK3, STM32MP233FAL3, STM32MP235AAJ3, STM32MP235AAK3, STM32MP235AAL3, STM32MP235CAJ3, STM32MP235CAK3, STM32MP235CAL3, STM32MP235DAJ3, STM32MP235DAK3, STM32MP235DAL3, STM32MP235FAJ3, STM32MP235FAK3, STM32MP235FAL3, STM32MP251AAI3, STM32MP251AAK3, STM32MP251AAL3, STM32MP251CAI3, STM32MP251CAK3, STM32MP251CAL3, STM32MP251DAI3, STM32MP251DAK3, STM32MP251DAL3, STM32MP251FAI3, STM32MP251FAK3, STM32MP251FAL3, STM32MP253AAI3, STM32MP253AAK3, STM32MP253AAL3, STM32MP253CAI3, STM32MP253CAK3, STM32MP253CAL3, STM32MP253DAI3, STM32MP253DAK3, STM32MP253DAL3, STM32MP253FAI3, STM32MP253FAK3, STM32MP253FAL3, STM32MP255AAI3, STM32MP255AAK3, STM32MP255AAL3, STM32MP255CAI3, STM32MP255CAK3, STM32MP255CAL3, STM32MP255DAI3, STM32MP255DAK3, STM32MP255DAL3, STM32MP255FAI3, STM32MP255FAK3, STM32MP255FAL3, STM32MP257AAI3, STM32MP257AAK3, STM32MP257AAL3, STM32MP257CAI3, STM32MP257CAK3, STM32MP257CAL3, STM32MP257DAI3, STM32MP257DAK3, STM32MP257DAL3, STM32MP257F-DK, STM32MP257F-EV1, STM32MP257FAI3, STM32MP257FAK3, STM32MP257FAL3, STM32N645A0H3Q, STM32N645B0H3Q, STM32N645I0H3Q, STM32N645L0H3Q, STM32N645X0H3Q, STM32N645Z0H3Q, STM32N647A0H3Q, STM32N647B0H3Q, STM32N647I0H3Q, STM32N647L0H3Q, STM32N647X0H3Q, STM32N647Z0H3Q, STM32N655A0H3Q, STM32N655B0H3Q, STM32N655I0H3Q, STM32N655L0H3Q, STM32N655X0H3Q, STM32N655Z0H3Q, STM32N6570-DK, STM32N657A0H3Q, STM32N657B0H3Q, STM32N657I0H3Q, STM32N657L0H3Q, STM32N657X0H3Q, STM32N657Z0H3Q, STM32U031C6T6, STM32U031C6U6, STM32U031C8T6, STM32U031C8U6, STM32U031F4P6, STM32U031F6P6, STM32U031F8P6, STM32U031G6Y6TR, STM32U031G8Y6TR, STM32U031K4U6, STM32U031K6U6, STM32U031K8U6, STM32U031R6I6, STM32U031R6T6, STM32U031R8I6, STM32U031R8T6, STM32U073C8T6, STM32U073C8U6, STM32U073CBT6, STM32U073CBU6, STM32U073CCT6, STM32U073CCU6, STM32U073H8Y6TR, STM32U073HBY6TR, STM32U073HCY6TR, STM32U073K8U6, STM32U073KBU6, STM32U073KCU6, STM32U073M8I6, STM32U073M8T6, STM32U073MBI6, STM32U073MBT6, STM32U073MCI6, STM32U073MCT6, STM32U073R8I6, STM32U073R8T6, STM32U073RBI6, STM32U073RBT6, STM32U073RCI6, STM32U073RCT6, STM32U083C-DK, STM32U083CCT6, STM32U083CCU6, STM32U083HCY6TR, STM32U083KCU6, STM32U083MCI6, STM32U083MCT6, STM32U083RCI6, STM32U083RCT6, STM32U375CET6, STM32U375CET6Q, STM32U375CEU6, STM32U375CEU6Q, STM32U375CEY6QTR, STM32U375CGT6, STM32U375CGT6Q, STM32U375CGU6, STM32U375CGU6Q, STM32U375CGY6QTR, STM32U375KEU6, STM32U375KGU6, STM32U375REI6, STM32U375REI6Q, STM32U375RET6, STM32U375RET6Q, STM32U375REY6GTR, STM32U375REY6QTR, STM32U375RGI6, STM32U375RGI6Q, STM32U375RGT6, STM32U375RGT6Q, STM32U375RGY6GTR, STM32U375RGY6QTR, STM32U375VEI6, STM32U375VEI6Q, STM32U375VET6, STM32U375VET6Q, STM32U375VGI6, STM32U375VGI6Q, STM32U375VGT6, STM32U375VGT6Q, STM32U385CGT6, STM32U385CGT6Q, STM32U385CGU6, STM32U385CGU6Q, STM32U385CGY6QTR, STM32U385KGU6, STM32U385RGI6, STM32U385RGI6Q, STM32U385RGT6, STM32U385RGT6Q, STM32U385RGY6GTR, STM32U385RGY6QTR, STM32U385VGI6, STM32U385VGI6Q, STM32U385VGT6, STM32U385VGT6Q, STM32U535CBT6, STM32U535CBT6Q, STM32U535CBU6, STM32U535CBU6Q, STM32U535CCT6, STM32U535CCT6Q, STM32U535CCU6, STM32U535CCU6Q, STM32U535CET6, STM32U535CET6Q, STM32U535CEU6, STM32U535CEU6Q, STM32U535JEY6QTR, STM32U535NCY6QTR, STM32U535NEY6QTR, STM32U535RBI6, STM32U535RBI6Q, STM32U535RBT6, STM32U535RBT6Q, STM32U535RCI6, STM32U535RCI6Q, STM32U535RCT6, STM32U535RCT6Q, STM32U535REI6, STM32U535REI6Q, STM32U535RET6, STM32U535RET6Q, STM32U535VCI6, STM32U535VCI6Q, STM32U535VCT6, STM32U535VCT6Q, STM32U535VEI6, STM32U535VEI6Q, STM32U535VET6, STM32U535VET6Q, STM32U545CET6, STM32U545CET6Q, STM32U545CEU6, STM32U545CEU6Q, STM32U545JEY6QTR, STM32U545NEY6QTR, STM32U545REI6, STM32U545REI6Q, STM32U545RET6, STM32U545RET6Q, STM32U545VEI6, STM32U545VEI6Q, STM32U545VET6, STM32U545VET6Q, STM32U595AIH6, STM32U595AIH6Q, STM32U595AJH6, STM32U595AJH6Q, STM32U595QII6, STM32U595QII6Q, STM32U595QJI6, STM32U595QJI6Q, STM32U595RIT6, STM32U595RIT6Q, STM32U595RJT6, STM32U595RJT6Q, STM32U595VIT6, STM32U595VIT6Q, STM32U595VJT6, STM32U595VJT6Q, STM32U595ZIT6, STM32U595ZIT6Q, STM32U595ZIY6QTR, STM32U595ZJT6, STM32U595ZJT6Q, STM32U595ZJY6QTR, STM32U599BJY6QTR, STM32U599NIH6Q, STM32U599NJH6Q, STM32U599VIT6Q, STM32U599VJT6, STM32U599VJT6Q, STM32U599ZIT6Q, STM32U599ZIY6QTR, STM32U599ZJT6Q, STM32U599ZJY6QTR, STM32U5A5AJH6, STM32U5A5AJH6Q, STM32U5A5QII3Q , STM32U5A5QJI6, STM32U5A5QJI6Q, STM32U5A5RJT6, STM32U5A5RJT6Q, STM32U5A5VJT6, STM32U5A5VJT6Q, STM32U5A5ZJT6, STM32U5A5ZJT6Q, STM32U5A5ZJY6QTR, STM32U5A9BJY6QTR, STM32U5A9J-DK, STM32U5A9NJH6Q, STM32U5A9VJT6Q, STM32U5A9ZJT6Q, STM32U5A9ZJY6QTR, STM32U5F7VIT6, STM32U5F7VIT6Q, STM32U5F7VJT6, STM32U5F7VJT6Q, STM32U5F9BJY6QTR, STM32U5F9NJH6Q, STM32U5F9VIT6Q, STM32U5F9VJT6Q, STM32U5F9ZIJ6QTR, STM32U5F9ZIT6Q, STM32U5F9ZJJ6QTR, STM32U5F9ZJT6Q, STM32U5G7VJT6, STM32U5G7VJT6Q, STM32U5G9BJY6QTR, STM32U5G9J-DK1, STM32U5G9J-DK2, STM32U5G9NJH6Q, STM32U5G9VJT6Q, STM32U5G9ZJJ6QTR, STM32U5G9ZJT6Q, STM32WB05KZV6TR, STM32WB05KZV7TR, STM32WB05TZF6TR, STM32WB05TZF7TR, STM32WB06CCF6TR, STM32WB06CCF7TR, STM32WB06CCV6TR, STM32WB06CCV7TR, STM32WB06KCV6TR, STM32WB06KCV7TR, STM32WB07CCF6TR, STM32WB07CCF7TR, STM32WB07CCV6TR, STM32WB07CCV7TR, STM32WB07KCV6TR, STM32WB07KCV7TR, STM32WB09KEV6TR, STM32WB09KEV7TR, STM32WB09TEF6TR, STM32WB09TEF7TR, STM32WB1MMCH6, STM32WBA50KGU6, STM32WBA50KGU6TR, STM32WBA52CEU6, STM32WBA52CEU6TR, STM32WBA52CEU7, STM32WBA52CEU7TR, STM32WBA52CGU6, STM32WBA52CGU6TR, STM32WBA52CGU6U, STM32WBA52CGU7, STM32WBA52CGU7TR, STM32WBA52KEU6, STM32WBA52KEU6TR, STM32WBA52KGU6, STM32WBA52KGU6TR, STM32WBA54CEU6, STM32WBA54CEU6TR, STM32WBA54CEU7, STM32WBA54CEU7TR, STM32WBA54CGU6, STM32WBA54CGU6TR, STM32WBA54CGU7, STM32WBA54CGU7TR, STM32WBA54KEU6, STM32WBA54KEU6TR, STM32WBA54KEU7, STM32WBA54KEU7TR, STM32WBA54KGU6, STM32WBA54KGU6TR, STM32WBA54KGU7, STM32WBA54KGU7TR, STM32WBA55CEU6, STM32WBA55CEU6TR, STM32WBA55CEU7, STM32WBA55CEU7TR, STM32WBA55CGU6, STM32WBA55CGU6TR, STM32WBA55CGU6U, STM32WBA55CGU7, STM32WBA55CGU7TR, STM32WBA55G-DK1, STM32WBA55HEF6, STM32WBA55HEF7, STM32WBA55HGF6, STM32WBA55HGF7, STM32WBA55UEI6, STM32WBA55UEI6TR, STM32WBA55UEI7, STM32WBA55UEI7TR, STM32WBA55UGI6, STM32WBA55UGI6TR, STM32WBA55UGI7, STM32WBA55UGI7TR, STM32WBA5MMGH6TR, STM32WBA62MGF6, STM32WBA62MIF6, STM32WBA65MGF7, STM32WBA65MIF6, STM32WBA65MIF7, STM32WL30K8V6, STM32WL30KBV6, STM32WL31C8V6, STM32WL31CBV6, STM32WL31K8V6, STM32WL31KBV6, STM32WL33C8V6, STM32WL33C8V6X, STM32WL33CBV6, STM32WL33CBV6X, STM32WL33CCV6, STM32WL33CCV6A, STM32WL33CCV6X, STM32WL33K8V7, STM32WL33K8V7X, STM32WL33KBV7 , STM32WL33KBV7X, STM32WL33KCV7, STM32WL33KCV7X, STM32WL5MOCH6, STM32WL5MOCH6TR]
2025-09-26 10:15:32,331 [INFO] BoardInfo:889 - No configuration file found for board P-NUCLEO-WB55
2025-09-26 10:15:32,331 [INFO] DbBoards:161 - Kit is not supported: P-NUCLEO-WB55
2025-09-26 10:15:32,342 [INFO] BoardInfo:889 - No configuration file found for board STEVAL-BFA001V1B
2025-09-26 10:15:32,342 [INFO] DbBoards:161 - Kit is not supported: STEVAL-BFA001V1B
2025-09-26 10:15:32,345 [INFO] BoardInfo:889 - No configuration file found for board STEVAL-BFA001V2B
2025-09-26 10:15:32,346 [INFO] DbBoards:161 - Kit is not supported: STEVAL-BFA001V2B
2025-09-26 10:15:32,701 [INFO] DbBoards:168 - Found 212 boards, 209 are supported
2025-09-26 10:15:32,701 [INFO] DbBoards:169 - Found 212 boards, 43 of them is supported for  Bsp
2025-09-26 10:15:32,704 [INFO] ApiDb:414 - User favorites file not found: /Users/admin/.stm32cubeide/favorites.boards.txt
2025-09-26 10:15:32,704 [INFO] DbBoards:198 - Set 0 / 0 favorites Boards
2025-09-26 10:15:32,709 [INFO] ApiDb:668 - CubeFinder database Data Model version=2.1
2025-09-26 10:15:32,709 [INFO] ApiDb:669 - CubeFinder database Configuration version=3.0.39
2025-09-26 10:15:32,709 [INFO] ApiDb:670 - CubeFinder database generation date=2025-08-25 (1756130511)
2025-09-26 10:15:32,710 [INFO] ApiDb:671 - CubeFinder database FW Pack versions=[FP-ATR-ASTRA1_V2.0.0, FP-SNS-FLIGHT1_V5.1.0, FP-SNS-MOTENV1_V5.0.0, FP-SNS-MOTENVWB1_V1.4.0, FP-SNS-SMARTAG2_V1.2.0, FP-SNS-STBOX1_V2.1.0, STM32Cube_FW_C0_V1.4.0, STM32Cube_FW_F4_V1.28.3, STM32Cube_FW_F7_V1.17.4, STM32Cube_FW_G0_V1.6.2, STM32Cube_FW_G4_V1.6.1, STM32Cube_FW_H5_V1.5.0, STM32Cube_FW_H7RS_V1.2.0, STM32Cube_FW_H7_V1.12.1, STM32Cube_FW_L0_V1.12.2, STM32Cube_FW_L4_V1.18.1, STM32Cube_FW_L5_V1.5.1, STM32Cube_FW_N6_V1.2.0, STM32Cube_FW_U0_V1.3.0, STM32Cube_FW_U3_V1.2.0, STM32Cube_FW_U5_V1.8.0, STM32Cube_FW_WB0_V1.3.0, STM32Cube_FW_WBA_V1.7.0, STM32Cube_FW_WB_V1.23.0, STM32Cube_FW_WL3_V1.2.0, STM32Cube_FW_WL_V1.3.1, X-CUBE-ALGOBUILD_V1.4.0, X-CUBE-ALS_V1.0.2, X-CUBE-AZRTOS-F4_V1.1.0, X-CUBE-AZRTOS-F7_V1.1.0, X-CUBE-AZRTOS-G0_V1.1.0, X-CUBE-AZRTOS-G4_V2.0.0, X-CUBE-AZRTOS-H7RS_V1.1.0, X-CUBE-AZRTOS-H7_V3.4.0, X-CUBE-AZRTOS-L4_V2.0.0, X-CUBE-AZRTOS-L5_V2.0.0, X-CUBE-AZRTOS-WB_V2.0.0, X-CUBE-AZRTOS-WL_V2.0.0, X-CUBE-BLE1_V7.1.0, X-CUBE-BLE2_V3.3.0, X-CUBE-BLEMGR_V4.1.0, X-CUBE-EEPRMA1_V5.2.0, X-CUBE-FREERTOS_V1.3.1, X-CUBE-GNSS1_V6.0.0, X-CUBE-MEMS1_V11.3.0, X-CUBE-NFC4_V3.0.0, X-CUBE-NFC7_V2.0.0, X-CUBE-SFXS2LP1_V4.0.0, X-CUBE-ST67W61_V1.0.0, X-CUBE-SUBG2_V5.0.0, X-CUBE-TOF1_V3.4.3]
2025-09-26 10:15:33,877 [ERROR] DbExamplesSqlite:437 - Missing JSON key: board_cpn
2025-09-26 10:15:33,878 [ERROR] DbExamplesSqlite:437 - Missing JSON key: board_cpn
2025-09-26 10:15:33,878 [ERROR] DbExamplesSqlite:437 - Missing JSON key: board_cpn
2025-09-26 10:15:33,879 [ERROR] DbExamplesSqlite:437 - Missing JSON key: board_cpn
2025-09-26 10:15:34,512 [ERROR] DbExamplesSqlite:437 - Missing JSON key: board_cpn
2025-09-26 10:15:34,512 [ERROR] DbExamplesSqlite:437 - Missing JSON key: board_cpn
2025-09-26 10:15:34,516 [INFO] DbExamplesSqlite:395 - Ignored 33 examples not supported by CubeIDE
2025-09-26 10:15:34,517 [INFO] DbExamplesSqlite:396 - Found 10871 examples active
2025-09-26 10:15:34,517 [INFO] DbExamplesSqlite:397 - Found 0 examples obsolete
2025-09-26 10:15:34,517 [INFO] DbExamplesSqlite:398 - Found 0 examples under development
2025-09-26 10:15:34,518 [INFO] DbExamplesSqlite:399 - Found 65 examples not building
2025-09-26 10:15:34,520 [INFO] DbExamples:125 - Found 10903 examples
2025-09-26 10:15:34,543 [INFO] DbExamples:222 - Found 134 boards with related examples
2025-09-26 10:15:34,545 [INFO] DbExamples:235 - Found 111 MCUs with related examples
2025-09-26 10:15:34,571 [INFO] ApiDb:414 - User favorites file not found: /Users/admin/.stm32cubeide/favorites.examples.txt
2025-09-26 10:15:34,572 [INFO] DbExamples:250 - Set 0 / 0 favorites Examples
2025-09-26 10:15:35,310 [INFO] McuFinderGlobals:76 - Set McuFinderConnectedMode to true
2025-09-26 10:15:35,320 [INFO] MultiScanPanel:200 - Auto-refresh data requested => check proxy status ongoing
2025-09-26 10:15:35,324 [INFO] FinderPluginLoader:96 - Searching for filters in installed packs
2025-09-26 10:15:37,493 [INFO] LoadUrlFilesThread:185 - End of LoadServerUrlFiles without Thread
2025-09-26 10:15:37,615 [INFO] DetailPanel:341 - Set advertising image to /Users/admin/STM32Cube/Repository//en.2400x1350px.jpeg
2025-09-26 10:18:30,287 [INFO] MainUpdater:2872 - connection check result : 10
2025-09-26 10:18:30,288 [INFO] MainUpdater:2872 - connection check result : 10
2025-09-26 10:18:30,836 [INFO] MicroXplorer:468 - Change Database Path : 
2025-09-26 10:18:30,836 [INFO] MicroXplorer:498 - Change Database Version : DB.6.0.150
2025-09-26 10:18:30,849 [WARN] ThirdParty:871 - waiting for thirdparty lock release [close project]
2025-09-26 10:18:30,849 [INFO] ThirdParty:873 - entering critical section [close project]
2025-09-26 10:18:30,851 [INFO] ThirdParty:883 - exiting critical section [close project]
2025-09-26 10:18:30,856 [INFO] PinOutPanel:1589 - setPackage(No Configuration,No Configuration)
2025-09-26 10:18:30,858 [INFO] UtilMem:75 - Begin LoadConfig() Used Memory: 952380040 Bytes (1073741824)
2025-09-26 10:18:30,859 [INFO] MicroXplorer:468 - Change Database Path : 
2025-09-26 10:18:30,860 [INFO] MicroXplorer:498 - Change Database Version : DB.6.0.150
2025-09-26 10:18:30,860 [INFO] OpenFileManager:355 - Change cursor
2025-09-26 10:18:30,892 [WARN] IntegrityCheckThread:84 - waiting for thirdparty lock release [integrity check]
2025-09-26 10:18:30,892 [INFO] IntegrityCheckThread:86 - entering critical section [integrity check]
2025-09-26 10:18:31,196 [WARN] PackLoader:240 - Cannot read IP mode file for STMicroelectronics.FP-SNS-MOTENVWB1.1.4.0
2025-09-26 10:18:31,210 [WARN] PackLoader:240 - Cannot read IP mode file for STMicroelectronics.FP-ATR-ASTRA1.2.0.2
2025-09-26 10:18:31,225 [WARN] PackLoader:240 - Cannot read IP mode file for STMicroelectronics.X-CUBE-SMBUS.2.1.0
2025-09-26 10:18:31,236 [WARN] PackLoader:240 - Cannot read IP mode file for STMicroelectronics.X-CUBE-ST60.1.0.0
2025-09-26 10:18:31,383 [WARN] PackLoader:240 - Cannot read IP mode file for STMicroelectronics.X-CUBE-AZRTOS-F7.1.1.0
2025-09-26 10:18:31,393 [WARN] PackLoader:240 - Cannot read IP mode file for Cesanta.I-CUBE-Mongoose.7.19.0
2025-09-26 10:18:31,415 [WARN] PackLoader:240 - Cannot read IP mode file for WES.I-CUBE-Cesium.1.4.0
2025-09-26 10:18:31,485 [WARN] PackLoader:240 - Cannot read IP mode file for Infineon.AIROC-Wi-Fi-Bluetooth-STM32.1.7.1
2025-09-26 10:18:31,613 [WARN] PackLoader:240 - Cannot read IP mode file for STMicroelectronics.X-CUBE-AZRTOS-H7.3.4.0
2025-09-26 10:18:31,638 [WARN] PackLoader:240 - Cannot read IP mode file for STMicroelectronics.X-CUBE-DISPLAY.3.0.0
2025-09-26 10:18:31,658 [WARN] PackLoader:240 - Cannot read IP mode file for STMicroelectronics.X-CUBE-NFC10.1.0.0
2025-09-26 10:18:31,670 [WARN] PackLoader:240 - Cannot read IP mode file for emotas.I-CUBE-CANOPEN.1.3.0
2025-09-26 10:18:31,692 [WARN] PackLoader:240 - Cannot read IP mode file for STMicroelectronics.FP-SNS-STBOX1.2.1.0
2025-09-26 10:18:31,704 [WARN] PackLoader:240 - Cannot read IP mode file for STMicroelectronics.FP-SNS-SMARTAG2.1.2.0
2025-09-26 10:18:31,711 [WARN] PackLoader:240 - Cannot read IP mode file for STMicroelectronics.FP-SNS-FLIGHT1.5.1.0
2025-09-26 10:18:31,752 [INFO] LogOutputStream:77 - [STDOUT_REDIRECT] 1 : Invalid condition id : UX_CORESTACK_Condition cause : null
2025-09-26 10:18:31,753 [INFO] LogOutputStream:77 - [STDOUT_REDIRECT] 1 : Invalid condition id : UX_CORESTACK_Condition cause : null
2025-09-26 10:18:31,753 [INFO] LogOutputStream:77 - [STDOUT_REDIRECT] 1 : Invalid condition id : UX_CORESTACK_Condition cause : null
2025-09-26 10:18:31,754 [INFO] LogOutputStream:77 - [STDOUT_REDIRECT] 1 : Invalid condition id : UX_CORESTACK_Condition cause : null
2025-09-26 10:18:31,754 [INFO] LogOutputStream:77 - [STDOUT_REDIRECT] 1 : Invalid condition id : UX_CORESTACK_Condition cause : null
2025-09-26 10:18:31,758 [WARN] PackLoader:240 - Cannot read IP mode file for STMicroelectronics.X-CUBE-AZRTOS-WL.2.0.0
2025-09-26 10:18:31,766 [WARN] PackLoader:240 - Cannot read IP mode file for STMicroelectronics.FP-SNS-MOTENV1.5.0.0
2025-09-26 10:18:31,776 [WARN] PackLoader:240 - Cannot read IP mode file for STMicroelectronics.X-CUBE-BLE2.3.3.0
2025-09-26 10:18:31,788 [WARN] PackLoader:240 - Cannot read IP mode file for STMicroelectronics.X-CUBE-NFC9.1.0.0
2025-09-26 10:18:31,798 [WARN] PackLoader:240 - Cannot read IP mode file for wolfSSL.I-CUBE-wolfSSL.5.8.2
2025-09-26 10:18:31,808 [WARN] PackLoader:240 - Cannot read IP mode file for STMicroelectronics.X-CUBE-BLE1.7.1.0
2025-09-26 10:18:31,813 [WARN] PackLoader:240 - Cannot read IP mode file for wolfSSL.I-CUBE-wolfMQTT.1.19.2
2025-09-26 10:18:31,825 [WARN] PackLoader:240 - Cannot read IP mode file for STMicroelectronics.X-CUBE-EEPRMA1.5.2.0
2025-09-26 10:18:31,876 [WARN] PackLoader:240 - Cannot read IP mode file for STMicroelectronics.X-CUBE-AZRTOS-G0.1.1.0
2025-09-26 10:18:31,889 [WARN] PackLoader:240 - Cannot read IP mode file for STMicroelectronics.X-CUBE-SAFEA1.1.2.2
2025-09-26 10:18:31,899 [WARN] PackLoader:240 - Cannot read IP mode file for STMicroelectronics.X-CUBE-NFC4.3.0.0
2025-09-26 10:18:31,912 [WARN] PackLoader:240 - Cannot read IP mode file for EmbeddedOffice.I-CUBE-FS-RTOS.1.0.1
2025-09-26 10:18:31,921 [WARN] PackLoader:240 - Cannot read IP mode file for STMicroelectronics.X-CUBE-WB05N.2.0.0
2025-09-26 10:18:31,926 [WARN] PackLoader:240 - Cannot read IP mode file for wolfSSL.I-CUBE-wolfTPM.3.8.0
2025-09-26 10:18:31,935 [WARN] PackLoader:240 - Cannot read IP mode file for STMicroelectronics.X-CUBE-TCPP.4.2.0
2025-09-26 10:18:31,943 [WARN] PackLoader:240 - Cannot read IP mode file for RealThread.X-CUBE-RT-Thread_Nano.4.1.1
2025-09-26 10:18:31,948 [WARN] PackLoader:240 - Cannot read IP mode file for STMicroelectronics.FP-ATR-SIGFOX1.3.2.0
2025-09-26 10:18:31,959 [WARN] PackLoader:240 - Cannot read IP mode file for ITTIA_DB.I-CUBE-ITTIADB.8.9.0
2025-09-26 10:18:31,971 [WARN] PackLoader:240 - Cannot read IP mode file for STMicroelectronics.X-CUBE-ST67W61.1.0.0
2025-09-26 10:18:31,978 [WARN] PackLoader:240 - Cannot read IP mode file for STMicroelectronics.X-CUBE-AI.10.2.0
2025-09-26 10:18:32,021 [WARN] PackLoader:240 - Cannot read IP mode file for SEGGER.I-CUBE-embOS.1.3.1
2025-09-26 10:18:32,076 [WARN] PackLoader:240 - Cannot read IP mode file for STMicroelectronics.X-CUBE-ALGOBUILD.1.4.0
2025-09-26 10:18:32,151 [WARN] PackLoader:240 - Cannot read IP mode file for STMicroelectronics.X-CUBE-MEMS1.11.3.0
2025-09-26 10:18:32,370 [WARN] PackLoader:240 - Cannot read IP mode file for STMicroelectronics.X-CUBE-PM33A1.1.0.0
2025-09-26 10:18:32,392 [WARN] PackLoader:240 - Cannot read IP mode file for STMicroelectronics.X-CUBE-AZRTOS-F4.1.1.0
2025-09-26 10:18:32,398 [WARN] PackLoader:240 - Cannot read IP mode file for Avnet-IotConnect.X-CUBE-IoTC-DA16k-PMOD.1.0.0
2025-09-26 10:18:32,402 [WARN] PackLoader:240 - Cannot read IP mode file for STMicroelectronics.X-CUBE-ISPU.2.1.0
2025-09-26 10:18:32,410 [WARN] PackLoader:240 - Cannot read IP mode file for STMicroelectronics.X-CUBE-NFC12.1.0.0
2025-09-26 10:18:32,434 [WARN] PackLoader:240 - Cannot read IP mode file for STMicroelectronics.X-CUBE-AZRTOS-L5.2.0.0
2025-09-26 10:18:32,445 [WARN] PackLoader:240 - Cannot read IP mode file for STMicroelectronics.X-CUBE-NFC6.3.1.0
2025-09-26 10:18:32,455 [WARN] PackLoader:240 - Cannot read IP mode file for STMicroelectronics.X-CUBE-FREERTOS.1.3.1
2025-09-26 10:18:32,460 [WARN] PackLoader:240 - Cannot read IP mode file for STMicroelectronics.FP-SNS-STAIOTCFT.1.0.0
2025-09-26 10:18:32,466 [WARN] PackLoader:240 - Cannot read IP mode file for STMicroelectronics.X-CUBE-DPower.1.3.0
2025-09-26 10:18:32,489 [WARN] ConditionMgr:438 - getConditionDescription Invalid condition id : LAN8742 Phy interface Condition cause : null
2025-09-26 10:18:32,490 [WARN] PackLoader:240 - Cannot read IP mode file for STMicroelectronics.X-CUBE-AZRTOS-L4.2.0.0
2025-09-26 10:18:32,491 [WARN] ConditionMgr:1044 - genDependencies : Invalid condition id : LAN8742 Phy interface Condition cause : null
2025-09-26 10:18:32,491 [WARN] ConditionMgr:1044 - genDependencies : Invalid condition id : LAN8742 Phy interface Condition cause : null
2025-09-26 10:18:32,492 [WARN] ConditionMgr:1044 - genDependencies : Invalid condition id : LAN8742 Phy interface Condition cause : null
2025-09-26 10:18:32,501 [WARN] PackLoader:240 - Cannot read IP mode file for STMicroelectronics.X-CUBE-SFXS2LP1.4.0.0
2025-09-26 10:18:32,514 [WARN] PackLoader:240 - Cannot read IP mode file for STMicroelectronics.X-CUBE-BLEMGR.4.1.0
2025-09-26 10:18:32,534 [WARN] ConditionMgr:438 - getConditionDescription Invalid condition id : UX DEVICE CLASS RTOS Condition cause : null
2025-09-26 10:18:32,535 [WARN] ConditionMgr:438 - getConditionDescription Invalid condition id : UX DEVICE CLASS RTOS Condition cause : null
2025-09-26 10:18:32,538 [WARN] PackLoader:240 - Cannot read IP mode file for STMicroelectronics.X-CUBE-AZRTOS-WB.2.0.0
2025-09-26 10:18:32,538 [WARN] ConditionMgr:1044 - genDependencies : Invalid condition id : UX DEVICE CLASS RTOS Condition cause : null
2025-09-26 10:18:32,538 [WARN] ConditionMgr:1044 - genDependencies : Invalid condition id : UX DEVICE CLASS RTOS Condition cause : null
2025-09-26 10:18:32,539 [WARN] ConditionMgr:1044 - genDependencies : Invalid condition id : UX DEVICE CLASS RTOS Condition cause : null
2025-09-26 10:18:32,539 [WARN] ConditionMgr:1044 - genDependencies : Invalid condition id : UX DEVICE CLASS RTOS Condition cause : null
2025-09-26 10:18:32,539 [WARN] ConditionMgr:1044 - genDependencies : Invalid condition id : UX DEVICE CLASS RTOS Condition cause : null
2025-09-26 10:18:32,545 [WARN] PackLoader:240 - Cannot read IP mode file for STMicroelectronics.X-CUBE-GNSS1.7.0.1
2025-09-26 10:18:32,552 [WARN] PackLoader:240 - Cannot read IP mode file for STMicroelectronics.X-CUBE-TOUCHGFX.4.25.0
2025-09-26 10:18:32,556 [WARN] ConditionMgr:438 - getConditionDescription Invalid condition id : Cortex-A Device cause : null
2025-09-26 10:18:32,569 [WARN] ConditionMgr:1044 - genDependencies : Invalid condition id : Cortex-A Device cause : null
2025-09-26 10:18:32,569 [WARN] ConditionMgr:1044 - genDependencies : Invalid condition id : Cortex-A Device cause : null
2025-09-26 10:18:32,569 [WARN] ConditionMgr:1044 - genDependencies : Invalid condition id : Cortex-A Device cause : null
2025-09-26 10:18:32,581 [WARN] PackLoader:240 - Cannot read IP mode file for STMicroelectronics.X-CUBE-SUBG2.5.0.0
2025-09-26 10:18:32,623 [WARN] PackLoader:240 - Cannot read IP mode file for STMicroelectronics.X-CUBE-AZRTOS-H7RS.1.1.0
2025-09-26 10:18:32,643 [WARN] PackLoader:240 - Cannot read IP mode file for STMicroelectronics.X-CUBE-AZRTOS-G4.2.0.0
2025-09-26 10:18:32,649 [WARN] PackLoader:240 - Cannot read IP mode file for wolfSSL.I-CUBE-wolfSSH.1.4.20
2025-09-26 10:18:32,655 [WARN] PackLoader:240 - Cannot read IP mode file for STMicroelectronics.X-CUBE-NFC7.2.0.0
2025-09-26 10:18:32,671 [WARN] PackLoader:240 - Cannot read IP mode file for STMicroelectronics.X-CUBE-IPS.3.1.0
2025-09-26 10:18:32,690 [WARN] PackLoader:240 - Cannot read IP mode file for STMicroelectronics.X-CUBE-ALS.1.0.2
2025-09-26 10:18:32,699 [WARN] PackLoader:240 - Cannot read IP mode file for STMicroelectronics.X-CUBE-STSE01.1.0.0
2025-09-26 10:18:32,739 [WARN] PackLoader:240 - Cannot read IP mode file for STMicroelectronics.X-CUBE-TOF1.3.4.3
2025-09-26 10:18:32,767 [INFO] ThirdParty:978 - Integrity check success = true
2025-09-26 10:18:32,767 [INFO] IntegrityCheckThread:100 - exiting critical section [integrity check]
2025-09-26 10:18:32,767 [INFO] IntegrityCheckThread:103 - End integrity checks thread
2025-09-26 10:18:32,799 [INFO] Mcu:2029 - Initializing MCU STM32F103C6Ux STM32F103C6Ux STM32F103C6U6A
2025-09-26 10:18:33,857 [INFO] Context:786 - Trying to add GPIOservice into a context  which must be forbidden
2025-09-26 10:18:34,298 [INFO] ImportTextPane:234 - (OptionalMessage_ERROR) Unable to find key (Mcu.ThirdPartyNb) in loaded IOC file
2025-09-26 10:18:34,298 [INFO] ImportTextPane:234 - (OptionalMessage_ERROR) Unable to find key (Mcu.PinsNb) in loaded IOC file
2025-09-26 10:18:34,300 [INFO] ImportTextPane:234 - (OptionalMessage_ERROR) Pin0 (VP_RIF_VS_RIF1) cannot be retrieved for this MCU
2025-09-26 10:18:34,300 [INFO] ImportTextPane:234 - (OptionalMessage_ERROR) Unable to find key (Mcu.IPNb) in loaded IOC file
2025-09-26 10:18:34,432 [INFO] RtosManager:558 - Registered RTOS mode: class=CMSIS, group=RTOS, mode=CMSIS_V1, owner=FREERTOS
2025-09-26 10:18:34,432 [INFO] RtosManager:558 - Registered RTOS mode: class=CMSIS, group=RTOS2, mode=CMSIS_V2, owner=FREERTOS
2025-09-26 10:18:34,432 [INFO] RtosManager:558 - Registered RTOS mode: class=RTOS, group=Core, mode=CMSIS_V1, owner=FREERTOS
2025-09-26 10:18:34,433 [INFO] RtosManager:558 - Registered RTOS mode: class=RTOS, group=Core, mode=CMSIS_V2, owner=FREERTOS
2025-09-26 10:18:34,433 [WARN] ModelIntegratedComponent:184 - Missing modes for component STMicroelectronics:FreeRTOS:0.0.1:STMicroelectronics:RTOS:FreeRTOS:Core:::10.2.0:
2025-09-26 10:18:34,478 [WARN] ModelIntegratedComponent:63 - No mode defined for component null
2025-09-26 10:18:34,478 [WARN] ModelIntegratedComponent:63 - No mode defined for component null
2025-09-26 10:18:34,478 [WARN] ModelIntegratedComponent:63 - No mode defined for component null
2025-09-26 10:18:34,478 [WARN] ModelIntegratedComponent:63 - No mode defined for component null
2025-09-26 10:18:34,478 [WARN] ModelIntegratedComponent:63 - No mode defined for component null
2025-09-26 10:18:34,478 [WARN] ModelIntegratedComponent:63 - No mode defined for component null
2025-09-26 10:18:34,479 [WARN] ModelIntegratedComponent:63 - No mode defined for component null
2025-09-26 10:18:34,479 [WARN] ModelIntegratedComponent:63 - No mode defined for component null
2025-09-26 10:18:34,479 [WARN] ModelIntegratedComponent:63 - No mode defined for component null
2025-09-26 10:18:34,479 [WARN] ModelIntegratedComponent:63 - No mode defined for component null
2025-09-26 10:18:34,479 [WARN] ModelIntegratedComponent:63 - No mode defined for component null
2025-09-26 10:18:34,479 [WARN] ModelIntegratedComponent:63 - No mode defined for component null
2025-09-26 10:18:34,479 [WARN] ModelIntegratedComponent:63 - No mode defined for component null
2025-09-26 10:18:34,479 [WARN] ModelIntegratedComponent:63 - No mode defined for component null
2025-09-26 10:18:34,479 [WARN] ModelIntegratedComponent:63 - No mode defined for component null
2025-09-26 10:18:34,479 [WARN] ModelIntegratedComponent:63 - No mode defined for component null
2025-09-26 10:18:34,480 [WARN] ModelIntegratedComponent:63 - No mode defined for component null
2025-09-26 10:18:34,480 [WARN] ModelIntegratedComponent:63 - No mode defined for component null
2025-09-26 10:18:34,480 [WARN] ModelIntegratedComponent:63 - No mode defined for component null
2025-09-26 10:18:34,480 [WARN] ModelIntegratedComponent:63 - No mode defined for component null
2025-09-26 10:18:34,480 [WARN] ModelIntegratedComponent:63 - No mode defined for component null
2025-09-26 10:18:34,480 [WARN] ModelIntegratedComponent:63 - No mode defined for component null
2025-09-26 10:18:34,480 [WARN] ModelIntegratedComponent:63 - No mode defined for component null
2025-09-26 10:18:34,480 [WARN] ModelIntegratedComponent:63 - No mode defined for component null
2025-09-26 10:18:34,480 [WARN] ModelIntegratedComponent:63 - No mode defined for component null
2025-09-26 10:18:34,481 [WARN] ModelIntegratedComponent:63 - No mode defined for component null
2025-09-26 10:18:34,481 [WARN] ModelIntegratedComponent:63 - No mode defined for component null
2025-09-26 10:18:34,481 [WARN] ModelIntegratedComponent:63 - No mode defined for component null
2025-09-26 10:18:34,481 [WARN] ModelIntegratedComponent:63 - No mode defined for component null
2025-09-26 10:18:34,481 [WARN] ModelIntegratedComponent:63 - No mode defined for component null
2025-09-26 10:18:34,481 [WARN] ModelIntegratedComponent:63 - No mode defined for component null
2025-09-26 10:18:34,481 [WARN] ModelIntegratedComponent:63 - No mode defined for component null
2025-09-26 10:18:34,481 [WARN] ModelIntegratedComponent:63 - No mode defined for component null
2025-09-26 10:18:34,481 [WARN] ModelIntegratedComponent:63 - No mode defined for component null
2025-09-26 10:18:34,481 [WARN] ModelIntegratedComponent:63 - No mode defined for component null
2025-09-26 10:18:34,482 [WARN] ModelPack:524 - Component already loaded: STMicroelectronics:HAL Drivers:0.0.0:STMicroelectronics:Device:STMicro_Driver:XSPI:HAL::0.0.1:HAL_XSPI
2025-09-26 10:18:35,144 [INFO] ThirdPartyModel:298 - Start build external matchings
2025-09-26 10:18:36,289 [INFO] ThirdPartyModel:316 - End build external matchings
2025-09-26 10:18:36,544 [INFO] UtilMem:75 - End LoadConfig() Used Memory: 688210888 Bytes (1073741824)
2025-09-26 10:18:36,595 [WARN] ThirdParty:833 - waiting for thirdparty lock release [change project]
2025-09-26 10:18:36,596 [INFO] ThirdParty:835 - entering critical section [change project]
2025-09-26 10:18:36,596 [INFO] ThirdParty:1030 - CMSIS Pack Vendor :STMicroelectronics X-CUBE-PM33A1 1.0.0
2025-09-26 10:18:36,597 [INFO] ThirdParty:1030 - CMSIS Pack Vendor :STMicroelectronics USBPD 4.1
2025-09-26 10:18:36,597 [INFO] ThirdParty:1030 - CMSIS Pack Vendor :STMicroelectronics X-CUBE-NFC9 1.0.0
2025-09-26 10:18:36,597 [INFO] ThirdParty:1030 - CMSIS Pack Vendor :STMicroelectronics USB_HOST 2.0.0
2025-09-26 10:18:36,597 [INFO] ThirdParty:1030 - CMSIS Pack Vendor :STMicroelectronics FP-SNS-MOTENVWB1 1.4.0
2025-09-26 10:18:36,597 [INFO] ThirdParty:1030 - CMSIS Pack Vendor :STMicroelectronics X-CUBE-AZRTOS-F4 1.1.0
2025-09-26 10:18:36,597 [INFO] ThirdParty:1030 - CMSIS Pack Vendor :STMicroelectronics LIBJPEG 8.0.0
2025-09-26 10:18:36,597 [INFO] ThirdParty:1030 - CMSIS Pack Vendor :STMicroelectronics FP-ATR-ASTRA1 2.0.2
2025-09-26 10:18:36,597 [INFO] ThirdParty:1030 - CMSIS Pack Vendor :wolfSSL I-CUBE-wolfSSL 5.8.2
2025-09-26 10:18:36,597 [INFO] ThirdParty:1030 - CMSIS Pack Vendor :STMicroelectronics X-CUBE-BLE1 7.1.0
2025-09-26 10:18:36,597 [INFO] ThirdParty:1030 - CMSIS Pack Vendor :Avnet-IotConnect X-CUBE-IoTC-DA16k-PMOD 1.0.0
2025-09-26 10:18:36,597 [INFO] ThirdParty:1030 - CMSIS Pack Vendor :STMicroelectronics X-CUBE-SMBUS 2.1.0
2025-09-26 10:18:36,597 [INFO] ThirdParty:1030 - CMSIS Pack Vendor :wolfSSL I-CUBE-wolfMQTT 1.19.2
2025-09-26 10:18:36,598 [INFO] ThirdParty:1030 - CMSIS Pack Vendor :STMicroelectronics USB_DEVICE 3.0.0
2025-09-26 10:18:36,598 [INFO] ThirdParty:1030 - CMSIS Pack Vendor :STMicroelectronics X-CUBE-ISPU 2.1.0
2025-09-26 10:18:36,598 [INFO] ThirdParty:1030 - CMSIS Pack Vendor :STMicroelectronics X-CUBE-EEPRMA1 5.2.0
2025-09-26 10:18:36,598 [INFO] ThirdParty:1030 - CMSIS Pack Vendor :STMicroelectronics X-CUBE-BLEMGR 4.1.0
2025-09-26 10:18:36,598 [INFO] ThirdParty:1030 - CMSIS Pack Vendor :STMicroelectronics X-CUBE-AZRTOS-WB 2.0.0
2025-09-26 10:18:36,598 [INFO] ThirdParty:1030 - CMSIS Pack Vendor :STMicroelectronics X-CUBE-ST60 1.0.0
2025-09-26 10:18:36,598 [INFO] ThirdParty:1030 - CMSIS Pack Vendor :STMicroelectronics X-CUBE-GNSS1 7.0.1
2025-09-26 10:18:36,599 [INFO] ThirdParty:1030 - CMSIS Pack Vendor :STMicroelectronics X-CUBE-NFC12 1.0.0
2025-09-26 10:18:36,599 [INFO] ThirdParty:1030 - CMSIS Pack Vendor :STMicroelectronics X-CUBE-AZRTOS-F7 1.1.0
2025-09-26 10:18:36,599 [INFO] ThirdParty:1030 - CMSIS Pack Vendor :STMicroelectronics X-CUBE-AZRTOS-L5 2.0.0
2025-09-26 10:18:36,599 [INFO] ThirdParty:1030 - CMSIS Pack Vendor :STMicroelectronics X-CUBE-TOUCHGFX 4.25.0
2025-09-26 10:18:36,599 [INFO] ThirdParty:1030 - CMSIS Pack Vendor :STMicroelectronics USB_DEVICE 2.0.0
2025-09-26 10:18:36,599 [INFO] ThirdParty:1030 - CMSIS Pack Vendor :STMicroelectronics X-CUBE-NFC6 3.1.0
2025-09-26 10:18:36,599 [INFO] ThirdParty:1030 - CMSIS Pack Vendor :Cesanta I-CUBE-Mongoose 7.19.0
2025-09-26 10:18:36,599 [INFO] ThirdParty:1030 - CMSIS Pack Vendor :quantropi X-CUBE-qispace-sdk-base 2.1.0
2025-09-26 10:18:36,599 [INFO] ThirdParty:1030 - CMSIS Pack Vendor :STMicroelectronics FreeRTOS 0.0.1
2025-09-26 10:18:36,599 [INFO] ThirdParty:1030 - CMSIS Pack Vendor :STMicroelectronics X-CUBE-AZRTOS-G0 1.1.0
2025-09-26 10:18:36,599 [INFO] ThirdParty:1030 - CMSIS Pack Vendor :STMicroelectronics X-CUBE-SAFEA1 1.2.2
2025-09-26 10:18:36,599 [INFO] ThirdParty:1030 - CMSIS Pack Vendor :STMicroelectronics X-CUBE-NFC4 3.0.0
2025-09-26 10:18:36,599 [INFO] ThirdParty:1030 - CMSIS Pack Vendor :STMicroelectronics X-CUBE-SUBG2 5.0.0
2025-09-26 10:18:36,599 [INFO] ThirdParty:1030 - CMSIS Pack Vendor :STMicroelectronics X-CUBE-AZRTOS-H7RS 1.1.0
2025-09-26 10:18:36,599 [INFO] ThirdParty:1030 - CMSIS Pack Vendor :STMicroelectronics STM32_WPAN 1.0.0
2025-09-26 10:18:36,599 [INFO] ThirdParty:1030 - CMSIS Pack Vendor :EmbeddedOffice I-CUBE-FS-RTOS 1.0.1
2025-09-26 10:18:36,600 [INFO] ThirdParty:1030 - CMSIS Pack Vendor :STMicroelectronics lwIP 2.0.3
2025-09-26 10:18:36,600 [INFO] ThirdParty:1030 - CMSIS Pack Vendor :WES I-CUBE-Cesium 1.4.0
2025-09-26 10:18:36,600 [INFO] ThirdParty:1030 - CMSIS Pack Vendor :STMicroelectronics USB_HOST 1.0.0
2025-09-26 10:18:36,600 [INFO] ThirdParty:1030 - CMSIS Pack Vendor :Infineon AIROC-Wi-Fi-Bluetooth-STM32 1.7.1
2025-09-26 10:18:36,600 [INFO] ThirdParty:1030 - CMSIS Pack Vendor :STMicroelectronics X-CUBE-AZRTOS-G4 2.0.0
2025-09-26 10:18:36,600 [INFO] ThirdParty:1030 - CMSIS Pack Vendor :STMicroelectronics X-CUBE-WB05N 2.0.0
2025-09-26 10:18:36,600 [INFO] ThirdParty:1030 - CMSIS Pack Vendor :STMicroelectronics PDM2PCM 3.1.0
2025-09-26 10:18:36,600 [INFO] ThirdParty:1030 - CMSIS Pack Vendor :STMicroelectronics PDM2PCM 3.3.0
2025-09-26 10:18:36,600 [INFO] ThirdParty:1030 - CMSIS Pack Vendor :wolfSSL I-CUBE-wolfTPM 3.8.0
2025-09-26 10:18:36,600 [INFO] ThirdParty:1030 - CMSIS Pack Vendor :STMicroelectronics X-CUBE-AZRTOS-H7 3.4.0
2025-09-26 10:18:36,600 [INFO] ThirdParty:1030 - CMSIS Pack Vendor :STMicroelectronics X-CUBE-DISPLAY 3.0.0
2025-09-26 10:18:36,600 [INFO] ThirdParty:1030 - CMSIS Pack Vendor :wolfSSL I-CUBE-wolfSSH 1.4.20
2025-09-26 10:18:36,600 [INFO] ThirdParty:1030 - CMSIS Pack Vendor :STMicroelectronics X-CUBE-NFC7 2.0.0
2025-09-26 10:18:36,600 [INFO] ThirdParty:1030 - CMSIS Pack Vendor :STMicroelectronics X-CUBE-TCPP 4.2.0
2025-09-26 10:18:36,600 [INFO] ThirdParty:1030 - CMSIS Pack Vendor :RealThread X-CUBE-RT-Thread_Nano 4.1.1
2025-09-26 10:18:36,601 [INFO] ThirdParty:1030 - CMSIS Pack Vendor :STMicroelectronics FP-ATR-SIGFOX1 3.2.0
2025-09-26 10:18:36,601 [INFO] ThirdParty:1030 - CMSIS Pack Vendor :STMicroelectronics X-CUBE-NFC10 1.0.0
2025-09-26 10:18:36,601 [INFO] ThirdParty:1030 - CMSIS Pack Vendor :STMicroelectronics X-CUBE-FREERTOS 1.3.1
2025-09-26 10:18:36,601 [INFO] ThirdParty:1030 - CMSIS Pack Vendor :STMicroelectronics HAL Drivers 0.0.0
2025-09-26 10:18:36,601 [INFO] ThirdParty:1030 - CMSIS Pack Vendor :STMicroelectronics MBEDTLS 2.16.2
2025-09-26 10:18:36,601 [INFO] ThirdParty:1030 - CMSIS Pack Vendor :STMicroelectronics X-CUBE-IPS 3.1.0
2025-09-26 10:18:36,602 [INFO] ThirdParty:1030 - CMSIS Pack Vendor :STMicroelectronics X-CUBE-ALS 1.0.2
2025-09-26 10:18:36,602 [INFO] ThirdParty:1030 - CMSIS Pack Vendor :emotas I-CUBE-CANOPEN 1.3.0
2025-09-26 10:18:36,602 [INFO] ThirdParty:1030 - CMSIS Pack Vendor :STMicroelectronics MBEDTLS 2.14.1
2025-09-26 10:18:36,603 [INFO] ThirdParty:1030 - CMSIS Pack Vendor :ITTIA_DB I-CUBE-ITTIADB 8.9.0
2025-09-26 10:18:36,603 [INFO] ThirdParty:1030 - CMSIS Pack Vendor :STMicroelectronics X-CUBE-STSE01 1.0.0
2025-09-26 10:18:36,603 [INFO] ThirdParty:1030 - CMSIS Pack Vendor :STMicroelectronics X-CUBE-ST67W61 1.0.0
2025-09-26 10:18:36,603 [INFO] ThirdParty:1030 - CMSIS Pack Vendor :STMicroelectronics FP-SNS-STBOX1 2.1.0
2025-09-26 10:18:36,603 [INFO] ThirdParty:1030 - CMSIS Pack Vendor :STMicroelectronics X-CUBE-AI 10.2.0
2025-09-26 10:18:36,603 [INFO] ThirdParty:1030 - CMSIS Pack Vendor :STMicroelectronics FP-SNS-STAIOTCFT 1.0.0
2025-09-26 10:18:36,603 [INFO] ThirdParty:1030 - CMSIS Pack Vendor :STMicroelectronics ThreadX 1.0.0
2025-09-26 10:18:36,603 [INFO] ThirdParty:1030 - CMSIS Pack Vendor :STMicroelectronics FP-SNS-SMARTAG2 1.2.0
2025-09-26 10:18:36,603 [INFO] ThirdParty:1030 - CMSIS Pack Vendor :STMicroelectronics FP-SNS-FLIGHT1 5.1.0
2025-09-26 10:18:36,603 [INFO] ThirdParty:1030 - CMSIS Pack Vendor :STMicroelectronics X-CUBE-AZRTOS-WL 2.0.0
2025-09-26 10:18:36,603 [INFO] ThirdParty:1030 - CMSIS Pack Vendor :SEGGER I-CUBE-embOS 1.3.1
2025-09-26 10:18:36,604 [INFO] ThirdParty:1030 - CMSIS Pack Vendor :STMicroelectronics X-CUBE-ALGOBUILD 1.4.0
2025-09-26 10:18:36,604 [INFO] ThirdParty:1030 - CMSIS Pack Vendor :STMicroelectronics X-CUBE-DPower 1.3.0
2025-09-26 10:18:36,604 [INFO] ThirdParty:1030 - CMSIS Pack Vendor :STMicroelectronics X-CUBE-MEMS1 11.3.0
2025-09-26 10:18:36,604 [INFO] ThirdParty:1030 - CMSIS Pack Vendor :STMicroelectronics FP-SNS-MOTENV1 5.0.0
2025-09-26 10:18:36,604 [INFO] ThirdParty:1030 - CMSIS Pack Vendor :STMicroelectronics USB_DEVICE 1.0.0
2025-09-26 10:18:36,604 [INFO] ThirdParty:1030 - CMSIS Pack Vendor :STMicroelectronics X-CUBE-AZRTOS-L4 2.0.0
2025-09-26 10:18:36,604 [INFO] ThirdParty:1030 - CMSIS Pack Vendor :STMicroelectronics ThreadX 0.0.2
2025-09-26 10:18:36,604 [INFO] ThirdParty:1030 - CMSIS Pack Vendor :STMicroelectronics lwIP 2.1.2
2025-09-26 10:18:36,604 [INFO] ThirdParty:1030 - CMSIS Pack Vendor :STMicroelectronics X-CUBE-SFXS2LP1 4.0.0
2025-09-26 10:18:36,604 [INFO] ThirdParty:1030 - CMSIS Pack Vendor :STMicroelectronics X-CUBE-BLE2 3.3.0
2025-09-26 10:18:36,605 [INFO] ThirdParty:1030 - CMSIS Pack Vendor :STMicroelectronics X-CUBE-TOF1 3.4.3
2025-09-26 10:18:36,605 [INFO] ThirdParty:1030 - CMSIS Pack Vendor :STMicroelectronics PDM2PCM 3.2.0
2025-09-26 10:18:36,605 [INFO] ThirdParty:841 - exiting critical section [change project]
2025-09-26 10:18:36,948 [INFO] PinOutPanel:1589 - setPackage(No Configuration,No Configuration)
2025-09-26 10:18:36,949 [INFO] PinOutPanel:1589 - setPackage(STM32F103C6Ux,UFQFPN48)
2025-09-26 10:18:37,684 [INFO] UtilMem:75 - Before build in PCC Used Memory: 825569648 Bytes (1073741824)
2025-09-26 10:18:38,550 [INFO] UtilMem:75 - After build in PCC Used Memory: 943536496 Bytes (1073741824)
2025-09-26 10:18:38,593 [INFO] IPUIPlugin:80 - create IPUIPlugin
2025-09-26 10:18:38,594 [INFO] IPUIPlugin:80 - create IPUIPlugin
2025-09-26 10:18:38,595 [INFO] IPUIPlugin:80 - create IPUIPlugin
2025-09-26 10:18:38,595 [INFO] IPUIPlugin:80 - create IPUIPlugin
2025-09-26 10:18:38,595 [INFO] IPUIPlugin:80 - create IPUIPlugin
2025-09-26 10:18:38,596 [INFO] IPUIPlugin:80 - create IPUIPlugin
2025-09-26 10:18:38,596 [INFO] IPUIPlugin:80 - create IPUIPlugin
2025-09-26 10:18:38,596 [INFO] IPUIPlugin:80 - create IPUIPlugin
2025-09-26 10:18:38,596 [INFO] IPUIPlugin:80 - create IPUIPlugin
2025-09-26 10:18:38,597 [INFO] IPUIPlugin:80 - create IPUIPlugin
2025-09-26 10:18:38,597 [INFO] IPUIPlugin:80 - create IPUIPlugin
2025-09-26 10:18:38,597 [INFO] IPUIPlugin:80 - create IPUIPlugin
2025-09-26 10:18:38,598 [INFO] IPUIPlugin:80 - create IPUIPlugin
2025-09-26 10:18:38,598 [INFO] IPUIPlugin:80 - create IPUIPlugin
2025-09-26 10:18:38,599 [INFO] IPUIPlugin:80 - create IPUIPlugin
2025-09-26 10:18:38,599 [INFO] IPUIPlugin:80 - create IPUIPlugin
2025-09-26 10:18:38,599 [INFO] IPUIPlugin:80 - create IPUIPlugin
2025-09-26 10:18:38,599 [INFO] IPUIPlugin:80 - create IPUIPlugin
2025-09-26 10:18:38,600 [INFO] IPUIPlugin:80 - create IPUIPlugin
2025-09-26 10:18:38,600 [INFO] IPUIPlugin:80 - create IPUIPlugin
2025-09-26 10:18:38,601 [INFO] IPUIPlugin:80 - create IPUIPlugin
2025-09-26 10:18:38,601 [INFO] IPUIPlugin:80 - create IPUIPlugin
2025-09-26 10:18:38,602 [INFO] IPUIPlugin:80 - create IPUIPlugin
2025-09-26 10:18:38,848 [INFO] CADModel:165 - CPN selected for project levelSTM32F103C6U6A
2025-09-26 10:18:38,848 [INFO] CADModel:114 - Register for checkConnection events
2025-09-26 10:18:38,890 [INFO] OpenFileManager:386 - Restore cursor
2025-09-26 10:18:40,177 [INFO] UtilMem:75 - End SaveConfig() Used Memory: 652094744 Bytes (1073741824)
2025-09-26 10:18:47,627 [INFO] McuFinderGlobals:76 - Set McuFinderConnectedMode to true
2025-09-26 10:18:47,644 [INFO] ApiDb:448 - Save user favorites file /Users/admin/.stm32cubeide/favorites.mcus.txt: 0 item(s)
2025-09-26 10:18:47,645 [INFO] ApiDb:452 - User favorites MCUs=[]
2025-09-26 10:19:39,612 [INFO] MainUpdater:2872 - connection check result : 10
2025-09-26 10:19:40,054 [INFO] McuFinderGlobals:76 - Set McuFinderConnectedMode to true
2025-09-26 10:19:40,055 [INFO] MultiScanPanel:200 - Auto-refresh data requested => check proxy status ongoing
2025-09-26 10:19:40,056 [INFO] FinderPluginLoader:96 - Searching for filters in installed packs
2025-09-26 10:19:41,450 [INFO] LoadUrlFilesThread:185 - End of LoadServerUrlFiles without Thread
2025-09-26 10:19:41,450 [INFO] DetailPanel:341 - Set advertising image to /Users/admin/STM32Cube/Repository//en.2400x1350px.jpeg
2025-09-26 10:19:50,926 [INFO] ApiDb:581 - Connected to CubeFinder SQLite database (/Users/admin/.stmcufinder/plugins/mcufinder/mcu/cube-finder-db.db)
2025-09-26 10:20:23,889 [INFO] McuFinderGlobals:76 - Set McuFinderConnectedMode to true
2025-09-26 10:20:24,827 [INFO] ApiDb:448 - Save user favorites file /Users/admin/.stm32cubeide/favorites.mcus.txt: 0 item(s)
2025-09-26 10:20:24,827 [INFO] ApiDb:452 - User favorites MCUs=[]
2025-09-26 10:20:43,607 [INFO] MainUpdater:2872 - connection check result : 10
2025-09-26 10:20:44,288 [INFO] McuFinderGlobals:76 - Set McuFinderConnectedMode to true
2025-09-26 10:20:44,294 [INFO] MultiScanPanel:200 - Auto-refresh data requested => check proxy status ongoing
2025-09-26 10:20:44,294 [INFO] FinderPluginLoader:96 - Searching for filters in installed packs
2025-09-26 10:20:45,322 [INFO] LoadUrlFilesThread:185 - End of LoadServerUrlFiles without Thread
2025-09-26 10:20:45,322 [INFO] DetailPanel:341 - Set advertising image to /Users/admin/STM32Cube/Repository//en.2400x1350px.jpeg
2025-09-26 10:21:33,288 [INFO] MainUpdater:2872 - connection check result : 10
2025-09-26 10:21:33,294 [INFO] MainUpdater:2872 - connection check result : 10
2025-09-26 10:21:35,155 [INFO] MicroXplorer:468 - Change Database Path : 
2025-09-26 10:21:35,155 [INFO] MicroXplorer:498 - Change Database Version : DB.6.0.150
2025-09-26 10:21:35,168 [ERROR] ProjectManagerView:395 - 
java.lang.NullPointerException: Cannot invoke "javax.swing.JTextField.getText()" because the return value of "java.util.List.get(int)" is null
	at com.st.microxplorer.plugins.projectmanager.gui.ProjectChoiceTab$9.caretUpdate(ProjectChoiceTab.java:2706) ~[filemanager.jar:?]
	at javax.swing.text.JTextComponent.fireCaretUpdate(JTextComponent.java:408) ~[?:?]
	at javax.swing.text.JTextComponent$MutableCaretEvent.fire(JTextComponent.java:4484) ~[?:?]
	at javax.swing.text.JTextComponent$MutableCaretEvent.stateChanged(JTextComponent.java:4506) ~[?:?]
	at javax.swing.text.DefaultCaret.fireStateChanged(DefaultCaret.java:857) ~[?:?]
	at javax.swing.text.DefaultCaret.changeCaretPosition(DefaultCaret.java:1343) ~[?:?]
	at javax.swing.text.DefaultCaret.handleSetDot(DefaultCaret.java:1242) ~[?:?]
	at javax.swing.text.DefaultCaret.setDot(DefaultCaret.java:1223) ~[?:?]
	at javax.swing.text.DefaultCaret$Handler.insertUpdate(DefaultCaret.java:1819) ~[?:?]
	at javax.swing.text.AbstractDocument.fireInsertUpdate(AbstractDocument.java:227) ~[?:?]
	at javax.swing.text.AbstractDocument.handleInsertString(AbstractDocument.java:781) ~[?:?]
	at javax.swing.text.AbstractDocument.insertString(AbstractDocument.java:740) ~[?:?]
	at javax.swing.text.PlainDocument.insertString(PlainDocument.java:131) ~[?:?]
	at javax.swing.text.AbstractDocument.replace(AbstractDocument.java:699) ~[?:?]
	at javax.swing.text.JTextComponent.setText(JTextComponent.java:1725) ~[?:?]
	at com.st.microxplorer.plugins.projectmanager.gui.ProjectChoiceTab.createHeapStackFields(ProjectChoiceTab.java:993) ~[filemanager.jar:?]
	at com.st.microxplorer.plugins.projectmanager.gui.ProjectChoiceTab.buildLinkSettingsPanel(ProjectChoiceTab.java:3813) ~[filemanager.jar:?]
	at com.st.microxplorer.plugins.projectmanager.gui.ProjectChoiceTab.defineWindowsFields(ProjectChoiceTab.java:1987) ~[filemanager.jar:?]
	at com.st.microxplorer.plugins.projectmanager.gui.ProjectChoiceTab.updateSettings(ProjectChoiceTab.java:558) ~[filemanager.jar:?]
	at com.st.microxplorer.plugins.projectmanager.gui.ProjectSettingsPanel.UpdateDialog(ProjectSettingsPanel.java:247) ~[filemanager.jar:?]
	at com.st.microxplorer.plugins.projectmanager.ProjectManagerView.propertyChange(ProjectManagerView.java:392) ~[filemanager.jar:?]
	at java.beans.PropertyChangeSupport.fire(PropertyChangeSupport.java:343) ~[?:?]
	at java.beans.PropertyChangeSupport.firePropertyChange(PropertyChangeSupport.java:335) ~[?:?]
	at java.beans.PropertyChangeSupport.firePropertyChange(PropertyChangeSupport.java:268) ~[?:?]
	at com.st.microxplorer.util.MXPropertyChangeSupport.firePropertyChange(MXPropertyChangeSupport.java:54) ~[STM32CubeMX.jar:?]
	at com.st.microxplorer.mxsystem.MxSystem.closeConfig(MxSystem.java:899) ~[STM32CubeMX.jar:?]
	at com.st.microxplorer.maingui.MainPanel.closeConfig(MainPanel.java:792) ~[STM32CubeMX.jar:?]
	at com.st.microxplorer.plugins.filemanager.engine.OpenFileManager.loadConfigurationFile(OpenFileManager.java:288) ~[filemanager.jar:?]
	at com.st.microxplorer.plugins.filemanager.engine.MainFileManager.userLoadConfig(MainFileManager.java:364) ~[filemanager.jar:?]
	at com.st.microxplorer.plugins.filemanager.engine.MainFileManager.userLoadConfig(MainFileManager.java:342) ~[filemanager.jar:?]
	at com.st.microxplorer.plugins.filemanager.FileManagerView.getSpecificTask(FileManagerView.java:264) ~[filemanager.jar:?]
	at com.st.stm32cube.common.mx.editor.CubeMxEditor.getMxTabbedPaneInstance(CubeMxEditor.java:1198) ~[com.st.stm32cube.common.mx_6.15.0.202507011659/:?]
	at com.st.stm32cube.common.mx.editor.CubeMxEditor$12$1.createSwingComponent(CubeMxEditor.java:1068) ~[com.st.stm32cube.common.mx_6.15.0.202507011659/:?]
	at com.st.stm32cube.common.mx.oss.core.awtswtbridge.EmbeddedSwingComposite.doComponentCreation(EmbeddedSwingComposite.java:492) ~[com.st.stm32cube.common.mx.oss_6.15.0.202507011659/:?]
	at com.st.stm32cube.common.mx.oss.core.awtswtbridge.EmbeddedSwingComposite$4.run(EmbeddedSwingComposite.java:291) ~[com.st.stm32cube.common.mx.oss_6.15.0.202507011659/:?]
	at com.st.stm32cube.common.mx.oss.core.awtswtbridge.AwtEnvironment$2.run(AwtEnvironment.java:166) ~[com.st.stm32cube.common.mx.oss_6.15.0.202507011659/:?]
	at java.awt.event.InvocationEvent.dispatch(InvocationEvent.java:318) ~[?:?]
	at java.awt.EventQueue.dispatchEventImpl(EventQueue.java:773) ~[?:?]
	at java.awt.EventQueue$4.run(EventQueue.java:720) ~[?:?]
	at java.awt.EventQueue$4.run(EventQueue.java:714) ~[?:?]
	at java.security.AccessController.doPrivileged(AccessController.java:400) ~[?:?]
	at java.security.ProtectionDomain$JavaSecurityAccessImpl.doIntersectionPrivilege(ProtectionDomain.java:87) ~[?:?]
	at java.awt.EventQueue.dispatchEvent(EventQueue.java:742) ~[?:?]
	at java.awt.EventDispatchThread.pumpOneEventForFilters(EventDispatchThread.java:203) ~[?:?]
	at java.awt.EventDispatchThread.pumpEventsForFilter(EventDispatchThread.java:124) ~[?:?]
	at java.awt.EventDispatchThread.pumpEventsForHierarchy(EventDispatchThread.java:113) ~[?:?]
	at java.awt.EventDispatchThread.pumpEvents(EventDispatchThread.java:109) ~[?:?]
	at java.awt.EventDispatchThread.pumpEvents(EventDispatchThread.java:101) ~[?:?]
	at java.awt.EventDispatchThread.run(EventDispatchThread.java:90) ~[?:?]
2025-09-26 10:21:35,177 [WARN] ThirdParty:871 - waiting for thirdparty lock release [close project]
2025-09-26 10:21:35,177 [INFO] ThirdParty:873 - entering critical section [close project]
2025-09-26 10:21:35,178 [INFO] ThirdParty:883 - exiting critical section [close project]
2025-09-26 10:21:35,179 [INFO] PinOutPanel:1589 - setPackage(No Configuration,No Configuration)
2025-09-26 10:21:35,191 [INFO] UtilMem:75 - Begin LoadConfig() Used Memory: 606647944 Bytes (1073741824)
2025-09-26 10:21:35,192 [INFO] MicroXplorer:468 - Change Database Path : 
2025-09-26 10:21:35,192 [INFO] MicroXplorer:498 - Change Database Version : DB.6.0.150
2025-09-26 10:21:35,192 [INFO] OpenFileManager:355 - Change cursor
2025-09-26 10:21:35,208 [INFO] RulesReader:64 - Compatibility file has been processed (317 Rules)
2025-09-26 10:21:35,217 [INFO] Mcu:2029 - Initializing MCU STM32F103C6Ux STM32F103C6Ux STM32F103C6U6A
2025-09-26 10:21:35,805 [INFO] Context:786 - Trying to add GPIOservice into a context  which must be forbidden
2025-09-26 10:21:35,970 [INFO] ImportTextPane:234 - (OptionalMessage_ERROR) Unable to find key (Mcu.ThirdPartyNb) in loaded IOC file
2025-09-26 10:21:35,970 [INFO] ImportTextPane:234 - (OptionalMessage_ERROR) Unable to find key (Mcu.PinsNb) in loaded IOC file
2025-09-26 10:21:35,970 [INFO] ImportTextPane:234 - (OptionalMessage_ERROR) Pin0 (VP_RIF_VS_RIF1) cannot be retrieved for this MCU
2025-09-26 10:21:35,970 [INFO] ImportTextPane:234 - (OptionalMessage_ERROR) Unable to find key (Mcu.IPNb) in loaded IOC file
2025-09-26 10:21:35,988 [INFO] RtosManager:558 - Registered RTOS mode: class=CMSIS, group=RTOS, mode=CMSIS_V1, owner=FREERTOS
2025-09-26 10:21:35,988 [INFO] RtosManager:558 - Registered RTOS mode: class=CMSIS, group=RTOS2, mode=CMSIS_V2, owner=FREERTOS
2025-09-26 10:21:35,988 [INFO] RtosManager:558 - Registered RTOS mode: class=RTOS, group=Core, mode=CMSIS_V1, owner=FREERTOS
2025-09-26 10:21:35,988 [INFO] RtosManager:558 - Registered RTOS mode: class=RTOS, group=Core, mode=CMSIS_V2, owner=FREERTOS
2025-09-26 10:21:35,988 [WARN] ModelIntegratedComponent:184 - Missing modes for component STMicroelectronics:FreeRTOS:0.0.1:STMicroelectronics:RTOS:FreeRTOS:Core:::10.2.0:
2025-09-26 10:21:36,004 [WARN] ModelIntegratedComponent:63 - No mode defined for component null
2025-09-26 10:21:36,004 [WARN] ModelIntegratedComponent:63 - No mode defined for component null
2025-09-26 10:21:36,005 [WARN] ModelIntegratedComponent:63 - No mode defined for component null
2025-09-26 10:21:36,005 [WARN] ModelIntegratedComponent:63 - No mode defined for component null
2025-09-26 10:21:36,005 [WARN] ModelIntegratedComponent:63 - No mode defined for component null
2025-09-26 10:21:36,005 [WARN] ModelIntegratedComponent:63 - No mode defined for component null
2025-09-26 10:21:36,005 [WARN] ModelIntegratedComponent:63 - No mode defined for component null
2025-09-26 10:21:36,005 [WARN] ModelIntegratedComponent:63 - No mode defined for component null
2025-09-26 10:21:36,005 [WARN] ModelIntegratedComponent:63 - No mode defined for component null
2025-09-26 10:21:36,005 [WARN] ModelIntegratedComponent:63 - No mode defined for component null
2025-09-26 10:21:36,006 [WARN] ModelIntegratedComponent:63 - No mode defined for component null
2025-09-26 10:21:36,006 [WARN] ModelIntegratedComponent:63 - No mode defined for component null
2025-09-26 10:21:36,006 [WARN] ModelIntegratedComponent:63 - No mode defined for component null
2025-09-26 10:21:36,006 [WARN] ModelIntegratedComponent:63 - No mode defined for component null
2025-09-26 10:21:36,006 [WARN] ModelIntegratedComponent:63 - No mode defined for component null
2025-09-26 10:21:36,006 [WARN] ModelIntegratedComponent:63 - No mode defined for component null
2025-09-26 10:21:36,006 [WARN] ModelIntegratedComponent:63 - No mode defined for component null
2025-09-26 10:21:36,006 [WARN] ModelIntegratedComponent:63 - No mode defined for component null
2025-09-26 10:21:36,006 [WARN] ModelIntegratedComponent:63 - No mode defined for component null
2025-09-26 10:21:36,006 [WARN] ModelIntegratedComponent:63 - No mode defined for component null
2025-09-26 10:21:36,006 [WARN] ModelIntegratedComponent:63 - No mode defined for component null
2025-09-26 10:21:36,008 [WARN] ModelIntegratedComponent:63 - No mode defined for component null
2025-09-26 10:21:36,008 [WARN] ModelIntegratedComponent:63 - No mode defined for component null
2025-09-26 10:21:36,009 [WARN] ModelIntegratedComponent:63 - No mode defined for component null
2025-09-26 10:21:36,009 [WARN] ModelIntegratedComponent:63 - No mode defined for component null
2025-09-26 10:21:36,009 [WARN] ModelIntegratedComponent:63 - No mode defined for component null
2025-09-26 10:21:36,009 [WARN] ModelIntegratedComponent:63 - No mode defined for component null
2025-09-26 10:21:36,009 [WARN] ModelIntegratedComponent:63 - No mode defined for component null
2025-09-26 10:21:36,009 [WARN] ModelIntegratedComponent:63 - No mode defined for component null
2025-09-26 10:21:36,009 [WARN] ModelIntegratedComponent:63 - No mode defined for component null
2025-09-26 10:21:36,009 [WARN] ModelIntegratedComponent:63 - No mode defined for component null
2025-09-26 10:21:36,010 [WARN] ModelIntegratedComponent:63 - No mode defined for component null
2025-09-26 10:21:36,010 [WARN] ModelIntegratedComponent:63 - No mode defined for component null
2025-09-26 10:21:36,010 [WARN] ModelIntegratedComponent:63 - No mode defined for component null
2025-09-26 10:21:36,010 [WARN] ModelIntegratedComponent:63 - No mode defined for component null
2025-09-26 10:21:36,010 [WARN] ModelPack:524 - Component already loaded: STMicroelectronics:HAL Drivers:0.0.0:STMicroelectronics:Device:STMicro_Driver:XSPI:HAL::0.0.1:HAL_XSPI
2025-09-26 10:21:36,284 [INFO] ThirdPartyModel:298 - Start build external matchings
2025-09-26 10:21:37,488 [INFO] ThirdPartyModel:316 - End build external matchings
2025-09-26 10:21:37,646 [INFO] UtilMem:75 - End LoadConfig() Used Memory: 829127424 Bytes (1073741824)
2025-09-26 10:21:37,690 [WARN] ThirdParty:833 - waiting for thirdparty lock release [change project]
2025-09-26 10:21:37,690 [INFO] ThirdParty:835 - entering critical section [change project]
2025-09-26 10:21:37,690 [INFO] ThirdParty:1030 - CMSIS Pack Vendor :STMicroelectronics X-CUBE-PM33A1 1.0.0
2025-09-26 10:21:37,690 [INFO] ThirdParty:1030 - CMSIS Pack Vendor :STMicroelectronics USBPD 4.1
2025-09-26 10:21:37,691 [INFO] ThirdParty:1030 - CMSIS Pack Vendor :STMicroelectronics X-CUBE-NFC9 1.0.0
2025-09-26 10:21:37,691 [INFO] ThirdParty:1030 - CMSIS Pack Vendor :STMicroelectronics USB_HOST 2.0.0
2025-09-26 10:21:37,691 [INFO] ThirdParty:1030 - CMSIS Pack Vendor :STMicroelectronics FP-SNS-MOTENVWB1 1.4.0
2025-09-26 10:21:37,691 [INFO] ThirdParty:1030 - CMSIS Pack Vendor :STMicroelectronics X-CUBE-AZRTOS-F4 1.1.0
2025-09-26 10:21:37,691 [INFO] ThirdParty:1030 - CMSIS Pack Vendor :STMicroelectronics LIBJPEG 8.0.0
2025-09-26 10:21:37,692 [INFO] ThirdParty:1030 - CMSIS Pack Vendor :STMicroelectronics FP-ATR-ASTRA1 2.0.2
2025-09-26 10:21:37,692 [INFO] ThirdParty:1030 - CMSIS Pack Vendor :wolfSSL I-CUBE-wolfSSL 5.8.2
2025-09-26 10:21:37,692 [INFO] ThirdParty:1030 - CMSIS Pack Vendor :STMicroelectronics X-CUBE-BLE1 7.1.0
2025-09-26 10:21:37,692 [INFO] ThirdParty:1030 - CMSIS Pack Vendor :Avnet-IotConnect X-CUBE-IoTC-DA16k-PMOD 1.0.0
2025-09-26 10:21:37,692 [INFO] ThirdParty:1030 - CMSIS Pack Vendor :STMicroelectronics X-CUBE-SMBUS 2.1.0
2025-09-26 10:21:37,692 [INFO] ThirdParty:1030 - CMSIS Pack Vendor :wolfSSL I-CUBE-wolfMQTT 1.19.2
2025-09-26 10:21:37,692 [INFO] ThirdParty:1030 - CMSIS Pack Vendor :STMicroelectronics USB_DEVICE 3.0.0
2025-09-26 10:21:37,693 [INFO] ThirdParty:1030 - CMSIS Pack Vendor :STMicroelectronics X-CUBE-ISPU 2.1.0
2025-09-26 10:21:37,693 [INFO] ThirdParty:1030 - CMSIS Pack Vendor :STMicroelectronics X-CUBE-EEPRMA1 5.2.0
2025-09-26 10:21:37,693 [INFO] ThirdParty:1030 - CMSIS Pack Vendor :STMicroelectronics X-CUBE-BLEMGR 4.1.0
2025-09-26 10:21:37,693 [INFO] ThirdParty:1030 - CMSIS Pack Vendor :STMicroelectronics X-CUBE-AZRTOS-WB 2.0.0
2025-09-26 10:21:37,693 [INFO] ThirdParty:1030 - CMSIS Pack Vendor :STMicroelectronics X-CUBE-ST60 1.0.0
2025-09-26 10:21:37,693 [INFO] ThirdParty:1030 - CMSIS Pack Vendor :STMicroelectronics X-CUBE-GNSS1 7.0.1
2025-09-26 10:21:37,693 [INFO] ThirdParty:1030 - CMSIS Pack Vendor :STMicroelectronics X-CUBE-NFC12 1.0.0
2025-09-26 10:21:37,693 [INFO] ThirdParty:1030 - CMSIS Pack Vendor :STMicroelectronics X-CUBE-AZRTOS-F7 1.1.0
2025-09-26 10:21:37,694 [INFO] ThirdParty:1030 - CMSIS Pack Vendor :STMicroelectronics X-CUBE-AZRTOS-L5 2.0.0
2025-09-26 10:21:37,694 [INFO] ThirdParty:1030 - CMSIS Pack Vendor :STMicroelectronics X-CUBE-TOUCHGFX 4.25.0
2025-09-26 10:21:37,694 [INFO] ThirdParty:1030 - CMSIS Pack Vendor :STMicroelectronics USB_DEVICE 2.0.0
2025-09-26 10:21:37,694 [INFO] ThirdParty:1030 - CMSIS Pack Vendor :STMicroelectronics X-CUBE-NFC6 3.1.0
2025-09-26 10:21:37,694 [INFO] ThirdParty:1030 - CMSIS Pack Vendor :Cesanta I-CUBE-Mongoose 7.19.0
2025-09-26 10:21:37,694 [INFO] ThirdParty:1030 - CMSIS Pack Vendor :quantropi X-CUBE-qispace-sdk-base 2.1.0
2025-09-26 10:21:37,694 [INFO] ThirdParty:1030 - CMSIS Pack Vendor :STMicroelectronics FreeRTOS 0.0.1
2025-09-26 10:21:37,694 [INFO] ThirdParty:1030 - CMSIS Pack Vendor :STMicroelectronics X-CUBE-AZRTOS-G0 1.1.0
2025-09-26 10:21:37,695 [INFO] ThirdParty:1030 - CMSIS Pack Vendor :STMicroelectronics X-CUBE-SAFEA1 1.2.2
2025-09-26 10:21:37,695 [INFO] ThirdParty:1030 - CMSIS Pack Vendor :STMicroelectronics X-CUBE-NFC4 3.0.0
2025-09-26 10:21:37,695 [INFO] ThirdParty:1030 - CMSIS Pack Vendor :STMicroelectronics X-CUBE-SUBG2 5.0.0
2025-09-26 10:21:37,695 [INFO] ThirdParty:1030 - CMSIS Pack Vendor :STMicroelectronics X-CUBE-AZRTOS-H7RS 1.1.0
2025-09-26 10:21:37,695 [INFO] ThirdParty:1030 - CMSIS Pack Vendor :STMicroelectronics STM32_WPAN 1.0.0
2025-09-26 10:21:37,695 [INFO] ThirdParty:1030 - CMSIS Pack Vendor :EmbeddedOffice I-CUBE-FS-RTOS 1.0.1
2025-09-26 10:21:37,695 [INFO] ThirdParty:1030 - CMSIS Pack Vendor :STMicroelectronics lwIP 2.0.3
2025-09-26 10:21:37,696 [INFO] ThirdParty:1030 - CMSIS Pack Vendor :WES I-CUBE-Cesium 1.4.0
2025-09-26 10:21:37,696 [INFO] ThirdParty:1030 - CMSIS Pack Vendor :STMicroelectronics USB_HOST 1.0.0
2025-09-26 10:21:37,696 [INFO] ThirdParty:1030 - CMSIS Pack Vendor :Infineon AIROC-Wi-Fi-Bluetooth-STM32 1.7.1
2025-09-26 10:21:37,696 [INFO] ThirdParty:1030 - CMSIS Pack Vendor :STMicroelectronics X-CUBE-AZRTOS-G4 2.0.0
2025-09-26 10:21:37,696 [INFO] ThirdParty:1030 - CMSIS Pack Vendor :STMicroelectronics X-CUBE-WB05N 2.0.0
2025-09-26 10:21:37,696 [INFO] ThirdParty:1030 - CMSIS Pack Vendor :STMicroelectronics PDM2PCM 3.1.0
2025-09-26 10:21:37,696 [INFO] ThirdParty:1030 - CMSIS Pack Vendor :STMicroelectronics PDM2PCM 3.3.0
2025-09-26 10:21:37,696 [INFO] ThirdParty:1030 - CMSIS Pack Vendor :wolfSSL I-CUBE-wolfTPM 3.8.0
2025-09-26 10:21:37,697 [INFO] ThirdParty:1030 - CMSIS Pack Vendor :STMicroelectronics X-CUBE-AZRTOS-H7 3.4.0
2025-09-26 10:21:37,697 [INFO] ThirdParty:1030 - CMSIS Pack Vendor :STMicroelectronics X-CUBE-DISPLAY 3.0.0
2025-09-26 10:21:37,697 [INFO] ThirdParty:1030 - CMSIS Pack Vendor :wolfSSL I-CUBE-wolfSSH 1.4.20
2025-09-26 10:21:37,697 [INFO] ThirdParty:1030 - CMSIS Pack Vendor :STMicroelectronics X-CUBE-NFC7 2.0.0
2025-09-26 10:21:37,697 [INFO] ThirdParty:1030 - CMSIS Pack Vendor :STMicroelectronics X-CUBE-TCPP 4.2.0
2025-09-26 10:21:37,697 [INFO] ThirdParty:1030 - CMSIS Pack Vendor :RealThread X-CUBE-RT-Thread_Nano 4.1.1
2025-09-26 10:21:37,697 [INFO] ThirdParty:1030 - CMSIS Pack Vendor :STMicroelectronics FP-ATR-SIGFOX1 3.2.0
2025-09-26 10:21:37,698 [INFO] ThirdParty:1030 - CMSIS Pack Vendor :STMicroelectronics X-CUBE-NFC10 1.0.0
2025-09-26 10:21:37,698 [INFO] ThirdParty:1030 - CMSIS Pack Vendor :STMicroelectronics X-CUBE-FREERTOS 1.3.1
2025-09-26 10:21:37,698 [INFO] ThirdParty:1030 - CMSIS Pack Vendor :STMicroelectronics HAL Drivers 0.0.0
2025-09-26 10:21:37,698 [INFO] ThirdParty:1030 - CMSIS Pack Vendor :STMicroelectronics MBEDTLS 2.16.2
2025-09-26 10:21:37,698 [INFO] ThirdParty:1030 - CMSIS Pack Vendor :STMicroelectronics X-CUBE-IPS 3.1.0
2025-09-26 10:21:37,698 [INFO] ThirdParty:1030 - CMSIS Pack Vendor :STMicroelectronics X-CUBE-ALS 1.0.2
2025-09-26 10:21:37,698 [INFO] ThirdParty:1030 - CMSIS Pack Vendor :emotas I-CUBE-CANOPEN 1.3.0
2025-09-26 10:21:37,699 [INFO] ThirdParty:1030 - CMSIS Pack Vendor :STMicroelectronics MBEDTLS 2.14.1
2025-09-26 10:21:37,699 [INFO] ThirdParty:1030 - CMSIS Pack Vendor :ITTIA_DB I-CUBE-ITTIADB 8.9.0
2025-09-26 10:21:37,699 [INFO] ThirdParty:1030 - CMSIS Pack Vendor :STMicroelectronics X-CUBE-STSE01 1.0.0
2025-09-26 10:21:37,699 [INFO] ThirdParty:1030 - CMSIS Pack Vendor :STMicroelectronics X-CUBE-ST67W61 1.0.0
2025-09-26 10:21:37,699 [INFO] ThirdParty:1030 - CMSIS Pack Vendor :STMicroelectronics FP-SNS-STBOX1 2.1.0
2025-09-26 10:21:37,699 [INFO] ThirdParty:1030 - CMSIS Pack Vendor :STMicroelectronics X-CUBE-AI 10.2.0
2025-09-26 10:21:37,699 [INFO] ThirdParty:1030 - CMSIS Pack Vendor :STMicroelectronics FP-SNS-STAIOTCFT 1.0.0
2025-09-26 10:21:37,699 [INFO] ThirdParty:1030 - CMSIS Pack Vendor :STMicroelectronics ThreadX 1.0.0
2025-09-26 10:21:37,699 [INFO] ThirdParty:1030 - CMSIS Pack Vendor :STMicroelectronics FP-SNS-SMARTAG2 1.2.0
2025-09-26 10:21:37,699 [INFO] ThirdParty:1030 - CMSIS Pack Vendor :STMicroelectronics FP-SNS-FLIGHT1 5.1.0
2025-09-26 10:21:37,699 [INFO] ThirdParty:1030 - CMSIS Pack Vendor :STMicroelectronics X-CUBE-AZRTOS-WL 2.0.0
2025-09-26 10:21:37,700 [INFO] ThirdParty:1030 - CMSIS Pack Vendor :SEGGER I-CUBE-embOS 1.3.1
2025-09-26 10:21:37,700 [INFO] ThirdParty:1030 - CMSIS Pack Vendor :STMicroelectronics X-CUBE-ALGOBUILD 1.4.0
2025-09-26 10:21:37,700 [INFO] ThirdParty:1030 - CMSIS Pack Vendor :STMicroelectronics X-CUBE-DPower 1.3.0
2025-09-26 10:21:37,700 [INFO] ThirdParty:1030 - CMSIS Pack Vendor :STMicroelectronics X-CUBE-MEMS1 11.3.0
2025-09-26 10:21:37,700 [INFO] ThirdParty:1030 - CMSIS Pack Vendor :STMicroelectronics FP-SNS-MOTENV1 5.0.0
2025-09-26 10:21:37,700 [INFO] ThirdParty:1030 - CMSIS Pack Vendor :STMicroelectronics USB_DEVICE 1.0.0
2025-09-26 10:21:37,700 [INFO] ThirdParty:1030 - CMSIS Pack Vendor :STMicroelectronics X-CUBE-AZRTOS-L4 2.0.0
2025-09-26 10:21:37,700 [INFO] ThirdParty:1030 - CMSIS Pack Vendor :STMicroelectronics ThreadX 0.0.2
2025-09-26 10:21:37,700 [INFO] ThirdParty:1030 - CMSIS Pack Vendor :STMicroelectronics lwIP 2.1.2
2025-09-26 10:21:37,700 [INFO] ThirdParty:1030 - CMSIS Pack Vendor :STMicroelectronics X-CUBE-SFXS2LP1 4.0.0
2025-09-26 10:21:37,700 [INFO] ThirdParty:1030 - CMSIS Pack Vendor :STMicroelectronics X-CUBE-BLE2 3.3.0
2025-09-26 10:21:37,701 [INFO] ThirdParty:1030 - CMSIS Pack Vendor :STMicroelectronics X-CUBE-TOF1 3.4.3
2025-09-26 10:21:37,701 [INFO] ThirdParty:1030 - CMSIS Pack Vendor :STMicroelectronics PDM2PCM 3.2.0
2025-09-26 10:21:37,701 [INFO] ThirdParty:841 - exiting critical section [change project]
2025-09-26 10:21:37,864 [INFO] PinOutPanel:1589 - setPackage(No Configuration,No Configuration)
2025-09-26 10:21:37,865 [INFO] PinOutPanel:1589 - setPackage(STM32F103C6Ux,UFQFPN48)
2025-09-26 10:21:38,114 [INFO] UtilMem:75 - Before build in PCC Used Memory: 903049984 Bytes (1073741824)
2025-09-26 10:21:38,360 [INFO] UtilMem:75 - After build in PCC Used Memory: 946041600 Bytes (1073741824)
2025-09-26 10:21:38,381 [INFO] IPUIPlugin:80 - create IPUIPlugin
2025-09-26 10:21:38,381 [INFO] IPUIPlugin:80 - create IPUIPlugin
2025-09-26 10:21:38,382 [INFO] IPUIPlugin:80 - create IPUIPlugin
2025-09-26 10:21:38,383 [INFO] IPUIPlugin:80 - create IPUIPlugin
2025-09-26 10:21:38,383 [INFO] IPUIPlugin:80 - create IPUIPlugin
2025-09-26 10:21:38,384 [INFO] IPUIPlugin:80 - create IPUIPlugin
2025-09-26 10:21:38,384 [INFO] IPUIPlugin:80 - create IPUIPlugin
2025-09-26 10:21:38,384 [INFO] IPUIPlugin:80 - create IPUIPlugin
2025-09-26 10:21:38,384 [INFO] IPUIPlugin:80 - create IPUIPlugin
2025-09-26 10:21:38,385 [INFO] IPUIPlugin:80 - create IPUIPlugin
2025-09-26 10:21:38,385 [INFO] IPUIPlugin:80 - create IPUIPlugin
2025-09-26 10:21:38,385 [INFO] IPUIPlugin:80 - create IPUIPlugin
2025-09-26 10:21:38,386 [INFO] IPUIPlugin:80 - create IPUIPlugin
2025-09-26 10:21:38,386 [INFO] IPUIPlugin:80 - create IPUIPlugin
2025-09-26 10:21:38,386 [INFO] IPUIPlugin:80 - create IPUIPlugin
2025-09-26 10:21:38,386 [INFO] IPUIPlugin:80 - create IPUIPlugin
2025-09-26 10:21:38,386 [INFO] IPUIPlugin:80 - create IPUIPlugin
2025-09-26 10:21:38,386 [INFO] IPUIPlugin:80 - create IPUIPlugin
2025-09-26 10:21:38,387 [INFO] IPUIPlugin:80 - create IPUIPlugin
2025-09-26 10:21:38,387 [INFO] IPUIPlugin:80 - create IPUIPlugin
2025-09-26 10:21:38,387 [INFO] IPUIPlugin:80 - create IPUIPlugin
2025-09-26 10:21:38,388 [INFO] IPUIPlugin:80 - create IPUIPlugin
2025-09-26 10:21:38,388 [INFO] IPUIPlugin:80 - create IPUIPlugin
2025-09-26 10:21:38,422 [INFO] CADModel:165 - CPN selected for project levelSTM32F103C6U6A
2025-09-26 10:21:38,423 [INFO] CADModel:114 - Register for checkConnection events
2025-09-26 10:21:38,465 [INFO] OpenFileManager:386 - Restore cursor
2025-09-26 10:21:39,114 [INFO] UtilMem:75 - End SaveConfig() Used Memory: 998470400 Bytes (1073741824)
2025-09-26 10:21:44,440 [INFO] McuFinderGlobals:76 - Set McuFinderConnectedMode to true
2025-09-26 10:21:44,443 [INFO] ApiDb:448 - Save user favorites file /Users/admin/.stm32cubeide/favorites.mcus.txt: 0 item(s)
2025-09-26 10:21:44,443 [INFO] ApiDb:452 - User favorites MCUs=[]
2025-09-26 10:23:38,511 [INFO] UtilMem:75 - End SaveConfig() Used Memory: 752824160 Bytes (1073741824)
2025-09-26 10:23:41,984 [INFO] UtilMem:75 - End SaveConfig() Used Memory: 770722208 Bytes (1073741824)
2025-09-26 10:23:44,880 [INFO] LogOutputStream:77 - [STDOUT_REDIRECT] This download action requires prior login. To proceed, please use the 'login' command with your my.st.com account email and password.
2025-09-26 10:23:44,880 [INFO] LogOutputStream:77 - [STDOUT_REDIRECT] Run 'login <email> <password> <remember_me>' for example 'login john.smith@st.com mypassword y'.
2025-09-26 10:23:44,881 [INFO] LogOutputStream:77 - [STDOUT_REDIRECT] If you do not have a my.st.com account, please visit https://st.com website to create one.
2025-09-26 10:25:06,203 [INFO] UtilMem:75 - End SaveConfig() Used Memory: 866909744 Bytes (1073741824)
2025-09-26 10:25:07,448 [INFO] UtilMem:75 - End SaveConfig() Used Memory: 882254848 Bytes (1073741824)
2025-09-26 10:25:09,237 [INFO] LogOutputStream:77 - [STDOUT_REDIRECT] This download action requires prior login. To proceed, please use the 'login' command with your my.st.com account email and password.
2025-09-26 10:25:09,237 [INFO] LogOutputStream:77 - [STDOUT_REDIRECT] Run 'login <email> <password> <remember_me>' for example 'login john.smith@st.com mypassword y'.
2025-09-26 10:25:09,237 [INFO] LogOutputStream:77 - [STDOUT_REDIRECT] If you do not have a my.st.com account, please visit https://st.com website to create one.
2025-09-26 10:27:11,201 [INFO] UtilMem:75 - End SaveConfig() Used Memory: 713921656 Bytes (1073741824)
2025-09-26 10:27:13,260 [INFO] UtilMem:75 - End SaveConfig() Used Memory: 731982760 Bytes (1073741824)
2025-09-26 10:27:21,003 [INFO] LogOutputStream:77 - [STDOUT_REDIRECT] This download action requires prior login. To proceed, please use the 'login' command with your my.st.com account email and password.
2025-09-26 10:27:21,004 [INFO] LogOutputStream:77 - [STDOUT_REDIRECT] Run 'login <email> <password> <remember_me>' for example 'login john.smith@st.com mypassword y'.
2025-09-26 10:27:21,004 [INFO] LogOutputStream:77 - [STDOUT_REDIRECT] If you do not have a my.st.com account, please visit https://st.com website to create one.
2025-09-26 10:29:17,722 [INFO] MainUpdater:2872 - connection check result : 10
2025-09-26 10:29:18,119 [INFO] McuFinderGlobals:76 - Set McuFinderConnectedMode to true
2025-09-26 10:29:18,126 [INFO] MultiScanPanel:200 - Auto-refresh data requested => check proxy status ongoing
2025-09-26 10:29:18,126 [INFO] FinderPluginLoader:96 - Searching for filters in installed packs
2025-09-26 10:29:18,938 [INFO] LoadUrlFilesThread:185 - End of LoadServerUrlFiles without Thread
2025-09-26 10:29:18,938 [INFO] DetailPanel:341 - Set advertising image to /Users/admin/STM32Cube/Repository//en.2400x1350px.jpeg
2025-09-26 10:33:38,840 [ERROR] LogOutputStream:75 - [STDERR_REDIRECT] 
2025-09-26 10:35:37,544 [INFO] Activator:176 - 


2025-09-26 10:35:37,546 [INFO] Activator:177 - !SESSION log4j initialized
2025-09-26 10:35:38,897 [INFO] LogOutputStream:77 - [STDOUT_REDIRECT] 
2025-09-26 10:35:39,659 [ERROR] LogOutputStream:75 - [STDERR_REDIRECT] 
2025-09-26 10:35:41,906 [INFO] LogOutputStream:77 - [STDOUT_REDIRECT] 
2025-09-26 10:35:44,518 [INFO] ApplicationProperties:184 - Using Application install path: /Applications/STM32CubeIDE.app/Contents/Eclipse/plugins/com.st.stm32cube.common.mx_6.15.0.202507011659
2025-09-26 10:35:44,538 [INFO] DbMcusXml:78 - Set database path to: /Applications/STM32CubeIDE.app/Contents/Eclipse/plugins/com.st.stm32cube.common.mx_6.15.0.202507011659//db//mcu/
2025-09-26 10:35:44,538 [INFO] ApiDb:274 - Set plugin database path to: /Applications/STM32CubeIDE.app/Contents/Eclipse/plugins/com.st.stm32cube.common.mx_6.15.0.202507011659//db//plugins/boardmanager/
2025-09-26 10:35:44,538 [WARN] ApiDb:259 - Overriding images path with different value:  => /Applications/STM32CubeIDE.app/Contents/Eclipse/plugins/com.st.stm32cube.common.mx_6.15.0.202507011659//db//plugins/mcufinder/images/
2025-09-26 10:35:44,543 [INFO] ApiDb:250 - Set database path to: /Users/admin/.stmcufinder/plugins/mcufinder//mcu/
2025-09-26 10:35:44,545 [INFO] DbMcusAds:125 - Set database path to: /Users/admin/.stmcufinder/plugins/mcufinder//mcu/
2025-09-26 10:35:44,549 [INFO] CrossReferenceDbSqlite:203 - Set database path to: /Users/admin/.stmcufinder/plugins/mcufinder//mcu/cs/
2025-09-26 10:35:44,690 [INFO] RulesReader:64 - Compatibility file has been processed (317 Rules)
2025-09-26 10:35:44,749 [INFO] DbMcusXml:78 - Set database path to: /Applications/STM32CubeIDE.app/Contents/Eclipse/plugins/com.st.stm32cube.common.mx_6.15.0.202507011659//db//mcu/
2025-09-26 10:35:44,749 [INFO] ApiDb:274 - Set plugin database path to: /Applications/STM32CubeIDE.app/Contents/Eclipse/plugins/com.st.stm32cube.common.mx_6.15.0.202507011659//db//plugins/boardmanager/
2025-09-26 10:35:44,749 [INFO] ApiDb:261 - Set plugin images path to: /Applications/STM32CubeIDE.app/Contents/Eclipse/plugins/com.st.stm32cube.common.mx_6.15.0.202507011659//db//plugins/mcufinder/images/
2025-09-26 10:35:44,749 [WARN] DbFile:41 - Overriding database path with different value: /Users/admin/.stmcufinder/plugins/mcufinder/ => /Users/admin/.stmcufinder/plugins/mcufinder
2025-09-26 10:35:44,750 [INFO] ApiDb:250 - Set database path to: /Users/admin/.stmcufinder/plugins/mcufinder//mcu/
2025-09-26 10:35:44,750 [WARN] DbFile:41 - Overriding database path with different value: /Users/admin/.stmcufinder/plugins/mcufinder/ => /Users/admin/.stmcufinder/plugins/mcufinder
2025-09-26 10:35:44,750 [INFO] DbMcusAds:125 - Set database path to: /Users/admin/.stmcufinder/plugins/mcufinder//mcu/
2025-09-26 10:35:44,750 [WARN] DbFile:41 - Overriding database path with different value: /Users/admin/.stmcufinder/plugins/mcufinder/ => /Users/admin/.stmcufinder/plugins/mcufinder
2025-09-26 10:35:44,750 [WARN] DbFile:41 - Overriding database path with different value: /Users/admin/.stmcufinder/plugins/mcufinder/ => /Users/admin/.stmcufinder/plugins/mcufinder
2025-09-26 10:35:44,750 [INFO] CrossReferenceDbSqlite:203 - Set database path to: /Users/admin/.stmcufinder/plugins/mcufinder//mcu/cs/
2025-09-26 10:35:44,822 [INFO] MainPanel:274 - HeapMemory: 268435456
2025-09-26 10:35:45,282 [INFO] DbMcusXml:78 - Set database path to: /Applications/STM32CubeIDE.app/Contents/Eclipse/plugins/com.st.stm32cube.common.mx_6.15.0.202507011659//db//mcu/
2025-09-26 10:35:45,283 [INFO] ApiDb:274 - Set plugin database path to: /Applications/STM32CubeIDE.app/Contents/Eclipse/plugins/com.st.stm32cube.common.mx_6.15.0.202507011659//db//plugins/boardmanager/
2025-09-26 10:35:45,283 [INFO] ApiDb:261 - Set plugin images path to: /Applications/STM32CubeIDE.app/Contents/Eclipse/plugins/com.st.stm32cube.common.mx_6.15.0.202507011659//db//plugins/mcufinder/images/
2025-09-26 10:35:45,283 [WARN] DbFile:41 - Overriding database path with different value: /Users/admin/.stmcufinder/plugins/mcufinder/ => /Users/admin/.stmcufinder/plugins/mcufinder
2025-09-26 10:35:45,283 [INFO] ApiDb:250 - Set database path to: /Users/admin/.stmcufinder/plugins/mcufinder//mcu/
2025-09-26 10:35:45,283 [WARN] DbFile:41 - Overriding database path with different value: /Users/admin/.stmcufinder/plugins/mcufinder/ => /Users/admin/.stmcufinder/plugins/mcufinder
2025-09-26 10:35:45,284 [INFO] DbMcusAds:125 - Set database path to: /Users/admin/.stmcufinder/plugins/mcufinder//mcu/
2025-09-26 10:35:45,284 [WARN] DbFile:41 - Overriding database path with different value: /Users/admin/.stmcufinder/plugins/mcufinder/ => /Users/admin/.stmcufinder/plugins/mcufinder
2025-09-26 10:35:45,284 [WARN] DbFile:41 - Overriding database path with different value: /Users/admin/.stmcufinder/plugins/mcufinder/ => /Users/admin/.stmcufinder/plugins/mcufinder
2025-09-26 10:35:45,284 [INFO] CrossReferenceDbSqlite:203 - Set database path to: /Users/admin/.stmcufinder/plugins/mcufinder//mcu/cs/
2025-09-26 10:35:45,301 [INFO] ApplicationProperties:184 - Using Application install path: /Applications/STM32CubeIDE.app/Contents/Eclipse/plugins/com.st.stm32cube.common.mx_6.15.0.202507011659
2025-09-26 10:35:45,303 [INFO] PluginManage:196 - Search for loadable plugins [exclusion list=, ]
2025-09-26 10:35:45,305 [INFO] PluginManage:310 - Check plugin analytics
2025-09-26 10:35:45,519 [INFO] AnalyticsPlugin:253 - Accepted Software Licenses: 
2025-09-26 10:35:45,519 [INFO] AnalyticsPlugin:255 - Accepted CMSIS Pack Licenses: 
2025-09-26 10:35:45,520 [INFO] AnalyticsPlugin:257 - Accepted Firmware Licenses: 
2025-09-26 10:35:45,523 [INFO] PluginManage:359 - Loaded plugin analytics (category:tool,tabindex:-1)
2025-09-26 10:35:45,523 [INFO] PluginManage:310 - Check plugin cadmodel
2025-09-26 10:35:45,529 [INFO] CADModel:105 - Init CAD model plugin
2025-09-26 10:35:45,529 [INFO] PluginManage:359 - Loaded plugin cadmodel (category:power,tabindex:5)
2025-09-26 10:35:45,529 [INFO] PluginManage:310 - Check plugin clock
2025-09-26 10:35:45,539 [INFO] PluginManage:359 - Loaded plugin clock (category:base,tabindex:2)
2025-09-26 10:35:45,539 [INFO] PluginManage:310 - Check plugin ddr
2025-09-26 10:35:45,542 [INFO] PluginManage:359 - Loaded plugin ddr (category:tool,tabindex:6)
2025-09-26 10:35:45,542 [INFO] PluginManage:310 - Check plugin filemanager
2025-09-26 10:35:45,737 [INFO] PluginManage:359 - Loaded plugin filemanager (category:base,tabindex:10)
2025-09-26 10:35:45,737 [INFO] PluginManage:310 - Check plugin ipmanager
2025-09-26 10:35:45,744 [INFO] PluginManage:359 - Loaded plugin ipmanager (category:base,tabindex:5)
2025-09-26 10:35:45,744 [INFO] PluginManage:310 - Check plugin lpbam
2025-09-26 10:35:45,756 [INFO] PluginManage:359 - Loaded plugin lpbam (category:base,tabindex:0)
2025-09-26 10:35:45,756 [INFO] PluginManage:310 - Check plugin memorymap
2025-09-26 10:35:45,774 [INFO] PluginManage:359 - Loaded plugin memorymap (category:base,tabindex:4)
2025-09-26 10:35:45,775 [INFO] PluginManage:310 - Check plugin pinoutandconfiguration
2025-09-26 10:35:45,784 [INFO] PluginManage:359 - Loaded plugin pinoutandconfiguration (category:base,tabindex:1)
2025-09-26 10:35:45,785 [INFO] PluginManage:310 - Check plugin pinoutconfig
2025-09-26 10:35:45,935 [WARN] SupportedApi:132 - Cannot load RTOS API schema: s4s-elt-must-match.1: The content of 'definitions' must match (annotation?, (simpleType | complexType)?, (unique | key | keyref)*)). A problem was found starting at: attribute.
2025-09-26 10:35:46,114 [INFO] PluginManage:359 - Loaded plugin pinoutconfig (category:base,tabindex:0)
2025-09-26 10:35:46,114 [INFO] PluginManage:310 - Check plugin power
2025-09-26 10:35:46,124 [INFO] PluginManage:359 - Loaded plugin power (category:power,tabindex:4)
2025-09-26 10:35:46,124 [INFO] PluginManage:310 - Check plugin projectmanager
2025-09-26 10:35:46,140 [INFO] PluginManage:359 - Loaded plugin projectmanager (category:projectmanager,tabindex:4)
2025-09-26 10:35:46,141 [INFO] PluginManage:310 - Check plugin rif
2025-09-26 10:35:46,151 [INFO] PluginManage:359 - Loaded plugin rif (category:base,tabindex:3)
2025-09-26 10:35:46,151 [INFO] PluginManage:310 - Check plugin thirdparty
2025-09-26 10:35:46,284 [INFO] PluginManage:359 - Loaded plugin thirdparty (category:base,tabindex:-1)
2025-09-26 10:35:46,284 [WARN] IntegrityCheckThread:84 - waiting for thirdparty lock release [integrity check]
2025-09-26 10:35:46,285 [INFO] PluginManage:310 - Check plugin tools
2025-09-26 10:35:46,285 [INFO] IntegrityCheckThread:86 - entering critical section [integrity check]
2025-09-26 10:35:46,285 [INFO] ThirdPartyUpdaterWithRetryManager:70 - Updater plugin not ready yet. [1/15]
2025-09-26 10:35:46,287 [INFO] PluginManage:359 - Loaded plugin tools (category:base,tabindex:7)
2025-09-26 10:35:46,287 [INFO] PluginManage:310 - Check plugin tutovideos
2025-09-26 10:35:46,527 [INFO] PluginManage:359 - Loaded plugin tutovideos (category:base,tabindex:-1)
2025-09-26 10:35:46,527 [INFO] PluginManage:310 - Check plugin updater
2025-09-26 10:35:46,550 [INFO] PluginManage:359 - Loaded plugin updater (category:base,tabindex:12)
2025-09-26 10:35:46,550 [INFO] PluginManage:310 - Check plugin userauth
2025-09-26 10:35:46,554 [INFO] UserAuth:118 - Init User Auth plugin
2025-09-26 10:35:46,555 [INFO] PluginManage:359 - Loaded plugin userauth (category:base,tabindex:14)
2025-09-26 10:35:46,555 [INFO] PluginManage:283 - PluginManage : Loaded plugins [18]
2025-09-26 10:35:46,748 [INFO] PinOutPanel:1589 - setPackage(No Configuration,No Configuration)
2025-09-26 10:35:46,838 [INFO] CADModel:165 - CPN selected for project level
2025-09-26 10:35:46,838 [INFO] CADModel:114 - Register for checkConnection events
2025-09-26 10:35:46,859 [INFO] IPUIPlugin:80 - create IPUIPlugin
2025-09-26 10:35:46,860 [INFO] PluginManager:220 - loadIPPluginJar : add mdma
2025-09-26 10:35:46,870 [INFO] IPUIPlugin:80 - create IPUIPlugin
2025-09-26 10:35:46,870 [INFO] PluginManager:220 - loadIPPluginJar : add freertos
2025-09-26 10:35:46,881 [INFO] IPUIPlugin:80 - create IPUIPlugin
2025-09-26 10:35:46,881 [INFO] PluginManager:220 - loadIPPluginJar : add gic
2025-09-26 10:35:46,897 [INFO] IPUIPlugin:80 - create IPUIPlugin
2025-09-26 10:35:46,898 [INFO] PluginManager:220 - loadIPPluginJar : add adc
2025-09-26 10:35:46,902 [INFO] IPUIPlugin:80 - create IPUIPlugin
2025-09-26 10:35:46,902 [INFO] PluginManager:220 - loadIPPluginJar : add gtzc
2025-09-26 10:35:46,903 [INFO] IPUIPlugin:80 - create IPUIPlugin
2025-09-26 10:35:46,903 [INFO] PluginManager:220 - loadIPPluginJar : add quadspi
2025-09-26 10:35:46,906 [INFO] IPUIPlugin:80 - create IPUIPlugin
2025-09-26 10:35:46,907 [INFO] PluginManager:220 - loadIPPluginJar : add aes
2025-09-26 10:35:46,910 [INFO] IPUIPlugin:80 - create IPUIPlugin
2025-09-26 10:35:46,910 [INFO] PluginManager:220 - loadIPPluginJar : add pdm2pcm
2025-09-26 10:35:46,912 [INFO] IPUIPlugin:80 - create IPUIPlugin
2025-09-26 10:35:46,912 [INFO] PluginManager:220 - loadIPPluginJar : add hash
2025-09-26 10:35:46,913 [INFO] IPUIPlugin:80 - create IPUIPlugin
2025-09-26 10:35:46,913 [INFO] PluginManager:220 - loadIPPluginJar : add tim
2025-09-26 10:35:46,915 [INFO] IPUIPlugin:80 - create IPUIPlugin
2025-09-26 10:35:46,915 [INFO] PluginManager:220 - loadIPPluginJar : add tsc
2025-09-26 10:35:46,918 [INFO] IPUIPlugin:80 - create IPUIPlugin
2025-09-26 10:35:46,918 [INFO] PluginManager:220 - loadIPPluginJar : add extmemmanager
2025-09-26 10:35:46,920 [INFO] IPUIPlugin:80 - create IPUIPlugin
2025-09-26 10:35:46,920 [INFO] PluginManager:220 - loadIPPluginJar : add ts
2025-09-26 10:35:46,922 [INFO] IPUIPlugin:80 - create IPUIPlugin
2025-09-26 10:35:46,922 [INFO] PluginManager:220 - loadIPPluginJar : add radio
2025-09-26 10:35:46,926 [INFO] IPUIPlugin:80 - create IPUIPlugin
2025-09-26 10:35:46,926 [INFO] PluginManager:220 - loadIPPluginJar : add can
2025-09-26 10:35:46,928 [INFO] IPUIPlugin:80 - create IPUIPlugin
2025-09-26 10:35:46,928 [INFO] PluginManager:220 - loadIPPluginJar : add dma3
2025-09-26 10:35:46,930 [INFO] IPUIPlugin:80 - create IPUIPlugin
2025-09-26 10:35:46,930 [INFO] PluginManager:220 - loadIPPluginJar : add dfsdm
2025-09-26 10:35:46,933 [INFO] IPUIPlugin:80 - create IPUIPlugin
2025-09-26 10:35:46,933 [INFO] PluginManager:220 - loadIPPluginJar : add spi
2025-09-26 10:35:46,935 [INFO] IPUIPlugin:80 - create IPUIPlugin
2025-09-26 10:35:46,936 [INFO] PluginManager:220 - loadIPPluginJar : add gfxmmu
2025-09-26 10:35:46,937 [INFO] IPUIPlugin:80 - create IPUIPlugin
2025-09-26 10:35:46,937 [INFO] PluginManager:220 - loadIPPluginJar : add genericplugin
2025-09-26 10:35:46,939 [INFO] IPUIPlugin:80 - create IPUIPlugin
2025-09-26 10:35:46,940 [INFO] PluginManager:220 - loadIPPluginJar : add cryp
2025-09-26 10:35:46,944 [INFO] IPUIPlugin:80 - create IPUIPlugin
2025-09-26 10:35:46,945 [INFO] PluginManager:220 - loadIPPluginJar : add gpio
2025-09-26 10:35:46,948 [INFO] IPUIPlugin:80 - create IPUIPlugin
2025-09-26 10:35:46,949 [INFO] PluginManager:220 - loadIPPluginJar : add ddr_ctrl_phy
2025-09-26 10:35:46,950 [INFO] IPUIPlugin:80 - create IPUIPlugin
2025-09-26 10:35:46,950 [INFO] PluginManager:220 - loadIPPluginJar : add comp
2025-09-26 10:35:46,952 [INFO] IPUIPlugin:80 - create IPUIPlugin
2025-09-26 10:35:46,952 [INFO] PluginManager:220 - loadIPPluginJar : add tracer_emb
2025-09-26 10:35:46,955 [INFO] IPUIPlugin:80 - create IPUIPlugin
2025-09-26 10:35:46,956 [INFO] PluginManager:220 - loadIPPluginJar : add openamp
2025-09-26 10:35:46,963 [INFO] IPUIPlugin:80 - create IPUIPlugin
2025-09-26 10:35:46,963 [INFO] PluginManager:220 - loadIPPluginJar : add stm32_wpan
2025-09-26 10:35:46,971 [INFO] IPUIPlugin:80 - create IPUIPlugin
2025-09-26 10:35:46,974 [INFO] PluginManager:220 - loadIPPluginJar : add plateformsettings
2025-09-26 10:35:46,978 [INFO] IPUIPlugin:80 - create IPUIPlugin
2025-09-26 10:35:46,979 [INFO] PluginManager:220 - loadIPPluginJar : add ipddr
2025-09-26 10:35:46,982 [INFO] IPUIPlugin:80 - create IPUIPlugin
2025-09-26 10:35:46,982 [INFO] PluginManager:220 - loadIPPluginJar : add usart
2025-09-26 10:35:46,984 [INFO] IPUIPlugin:80 - create IPUIPlugin
2025-09-26 10:35:46,984 [INFO] PluginManager:220 - loadIPPluginJar : add ltdc
2025-09-26 10:35:46,989 [INFO] IPUIPlugin:80 - create IPUIPlugin
2025-09-26 10:35:46,989 [INFO] PluginManager:220 - loadIPPluginJar : add nvic
2025-09-26 10:35:46,990 [INFO] IPUIPlugin:80 - create IPUIPlugin
2025-09-26 10:35:46,990 [INFO] PluginManager:220 - loadIPPluginJar : add fatfs
2025-09-26 10:35:46,999 [INFO] IPUIPlugin:80 - create IPUIPlugin
2025-09-26 10:35:47,000 [INFO] PluginManager:220 - loadIPPluginJar : add linkedlist
2025-09-26 10:35:47,006 [INFO] IPUIPlugin:80 - create IPUIPlugin
2025-09-26 10:35:47,007 [INFO] PluginManager:220 - loadIPPluginJar : add dma
2025-09-26 10:35:47,011 [INFO] IPUIPlugin:80 - create IPUIPlugin
2025-09-26 10:35:47,011 [INFO] PluginManager:220 - loadIPPluginJar : add fmc
2025-09-26 10:35:47,013 [INFO] IPUIPlugin:80 - create IPUIPlugin
2025-09-26 10:35:47,014 [INFO] PluginManager:220 - loadIPPluginJar : add i2s
2025-09-26 10:35:47,015 [INFO] IPUIPlugin:80 - create IPUIPlugin
2025-09-26 10:35:47,015 [INFO] PluginManager:220 - loadIPPluginJar : add ucpd
2025-09-26 10:35:47,017 [INFO] IPUIPlugin:80 - create IPUIPlugin
2025-09-26 10:35:47,017 [INFO] PluginManager:220 - loadIPPluginJar : add lorawan
2025-09-26 10:35:47,020 [INFO] IPUIPlugin:80 - create IPUIPlugin
2025-09-26 10:35:47,021 [INFO] PluginManager:220 - loadIPPluginJar : add opamp
2025-09-26 10:35:47,024 [INFO] IPUIPlugin:80 - create IPUIPlugin
2025-09-26 10:35:47,024 [INFO] PluginManager:220 - loadIPPluginJar : add i3c
2025-09-26 10:35:47,029 [INFO] IPUIPlugin:80 - create IPUIPlugin
2025-09-26 10:35:47,029 [INFO] PluginManager:220 - loadIPPluginJar : add touchsensing
2025-09-26 10:35:47,032 [INFO] IPUIPlugin:80 - create IPUIPlugin
2025-09-26 10:35:47,032 [INFO] PluginManager:220 - loadIPPluginJar : add i2c
2025-09-26 10:35:47,037 [INFO] IPUIPlugin:80 - create IPUIPlugin
2025-09-26 10:35:47,037 [INFO] PluginManager:220 - loadIPPluginJar : add resmgrutility
2025-09-26 10:35:47,040 [INFO] IPUIPlugin:80 - create IPUIPlugin
2025-09-26 10:35:47,040 [INFO] PluginManager:220 - loadIPPluginJar : add sai
2025-09-26 10:35:47,044 [INFO] IPUIPlugin:80 - create IPUIPlugin
2025-09-26 10:35:47,044 [INFO] PluginManager:220 - loadIPPluginJar : add usbx
2025-09-26 10:35:47,158 [FATAL] Updater:351 - Updater called before beeing initialized
2025-09-26 10:35:47,190 [INFO] RulesReader:64 - Compatibility file has been processed (317 Rules)
2025-09-26 10:35:47,203 [INFO] RulesReader:64 - Compatibility file has been processed (317 Rules)
2025-09-26 10:35:47,210 [INFO] CADModel:165 - CPN selected for project level
2025-09-26 10:35:47,210 [INFO] CADModel:114 - Register for checkConnection events
2025-09-26 10:35:47,210 [FATAL] Updater:351 - Updater called before beeing initialized
2025-09-26 10:35:47,210 [ERROR] CADModel:125 - Updater not yet initialized, retry later 
2025-09-26 10:35:47,376 [FATAL] Updater:351 - Updater called before beeing initialized
2025-09-26 10:35:47,377 [INFO] CADModel:165 - CPN selected for project level
2025-09-26 10:35:47,378 [INFO] CADModel:114 - Register for checkConnection events
2025-09-26 10:35:47,378 [FATAL] Updater:351 - Updater called before beeing initialized
2025-09-26 10:35:47,378 [ERROR] CADModel:125 - Updater not yet initialized, retry later 
2025-09-26 10:35:47,381 [FATAL] Updater:351 - Updater called before beeing initialized
2025-09-26 10:35:47,467 [FATAL] Updater:351 - Updater called before beeing initialized
2025-09-26 10:35:47,472 [INFO] DbMcusAds:53 - JSON generation date=Tue Jul 08 15:14:23 ICT 2025 (1751962463524)
2025-09-26 10:35:47,472 [FATAL] Updater:351 - Updater called before beeing initialized
2025-09-26 10:35:47,528 [WARN] DetailPanel:346 - Failed to get advertising image, set to default
2025-09-26 10:35:47,646 [FATAL] Updater:351 - Updater called before beeing initialized
2025-09-26 10:35:47,648 [FATAL] Updater:351 - Updater called before beeing initialized
2025-09-26 10:35:47,648 [FATAL] Updater:351 - Updater called before beeing initialized
2025-09-26 10:35:47,649 [WARN] DetailPanel:346 - Failed to get advertising image, set to default
2025-09-26 10:35:47,650 [FATAL] Updater:351 - Updater called before beeing initialized
2025-09-26 10:35:47,691 [ERROR] Updater:1198 - MainUpdater not yet initialized. External WinMGr cannot be set.
2025-09-26 10:35:47,693 [INFO] Updater:1134 - Updater Version found : 6.15.0
2025-09-26 10:35:47,719 [INFO] ApplicationProperties:184 - Using Application install path: /Applications/STM32CubeIDE.app/Contents/Eclipse/plugins/com.st.stm32cube.common.mx_6.15.0.202507011659
2025-09-26 10:35:48,187 [INFO] MainUpdater:2872 - connection check result : 10
2025-09-26 10:35:48,188 [INFO] MainUpdater:289 - Updater Check For Update Now.
2025-09-26 10:35:48,188 [INFO] MicroXplorer:498 - Change Database Version : DB.6.0.150
2025-09-26 10:35:48,193 [INFO] McuFinderGlobals:63 - Set McuFinder mode to 2 (CubeIDE integrated)
2025-09-26 10:35:48,194 [INFO] UserAuth:171 - activating auth plugin
2025-09-26 10:35:48,197 [INFO] UserAuth:487 - Internet connection configuration mode: 1
2025-09-26 10:35:48,218 [INFO] JxBrowserEngine:152 - Initiate JxBrowser Engine with user profile folder
2025-09-26 10:35:48,390 [INFO] CheckServerUpdateThread:120 - End of CheckServer Thread
2025-09-26 10:35:49,634 [WARN] PackLoader:240 - Cannot read IP mode file for STMicroelectronics.FP-SNS-MOTENVWB1.1.4.0
2025-09-26 10:35:49,649 [WARN] PackLoader:240 - Cannot read IP mode file for STMicroelectronics.FP-ATR-ASTRA1.2.0.2
2025-09-26 10:35:49,650 [INFO] WebApp:169 - Instantiating new browser for Auth
2025-09-26 10:35:49,663 [WARN] PackLoader:240 - Cannot read IP mode file for STMicroelectronics.X-CUBE-SMBUS.2.1.0
2025-09-26 10:35:49,686 [WARN] PackLoader:240 - Cannot read IP mode file for STMicroelectronics.X-CUBE-ST60.1.0.0
2025-09-26 10:35:49,777 [WARN] PackLoader:240 - Cannot read IP mode file for STMicroelectronics.X-CUBE-AZRTOS-F7.1.1.0
2025-09-26 10:35:49,798 [WARN] PackLoader:240 - Cannot read IP mode file for Cesanta.I-CUBE-Mongoose.7.19.0
2025-09-26 10:35:49,827 [WARN] PackLoader:240 - Cannot read IP mode file for WES.I-CUBE-Cesium.1.4.0
2025-09-26 10:35:49,869 [WARN] PackLoader:240 - Cannot read IP mode file for Infineon.AIROC-Wi-Fi-Bluetooth-STM32.1.7.1
2025-09-26 10:35:49,920 [WARN] PackLoader:240 - Cannot read IP mode file for STMicroelectronics.X-CUBE-AZRTOS-H7.3.4.0
2025-09-26 10:35:49,939 [WARN] PackLoader:240 - Cannot read IP mode file for STMicroelectronics.X-CUBE-DISPLAY.3.0.0
2025-09-26 10:35:49,963 [WARN] PackLoader:240 - Cannot read IP mode file for STMicroelectronics.X-CUBE-NFC10.1.0.0
2025-09-26 10:35:49,976 [WARN] PackLoader:240 - Cannot read IP mode file for emotas.I-CUBE-CANOPEN.1.3.0
2025-09-26 10:35:49,997 [WARN] PackLoader:240 - Cannot read IP mode file for STMicroelectronics.FP-SNS-STBOX1.2.1.0
2025-09-26 10:35:50,012 [WARN] PackLoader:240 - Cannot read IP mode file for STMicroelectronics.FP-SNS-SMARTAG2.1.2.0
2025-09-26 10:35:50,021 [WARN] PackLoader:240 - Cannot read IP mode file for STMicroelectronics.FP-SNS-FLIGHT1.5.1.0
2025-09-26 10:35:50,037 [INFO] LogOutputStream:77 - [STDOUT_REDIRECT] 1 : Invalid condition id : UX_CORESTACK_Condition cause : null
2025-09-26 10:35:50,038 [INFO] LogOutputStream:77 - [STDOUT_REDIRECT] 1 : Invalid condition id : UX_CORESTACK_Condition cause : null
2025-09-26 10:35:50,038 [INFO] LogOutputStream:77 - [STDOUT_REDIRECT] 1 : Invalid condition id : UX_CORESTACK_Condition cause : null
2025-09-26 10:35:50,040 [INFO] LogOutputStream:77 - [STDOUT_REDIRECT] 1 : Invalid condition id : UX_CORESTACK_Condition cause : null
2025-09-26 10:35:50,041 [INFO] LogOutputStream:77 - [STDOUT_REDIRECT] 1 : Invalid condition id : UX_CORESTACK_Condition cause : null
2025-09-26 10:35:50,045 [WARN] PackLoader:240 - Cannot read IP mode file for STMicroelectronics.X-CUBE-AZRTOS-WL.2.0.0
2025-09-26 10:35:50,054 [WARN] PackLoader:240 - Cannot read IP mode file for STMicroelectronics.FP-SNS-MOTENV1.5.0.0
2025-09-26 10:35:50,062 [WARN] PackLoader:240 - Cannot read IP mode file for STMicroelectronics.X-CUBE-BLE2.3.3.0
2025-09-26 10:35:50,069 [WARN] PackLoader:240 - Cannot read IP mode file for STMicroelectronics.X-CUBE-NFC9.1.0.0
2025-09-26 10:35:50,076 [WARN] PackLoader:240 - Cannot read IP mode file for wolfSSL.I-CUBE-wolfSSL.5.8.2
2025-09-26 10:35:50,082 [WARN] PackLoader:240 - Cannot read IP mode file for STMicroelectronics.X-CUBE-BLE1.7.1.0
2025-09-26 10:35:50,086 [WARN] PackLoader:240 - Cannot read IP mode file for wolfSSL.I-CUBE-wolfMQTT.1.19.2
2025-09-26 10:35:50,092 [WARN] PackLoader:240 - Cannot read IP mode file for STMicroelectronics.X-CUBE-EEPRMA1.5.2.0
2025-09-26 10:35:50,113 [WARN] PackLoader:240 - Cannot read IP mode file for STMicroelectronics.X-CUBE-AZRTOS-G0.1.1.0
2025-09-26 10:35:50,123 [WARN] PackLoader:240 - Cannot read IP mode file for STMicroelectronics.X-CUBE-SAFEA1.1.2.2
2025-09-26 10:35:50,130 [WARN] PackLoader:240 - Cannot read IP mode file for STMicroelectronics.X-CUBE-NFC4.3.0.0
2025-09-26 10:35:50,151 [WARN] PackLoader:240 - Cannot read IP mode file for EmbeddedOffice.I-CUBE-FS-RTOS.1.0.1
2025-09-26 10:35:50,157 [WARN] PackLoader:240 - Cannot read IP mode file for STMicroelectronics.X-CUBE-WB05N.2.0.0
2025-09-26 10:35:50,162 [WARN] PackLoader:240 - Cannot read IP mode file for wolfSSL.I-CUBE-wolfTPM.3.8.0
2025-09-26 10:35:50,170 [WARN] PackLoader:240 - Cannot read IP mode file for STMicroelectronics.X-CUBE-TCPP.4.2.0
2025-09-26 10:35:50,177 [WARN] PackLoader:240 - Cannot read IP mode file for RealThread.X-CUBE-RT-Thread_Nano.4.1.1
2025-09-26 10:35:50,180 [WARN] PackLoader:240 - Cannot read IP mode file for STMicroelectronics.FP-ATR-SIGFOX1.3.2.0
2025-09-26 10:35:50,187 [WARN] PackLoader:240 - Cannot read IP mode file for ITTIA_DB.I-CUBE-ITTIADB.8.9.0
2025-09-26 10:35:50,192 [WARN] PackLoader:240 - Cannot read IP mode file for STMicroelectronics.X-CUBE-ST67W61.1.0.0
2025-09-26 10:35:50,196 [WARN] PackLoader:240 - Cannot read IP mode file for STMicroelectronics.X-CUBE-AI.10.2.0
2025-09-26 10:35:50,264 [WARN] PackLoader:240 - Cannot read IP mode file for SEGGER.I-CUBE-embOS.1.3.1
2025-09-26 10:35:50,338 [WARN] PackLoader:240 - Cannot read IP mode file for STMicroelectronics.X-CUBE-ALGOBUILD.1.4.0
2025-09-26 10:35:50,434 [WARN] PackLoader:240 - Cannot read IP mode file for STMicroelectronics.X-CUBE-MEMS1.11.3.0
2025-09-26 10:35:50,808 [INFO] WebApp:463 - Apply proxy settings
2025-09-26 10:35:50,818 [INFO] WebApp:508 - Chromium authenticates against Manually configured proxy
2025-09-26 10:35:50,830 [WARN] PackLoader:240 - Cannot read IP mode file for STMicroelectronics.X-CUBE-PM33A1.1.0.0
2025-09-26 10:35:50,831 [INFO] WebApp:516 - Username used for proxy authentication: 
2025-09-26 10:35:50,856 [WARN] PackLoader:240 - Cannot read IP mode file for STMicroelectronics.X-CUBE-AZRTOS-F4.1.1.0
2025-09-26 10:35:50,863 [WARN] PackLoader:240 - Cannot read IP mode file for Avnet-IotConnect.X-CUBE-IoTC-DA16k-PMOD.1.0.0
2025-09-26 10:35:50,876 [WARN] PackLoader:240 - Cannot read IP mode file for STMicroelectronics.X-CUBE-ISPU.2.1.0
2025-09-26 10:35:50,895 [WARN] PackLoader:240 - Cannot read IP mode file for STMicroelectronics.X-CUBE-NFC12.1.0.0
2025-09-26 10:35:50,897 [INFO] WebApp:900 - Register for checkConnection events
2025-09-26 10:35:50,897 [INFO] WebApp:463 - Apply proxy settings
2025-09-26 10:35:50,902 [INFO] WebApp:508 - Chromium authenticates against Manually configured proxy
2025-09-26 10:35:50,903 [INFO] WebApp:516 - Username used for proxy authentication: 
2025-09-26 10:35:50,926 [WARN] PackLoader:240 - Cannot read IP mode file for STMicroelectronics.X-CUBE-AZRTOS-L5.2.0.0
2025-09-26 10:35:50,943 [WARN] PackLoader:240 - Cannot read IP mode file for STMicroelectronics.X-CUBE-NFC6.3.1.0
2025-09-26 10:35:50,954 [WARN] PackLoader:240 - Cannot read IP mode file for STMicroelectronics.X-CUBE-FREERTOS.1.3.1
2025-09-26 10:35:50,959 [WARN] PackLoader:240 - Cannot read IP mode file for STMicroelectronics.FP-SNS-STAIOTCFT.1.0.0
2025-09-26 10:35:50,969 [WARN] PackLoader:240 - Cannot read IP mode file for STMicroelectronics.X-CUBE-DPower.1.3.0
2025-09-26 10:35:51,002 [WARN] ConditionMgr:438 - getConditionDescription Invalid condition id : LAN8742 Phy interface Condition cause : null
2025-09-26 10:35:51,003 [WARN] PackLoader:240 - Cannot read IP mode file for STMicroelectronics.X-CUBE-AZRTOS-L4.2.0.0
2025-09-26 10:35:51,005 [WARN] ConditionMgr:1044 - genDependencies : Invalid condition id : LAN8742 Phy interface Condition cause : null
2025-09-26 10:35:51,005 [WARN] ConditionMgr:1044 - genDependencies : Invalid condition id : LAN8742 Phy interface Condition cause : null
2025-09-26 10:35:51,005 [WARN] ConditionMgr:1044 - genDependencies : Invalid condition id : LAN8742 Phy interface Condition cause : null
2025-09-26 10:35:51,014 [WARN] PackLoader:240 - Cannot read IP mode file for STMicroelectronics.X-CUBE-SFXS2LP1.4.0.0
2025-09-26 10:35:51,026 [WARN] PackLoader:240 - Cannot read IP mode file for STMicroelectronics.X-CUBE-BLEMGR.4.1.0
2025-09-26 10:35:51,054 [WARN] ConditionMgr:438 - getConditionDescription Invalid condition id : UX DEVICE CLASS RTOS Condition cause : null
2025-09-26 10:35:51,054 [WARN] ConditionMgr:438 - getConditionDescription Invalid condition id : UX DEVICE CLASS RTOS Condition cause : null
2025-09-26 10:35:51,057 [WARN] PackLoader:240 - Cannot read IP mode file for STMicroelectronics.X-CUBE-AZRTOS-WB.2.0.0
2025-09-26 10:35:51,057 [WARN] ConditionMgr:1044 - genDependencies : Invalid condition id : UX DEVICE CLASS RTOS Condition cause : null
2025-09-26 10:35:51,058 [WARN] ConditionMgr:1044 - genDependencies : Invalid condition id : UX DEVICE CLASS RTOS Condition cause : null
2025-09-26 10:35:51,058 [WARN] ConditionMgr:1044 - genDependencies : Invalid condition id : UX DEVICE CLASS RTOS Condition cause : null
2025-09-26 10:35:51,059 [WARN] ConditionMgr:1044 - genDependencies : Invalid condition id : UX DEVICE CLASS RTOS Condition cause : null
2025-09-26 10:35:51,059 [WARN] ConditionMgr:1044 - genDependencies : Invalid condition id : UX DEVICE CLASS RTOS Condition cause : null
2025-09-26 10:35:51,064 [WARN] PackLoader:240 - Cannot read IP mode file for STMicroelectronics.X-CUBE-GNSS1.7.0.1
2025-09-26 10:35:51,070 [WARN] PackLoader:240 - Cannot read IP mode file for STMicroelectronics.X-CUBE-TOUCHGFX.4.25.0
2025-09-26 10:35:51,073 [WARN] ConditionMgr:438 - getConditionDescription Invalid condition id : Cortex-A Device cause : null
2025-09-26 10:35:51,086 [WARN] ConditionMgr:1044 - genDependencies : Invalid condition id : Cortex-A Device cause : null
2025-09-26 10:35:51,086 [WARN] ConditionMgr:1044 - genDependencies : Invalid condition id : Cortex-A Device cause : null
2025-09-26 10:35:51,086 [WARN] ConditionMgr:1044 - genDependencies : Invalid condition id : Cortex-A Device cause : null
2025-09-26 10:35:51,098 [WARN] PackLoader:240 - Cannot read IP mode file for STMicroelectronics.X-CUBE-SUBG2.5.0.0
2025-09-26 10:35:51,127 [WARN] PackLoader:240 - Cannot read IP mode file for STMicroelectronics.X-CUBE-AZRTOS-H7RS.1.1.0
2025-09-26 10:35:51,152 [WARN] PackLoader:240 - Cannot read IP mode file for STMicroelectronics.X-CUBE-AZRTOS-G4.2.0.0
2025-09-26 10:35:51,158 [WARN] PackLoader:240 - Cannot read IP mode file for wolfSSL.I-CUBE-wolfSSH.1.4.20
2025-09-26 10:35:51,162 [WARN] PackLoader:240 - Cannot read IP mode file for STMicroelectronics.X-CUBE-NFC7.2.0.0
2025-09-26 10:35:51,176 [WARN] PackLoader:240 - Cannot read IP mode file for STMicroelectronics.X-CUBE-IPS.3.1.0
2025-09-26 10:35:51,188 [WARN] PackLoader:240 - Cannot read IP mode file for STMicroelectronics.X-CUBE-ALS.1.0.2
2025-09-26 10:35:51,196 [WARN] PackLoader:240 - Cannot read IP mode file for STMicroelectronics.X-CUBE-STSE01.1.0.0
2025-09-26 10:35:51,209 [WARN] PackLoader:240 - Cannot read IP mode file for STMicroelectronics.X-CUBE-TOF1.3.4.3
2025-09-26 10:35:51,225 [INFO] ThirdParty:978 - Integrity check success = true
2025-09-26 10:35:51,225 [INFO] IntegrityCheckThread:100 - exiting critical section [integrity check]
2025-09-26 10:35:51,225 [INFO] IntegrityCheckThread:103 - End integrity checks thread
2025-09-26 10:35:51,232 [INFO] WebApp:225 - Starting web application
2025-09-26 10:35:51,233 [INFO] WebApp:593 - Web application path used /Applications/STM32CubeIDE.app/Contents/Eclipse/plugins/com.st.stm32cube.common.mx_6.15.0.202507011659/db/plugins/mcufinder/reactClient1/index.html
2025-09-26 10:35:52,465 [INFO] WebApp:191 - Connection restablished
2025-09-26 10:35:57,265 [INFO] McuFinderGlobals:63 - Set McuFinder mode to 2 (CubeIDE integrated)
2025-09-26 10:35:57,269 [INFO] MainUpdater:2872 - connection check result : 10
2025-09-26 10:35:59,261 [INFO] ApiDb:581 - Connected to CubeFinder SQLite database (/Users/admin/.stmcufinder/plugins/mcufinder/mcu/cube-finder-db.db)
2025-09-26 10:35:59,458 [INFO] ApiDb:668 - CubeFinder database Data Model version=2.1
2025-09-26 10:35:59,458 [INFO] ApiDb:669 - CubeFinder database Configuration version=3.0.39
2025-09-26 10:35:59,458 [INFO] ApiDb:670 - CubeFinder database generation date=2025-08-25 (1756130511)
2025-09-26 10:35:59,458 [INFO] ApiDb:671 - CubeFinder database FW Pack versions=[FP-ATR-ASTRA1_V2.0.0, FP-SNS-FLIGHT1_V5.1.0, FP-SNS-MOTENV1_V5.0.0, FP-SNS-MOTENVWB1_V1.4.0, FP-SNS-SMARTAG2_V1.2.0, FP-SNS-STBOX1_V2.1.0, STM32Cube_FW_C0_V1.4.0, STM32Cube_FW_F4_V1.28.3, STM32Cube_FW_F7_V1.17.4, STM32Cube_FW_G0_V1.6.2, STM32Cube_FW_G4_V1.6.1, STM32Cube_FW_H5_V1.5.0, STM32Cube_FW_H7RS_V1.2.0, STM32Cube_FW_H7_V1.12.1, STM32Cube_FW_L0_V1.12.2, STM32Cube_FW_L4_V1.18.1, STM32Cube_FW_L5_V1.5.1, STM32Cube_FW_N6_V1.2.0, STM32Cube_FW_U0_V1.3.0, STM32Cube_FW_U3_V1.2.0, STM32Cube_FW_U5_V1.8.0, STM32Cube_FW_WB0_V1.3.0, STM32Cube_FW_WBA_V1.7.0, STM32Cube_FW_WB_V1.23.0, STM32Cube_FW_WL3_V1.2.0, STM32Cube_FW_WL_V1.3.1, X-CUBE-ALGOBUILD_V1.4.0, X-CUBE-ALS_V1.0.2, X-CUBE-AZRTOS-F4_V1.1.0, X-CUBE-AZRTOS-F7_V1.1.0, X-CUBE-AZRTOS-G0_V1.1.0, X-CUBE-AZRTOS-G4_V2.0.0, X-CUBE-AZRTOS-H7RS_V1.1.0, X-CUBE-AZRTOS-H7_V3.4.0, X-CUBE-AZRTOS-L4_V2.0.0, X-CUBE-AZRTOS-L5_V2.0.0, X-CUBE-AZRTOS-WB_V2.0.0, X-CUBE-AZRTOS-WL_V2.0.0, X-CUBE-BLE1_V7.1.0, X-CUBE-BLE2_V3.3.0, X-CUBE-BLEMGR_V4.1.0, X-CUBE-EEPRMA1_V5.2.0, X-CUBE-FREERTOS_V1.3.1, X-CUBE-GNSS1_V6.0.0, X-CUBE-MEMS1_V11.3.0, X-CUBE-NFC4_V3.0.0, X-CUBE-NFC7_V2.0.0, X-CUBE-SFXS2LP1_V4.0.0, X-CUBE-ST67W61_V1.0.0, X-CUBE-SUBG2_V5.0.0, X-CUBE-TOF1_V3.4.3]
2025-09-26 10:36:03,801 [INFO] ApiDb:240 - Found 880 in-development CPN: [B-G473E-ZEST1S, B-WB1M-WPAN1, B-WBA5M-WPAN, B-WL5M-SUBG1, NUCLEO-C031C6, NUCLEO-C051C8, NUCLEO-C071RB, NUCLEO-C092RC, NUCLEO-H503RB, NUCLEO-H533RE, NUCLEO-H563ZI, NUCLEO-H7S3L8, NUCLEO-N657X0-Q, NUCLEO-U031R8, NUCLEO-U083RC, NUCLEO-U385RG-Q, NUCLEO-U545RE-Q, NUCLEO-U5A5ZJ-Q, NUCLEO-WB05KZ, NUCLEO-WB07CC, NUCLEO-WB09KE, NUCLEO-WBA52CG, NUCLEO-WBA55CG, NUCLEO-WL33CC1, NUCLEO-WL33CC2, STEVAL-PROTEUS1, STEVAL-SMARTAG2, STEVAL-STWINBX1, STM320518-EVAL, STM32C0116-DK, STM32C011D6Y3TR, STM32C011D6Y6TR, STM32C011F4P3, STM32C011F4P6, STM32C011F4U3, STM32C011F4U6TR, STM32C011F6P3, STM32C011F6P6, STM32C011F6U3, STM32C011F6U6TR, STM32C011J4M3, STM32C011J4M6, STM32C011J6M3, STM32C011J6M6, STM32C0316-DK, STM32C031C4T3, STM32C031C4T6, STM32C031C4U3, STM32C031C4U6, STM32C031C6T3, STM32C031C6T6, STM32C031C6U3, STM32C031C6U6, STM32C031F4P3, STM32C031F4P6, STM32C031F6P3, STM32C031F6P6, STM32C031G4U3, STM32C031G4U6, STM32C031G6U3, STM32C031G6U6, STM32C031K4T3, STM32C031K4T6, STM32C031K4U3, STM32C031K4U6, STM32C031K6T3, STM32C031K6T6, STM32C031K6U3, STM32C031K6U6, STM32C051C6T6, STM32C051C6U6, STM32C051C8T6, STM32C051C8U6, STM32C051D8Y6TR, STM32C051F6P6, STM32C051F8P6, STM32C051G6U6, STM32C051G8U6, STM32C051K6T6, STM32C051K6U6, STM32C051K8T6, STM32C071C8T6, STM32C071C8T6N, STM32C071C8U6, STM32C071C8U6N, STM32C071CBT6, STM32C071CBT6N, STM32C071CBU6, STM32C071CBU6N, STM32C071F8P6, STM32C071F8P6N, STM32C071FBP6, STM32C071FBP6N, STM32C071FBY6TR, STM32C071G8U6, STM32C071G8U6N, STM32C071GBU6, STM32C071GBU6N, STM32C071K8T6, STM32C071K8T6N, STM32C071K8U6, STM32C071K8U6N, STM32C071KBT6, STM32C071KBT6N, STM32C071KBU6, STM32C071KBU6N, STM32C071R8T6, STM32C071R8T6N, STM32C071RBI6N, STM32C071RBT6, STM32C071RBT6N, STM32C091CBT6, STM32C091CBU6, STM32C091CCT6, STM32C091CCU6, STM32C091ECY6TR, STM32C091FBP6, STM32C091FCP6, STM32C091GBU6, STM32C091GCU6, STM32C091KBT6, STM32C091KBU6, STM32C091KCT6, STM32C091KCU6, STM32C091RBT6, STM32C091RCI6, STM32C091RCT6, STM32C092CBT6, STM32C092CBU6, STM32C092CCT6, STM32C092CCU6, STM32C092ECY6TR, STM32C092FBP6, STM32C092FCP6, STM32C092GBU6, STM32C092GCU6, STM32C092KBT6, STM32C092KBU6, STM32C092KCT6, STM32C092KCU6, STM32C092RBT6, STM32C092RCI6, STM32C092RCT6, STM32G071K8TXN, STM32G071K8UXN, STM32G081GBU6N, STM32G081KBT6N, STM32G081KBUXN, STM32G0B1CCT6N, STM32G0B1KCT6, STM32G0B1NEY6TR, STM32G0B1RCT6N, STM32G0C1CCT6, STM32G0C1CCT6N, STM32G0C1CCU6N, STM32G0C1CET6N, STM32G0C1CEU6N, STM32G0C1KCT6, STM32G0C1NEY6TR, STM32G0C1RCI6N, STM32G0C1RCT6N, STM32G0C1REI6N, STM32G0C1RET6N, STM32G0C1VCI6, STM32G0C1VEI6, STM32G411C6T3, STM32G411C6T6, STM32G411C6U3, STM32G411C6U6, STM32G411C8T3, STM32G411C8T6, STM32G411C8U3, STM32G411C8U6, STM32G411CBT3, STM32G411CBT6, STM32G411CBU3, STM32G411CBU6, STM32G411K6T3, STM32G411K6T6, STM32G411K6U3, STM32G411K6U6, STM32G411K8T3, STM32G411K8T6, STM32G411K8U3, STM32G411K8U6, STM32G411KBT3, STM32G411KBT6, STM32G411KBU3, STM32G411KBU6, STM32G411M6T3, STM32G411M6T6, STM32G411M8T3, STM32G411M8T6, STM32G411MBT3, STM32G411MBT6, STM32G411R6T3, STM32G411R6T6, STM32G411R8T3, STM32G411R8T6, STM32G411RBT3, STM32G411RBT6, STM32G414CBT3, STM32G414CBT6, STM32G414CBU3, STM32G414CBU6, STM32G414CCT3, STM32G414CCT6, STM32G414CCU3, STM32G414CCU6, STM32G414MBT3, STM32G414MBT6, STM32G414MCT3, STM32G414MCT6, STM32G414RBT3, STM32G414RBT6, STM32G414RCT3, STM32G414RCT6, STM32G414VBT3, STM32G414VBT6, STM32G414VCT3, STM32G414VCT6, STM32G431CBT3Z, STM32G431RBT3Z, STM32G471CCT6, STM32G471CCU6, STM32G471CET3, STM32G471CET6, STM32G471CEU3, STM32G471CEU6, STM32G471MCT6, STM32G471MET3, STM32G471MET6, STM32G471MEY6TR, STM32G471QCT6, STM32G471QET3, STM32G471RCT6, STM32G471RET3, STM32G471RET6, STM32G471VCH6, STM32G471VCI6, STM32G471VCT6, STM32G471VEH3, STM32G471VEH6, STM32G471VEI3, STM32G471VEI6, STM32G471VET3, STM32G471VET6, STM32G473QET3Z, STM32G473RET3Z, STM32G474CCT6, STM32G491RET3Z, STM32H503CBT6, STM32H503CBU6, STM32H503EBY6TR, STM32H503KBU6, STM32H503RBT6, STM32H523CCT6, STM32H523CCU6, STM32H523CET6, STM32H523CEU6, STM32H523HEY6TR, STM32H523RCT6, STM32H523RET6, STM32H523VCI6, STM32H523VCT6, STM32H523VEI6, STM32H523VET6, STM32H523ZCJ6, STM32H523ZCT6, STM32H523ZEJ6, STM32H523ZET6, STM32H533CET6, STM32H533CEU6, STM32H533HEY6TR, STM32H533RET6, STM32H533VEI6, STM32H533VET6, STM32H533ZEJ6, STM32H533ZET6, STM32H562AGI6, STM32H562AII6, STM32H562IGK6, STM32H562IGT6, STM32H562IIK6, STM32H562IIT6, STM32H562RGT6, STM32H562RGV6, STM32H562RIT6, STM32H562RIV6, STM32H562VGT6, STM32H562VIT6, STM32H562ZGT6, STM32H562ZIT6, STM32H563AGI6, STM32H563AII3Q, STM32H563AII6, STM32H563IGK6, STM32H563IGT6, STM32H563IIK3Q, STM32H563IIK6, STM32H563IIT3Q, STM32H563IIT6, STM32H563MIY3QTR, STM32H563RGT6, STM32H563RGV6, STM32H563RIT6, STM32H563RIV6, STM32H563VGT6, STM32H563VIT3Q, STM32H563VIT6, STM32H563ZGT6, STM32H563ZIT3Q, STM32H563ZIT6, STM32H573AII3Q, STM32H573AII6, STM32H573I-DK, STM32H573IIK3Q, STM32H573IIK6, STM32H573IIT3Q, STM32H573IIT6, STM32H573MIY3QTR, STM32H573RIT6, STM32H573RIV6, STM32H573VIT3Q, STM32H573VIT6, STM32H573ZIT3Q, STM32H573ZIT6, STM32H7R3A8I6, STM32H7R3I8K6, STM32H7R3I8T6, STM32H7R3L8H6, STM32H7R3L8H6H, STM32H7R3R8V6, STM32H7R3V8H6, STM32H7R3V8T6, STM32H7R3V8Y6TR, STM32H7R3Z8J6, STM32H7R3Z8T6, STM32H7R7A8I6, STM32H7R7I8K6, STM32H7R7I8T6, STM32H7R7L8H6, STM32H7R7L8H6H, STM32H7R7Z8J6, STM32H7S3A8I6, STM32H7S3I8K6, STM32H7S3I8T6, STM32H7S3L8H6, STM32H7S3L8H6H, STM32H7S3R8V6, STM32H7S3V8H6, STM32H7S3V8T6, STM32H7S3V8Y6TR, STM32H7S3Z8J6, STM32H7S3Z8T6, STM32H7S78-DK, STM32H7S7A8I6, STM32H7S7I8K6, STM32H7S7I8T6, STM32H7S7L8H6, STM32H7S7L8H6H, STM32H7S7Z8J6, STM32L4R5QGI6STR, STM32MP131AAE3, STM32MP131AAF3, STM32MP131AAG3, STM32MP131CAE3, STM32MP131CAF3, STM32MP131CAG3, STM32MP131DAE7, STM32MP131DAF7, STM32MP131DAG7, STM32MP131FAE7, STM32MP131FAF7, STM32MP131FAG7, STM32MP133AAE3, STM32MP133AAF3, STM32MP133AAG3, STM32MP133CAE3, STM32MP133CAF3, STM32MP133CAG3, STM32MP133DAE7, STM32MP133DAF7, STM32MP133DAG7, STM32MP133FAE7, STM32MP133FAF7, STM32MP133FAG7, STM32MP135AAE3, STM32MP135AAF3, STM32MP135AAG3, STM32MP135CAE3, STM32MP135CAF3, STM32MP135CAG3, STM32MP135DAE7, STM32MP135DAF7, STM32MP135DAG7, STM32MP135F-DK, STM32MP135FAE7, STM32MP135FAF7, STM32MP135FAF7T, STM32MP135FAF7U, STM32MP135FAG7, STM32MP211AAL3, STM32MP211AAM3, STM32MP211AAN3, STM32MP211AAO3, STM32MP211CAL3, STM32MP211CAM3, STM32MP211CAN3, STM32MP211CAO3, STM32MP211DAL3, STM32MP211DAM3, STM32MP211DAN3, STM32MP211DAO3, STM32MP211FAL3, STM32MP211FAM3, STM32MP211FAN3, STM32MP211FAO3, STM32MP213AAL3, STM32MP213AAM3, STM32MP213AAN3, STM32MP213AAO3, STM32MP213CAL3, STM32MP213CAM3, STM32MP213CAN3, STM32MP213CAO3, STM32MP213DAL3, STM32MP213DAM3, STM32MP213DAN3, STM32MP213DAO3, STM32MP213FAL3, STM32MP213FAM3, STM32MP213FAN3, STM32MP213FAO3, STM32MP215AAL3, STM32MP215AAM3, STM32MP215AAN3, STM32MP215AAO3, STM32MP215CAL3, STM32MP215CAM3, STM32MP215CAN3, STM32MP215CAO3, STM32MP215DAL3, STM32MP215DAM3, STM32MP215DAN3, STM32MP215DAO3, STM32MP215F-DK, STM32MP215FAL3, STM32MP215FAM3, STM32MP215FAN3, STM32MP215FAO3, STM32MP231AAJ3, STM32MP231AAK3, STM32MP231AAL3, STM32MP231CAJ3, STM32MP231CAK3, STM32MP231CAL3, STM32MP231DAJ3, STM32MP231DAK3, STM32MP231DAL3, STM32MP231FAJ3, STM32MP231FAK3, STM32MP231FAL3, STM32MP233AAJ3, STM32MP233AAK3, STM32MP233AAL3, STM32MP233CAJ3, STM32MP233CAK3, STM32MP233CAL3, STM32MP233DAJ3, STM32MP233DAK3, STM32MP233DAL3, STM32MP233FAJ3, STM32MP233FAK3, STM32MP233FAL3, STM32MP235AAJ3, STM32MP235AAK3, STM32MP235AAL3, STM32MP235CAJ3, STM32MP235CAK3, STM32MP235CAL3, STM32MP235DAJ3, STM32MP235DAK3, STM32MP235DAL3, STM32MP235FAJ3, STM32MP235FAK3, STM32MP235FAL3, STM32MP251AAI3, STM32MP251AAK3, STM32MP251AAL3, STM32MP251CAI3, STM32MP251CAK3, STM32MP251CAL3, STM32MP251DAI3, STM32MP251DAK3, STM32MP251DAL3, STM32MP251FAI3, STM32MP251FAK3, STM32MP251FAL3, STM32MP253AAI3, STM32MP253AAK3, STM32MP253AAL3, STM32MP253CAI3, STM32MP253CAK3, STM32MP253CAL3, STM32MP253DAI3, STM32MP253DAK3, STM32MP253DAL3, STM32MP253FAI3, STM32MP253FAK3, STM32MP253FAL3, STM32MP255AAI3, STM32MP255AAK3, STM32MP255AAL3, STM32MP255CAI3, STM32MP255CAK3, STM32MP255CAL3, STM32MP255DAI3, STM32MP255DAK3, STM32MP255DAL3, STM32MP255FAI3, STM32MP255FAK3, STM32MP255FAL3, STM32MP257AAI3, STM32MP257AAK3, STM32MP257AAL3, STM32MP257CAI3, STM32MP257CAK3, STM32MP257CAL3, STM32MP257DAI3, STM32MP257DAK3, STM32MP257DAL3, STM32MP257F-DK, STM32MP257F-EV1, STM32MP257FAI3, STM32MP257FAK3, STM32MP257FAL3, STM32N645A0H3Q, STM32N645B0H3Q, STM32N645I0H3Q, STM32N645L0H3Q, STM32N645X0H3Q, STM32N645Z0H3Q, STM32N647A0H3Q, STM32N647B0H3Q, STM32N647I0H3Q, STM32N647L0H3Q, STM32N647X0H3Q, STM32N647Z0H3Q, STM32N655A0H3Q, STM32N655B0H3Q, STM32N655I0H3Q, STM32N655L0H3Q, STM32N655X0H3Q, STM32N655Z0H3Q, STM32N6570-DK, STM32N657A0H3Q, STM32N657B0H3Q, STM32N657I0H3Q, STM32N657L0H3Q, STM32N657X0H3Q, STM32N657Z0H3Q, STM32U031C6T6, STM32U031C6U6, STM32U031C8T6, STM32U031C8U6, STM32U031F4P6, STM32U031F6P6, STM32U031F8P6, STM32U031G6Y6TR, STM32U031G8Y6TR, STM32U031K4U6, STM32U031K6U6, STM32U031K8U6, STM32U031R6I6, STM32U031R6T6, STM32U031R8I6, STM32U031R8T6, STM32U073C8T6, STM32U073C8U6, STM32U073CBT6, STM32U073CBU6, STM32U073CCT6, STM32U073CCU6, STM32U073H8Y6TR, STM32U073HBY6TR, STM32U073HCY6TR, STM32U073K8U6, STM32U073KBU6, STM32U073KCU6, STM32U073M8I6, STM32U073M8T6, STM32U073MBI6, STM32U073MBT6, STM32U073MCI6, STM32U073MCT6, STM32U073R8I6, STM32U073R8T6, STM32U073RBI6, STM32U073RBT6, STM32U073RCI6, STM32U073RCT6, STM32U083C-DK, STM32U083CCT6, STM32U083CCU6, STM32U083HCY6TR, STM32U083KCU6, STM32U083MCI6, STM32U083MCT6, STM32U083RCI6, STM32U083RCT6, STM32U375CET6, STM32U375CET6Q, STM32U375CEU6, STM32U375CEU6Q, STM32U375CEY6QTR, STM32U375CGT6, STM32U375CGT6Q, STM32U375CGU6, STM32U375CGU6Q, STM32U375CGY6QTR, STM32U375KEU6, STM32U375KGU6, STM32U375REI6, STM32U375REI6Q, STM32U375RET6, STM32U375RET6Q, STM32U375REY6GTR, STM32U375REY6QTR, STM32U375RGI6, STM32U375RGI6Q, STM32U375RGT6, STM32U375RGT6Q, STM32U375RGY6GTR, STM32U375RGY6QTR, STM32U375VEI6, STM32U375VEI6Q, STM32U375VET6, STM32U375VET6Q, STM32U375VGI6, STM32U375VGI6Q, STM32U375VGT6, STM32U375VGT6Q, STM32U385CGT6, STM32U385CGT6Q, STM32U385CGU6, STM32U385CGU6Q, STM32U385CGY6QTR, STM32U385KGU6, STM32U385RGI6, STM32U385RGI6Q, STM32U385RGT6, STM32U385RGT6Q, STM32U385RGY6GTR, STM32U385RGY6QTR, STM32U385VGI6, STM32U385VGI6Q, STM32U385VGT6, STM32U385VGT6Q, STM32U535CBT6, STM32U535CBT6Q, STM32U535CBU6, STM32U535CBU6Q, STM32U535CCT6, STM32U535CCT6Q, STM32U535CCU6, STM32U535CCU6Q, STM32U535CET6, STM32U535CET6Q, STM32U535CEU6, STM32U535CEU6Q, STM32U535JEY6QTR, STM32U535NCY6QTR, STM32U535NEY6QTR, STM32U535RBI6, STM32U535RBI6Q, STM32U535RBT6, STM32U535RBT6Q, STM32U535RCI6, STM32U535RCI6Q, STM32U535RCT6, STM32U535RCT6Q, STM32U535REI6, STM32U535REI6Q, STM32U535RET6, STM32U535RET6Q, STM32U535VCI6, STM32U535VCI6Q, STM32U535VCT6, STM32U535VCT6Q, STM32U535VEI6, STM32U535VEI6Q, STM32U535VET6, STM32U535VET6Q, STM32U545CET6, STM32U545CET6Q, STM32U545CEU6, STM32U545CEU6Q, STM32U545JEY6QTR, STM32U545NEY6QTR, STM32U545REI6, STM32U545REI6Q, STM32U545RET6, STM32U545RET6Q, STM32U545VEI6, STM32U545VEI6Q, STM32U545VET6, STM32U545VET6Q, STM32U595AIH6, STM32U595AIH6Q, STM32U595AJH6, STM32U595AJH6Q, STM32U595QII6, STM32U595QII6Q, STM32U595QJI6, STM32U595QJI6Q, STM32U595RIT6, STM32U595RIT6Q, STM32U595RJT6, STM32U595RJT6Q, STM32U595VIT6, STM32U595VIT6Q, STM32U595VJT6, STM32U595VJT6Q, STM32U595ZIT6, STM32U595ZIT6Q, STM32U595ZIY6QTR, STM32U595ZJT6, STM32U595ZJT6Q, STM32U595ZJY6QTR, STM32U599BJY6QTR, STM32U599NIH6Q, STM32U599NJH6Q, STM32U599VIT6Q, STM32U599VJT6, STM32U599VJT6Q, STM32U599ZIT6Q, STM32U599ZIY6QTR, STM32U599ZJT6Q, STM32U599ZJY6QTR, STM32U5A5AJH6, STM32U5A5AJH6Q, STM32U5A5QII3Q , STM32U5A5QJI6, STM32U5A5QJI6Q, STM32U5A5RJT6, STM32U5A5RJT6Q, STM32U5A5VJT6, STM32U5A5VJT6Q, STM32U5A5ZJT6, STM32U5A5ZJT6Q, STM32U5A5ZJY6QTR, STM32U5A9BJY6QTR, STM32U5A9J-DK, STM32U5A9NJH6Q, STM32U5A9VJT6Q, STM32U5A9ZJT6Q, STM32U5A9ZJY6QTR, STM32U5F7VIT6, STM32U5F7VIT6Q, STM32U5F7VJT6, STM32U5F7VJT6Q, STM32U5F9BJY6QTR, STM32U5F9NJH6Q, STM32U5F9VIT6Q, STM32U5F9VJT6Q, STM32U5F9ZIJ6QTR, STM32U5F9ZIT6Q, STM32U5F9ZJJ6QTR, STM32U5F9ZJT6Q, STM32U5G7VJT6, STM32U5G7VJT6Q, STM32U5G9BJY6QTR, STM32U5G9J-DK1, STM32U5G9J-DK2, STM32U5G9NJH6Q, STM32U5G9VJT6Q, STM32U5G9ZJJ6QTR, STM32U5G9ZJT6Q, STM32WB05KZV6TR, STM32WB05KZV7TR, STM32WB05TZF6TR, STM32WB05TZF7TR, STM32WB06CCF6TR, STM32WB06CCF7TR, STM32WB06CCV6TR, STM32WB06CCV7TR, STM32WB06KCV6TR, STM32WB06KCV7TR, STM32WB07CCF6TR, STM32WB07CCF7TR, STM32WB07CCV6TR, STM32WB07CCV7TR, STM32WB07KCV6TR, STM32WB07KCV7TR, STM32WB09KEV6TR, STM32WB09KEV7TR, STM32WB09TEF6TR, STM32WB09TEF7TR, STM32WB1MMCH6, STM32WBA50KGU6, STM32WBA50KGU6TR, STM32WBA52CEU6, STM32WBA52CEU6TR, STM32WBA52CEU7, STM32WBA52CEU7TR, STM32WBA52CGU6, STM32WBA52CGU6TR, STM32WBA52CGU6U, STM32WBA52CGU7, STM32WBA52CGU7TR, STM32WBA52KEU6, STM32WBA52KEU6TR, STM32WBA52KGU6, STM32WBA52KGU6TR, STM32WBA54CEU6, STM32WBA54CEU6TR, STM32WBA54CEU7, STM32WBA54CEU7TR, STM32WBA54CGU6, STM32WBA54CGU6TR, STM32WBA54CGU7, STM32WBA54CGU7TR, STM32WBA54KEU6, STM32WBA54KEU6TR, STM32WBA54KEU7, STM32WBA54KEU7TR, STM32WBA54KGU6, STM32WBA54KGU6TR, STM32WBA54KGU7, STM32WBA54KGU7TR, STM32WBA55CEU6, STM32WBA55CEU6TR, STM32WBA55CEU7, STM32WBA55CEU7TR, STM32WBA55CGU6, STM32WBA55CGU6TR, STM32WBA55CGU6U, STM32WBA55CGU7, STM32WBA55CGU7TR, STM32WBA55G-DK1, STM32WBA55HEF6, STM32WBA55HEF7, STM32WBA55HGF6, STM32WBA55HGF7, STM32WBA55UEI6, STM32WBA55UEI6TR, STM32WBA55UEI7, STM32WBA55UEI7TR, STM32WBA55UGI6, STM32WBA55UGI6TR, STM32WBA55UGI7, STM32WBA55UGI7TR, STM32WBA5MMGH6TR, STM32WBA62MGF6, STM32WBA62MIF6, STM32WBA65MGF7, STM32WBA65MIF6, STM32WBA65MIF7, STM32WL30K8V6, STM32WL30KBV6, STM32WL31C8V6, STM32WL31CBV6, STM32WL31K8V6, STM32WL31KBV6, STM32WL33C8V6, STM32WL33C8V6X, STM32WL33CBV6, STM32WL33CBV6X, STM32WL33CCV6, STM32WL33CCV6A, STM32WL33CCV6X, STM32WL33K8V7, STM32WL33K8V7X, STM32WL33KBV7 , STM32WL33KBV7X, STM32WL33KCV7, STM32WL33KCV7X, STM32WL5MOCH6, STM32WL5MOCH6TR]
2025-09-26 10:36:03,811 [INFO] DbMcus:218 - Found 4801 MCUs, 4801 are supported
2025-09-26 10:36:03,812 [INFO] ApiDb:423 - Load user favorites file /Users/admin/.stm32cubeide/favorites.mcus.txt: 0 item(s)
2025-09-26 10:36:03,812 [INFO] ApiDb:427 - User favorites MCUs=[]
2025-09-26 10:36:03,812 [INFO] DbMcus:224 - Set 0 / 0 favorites MCUs
2025-09-26 10:36:04,622 [INFO] ApiDb:668 - CubeFinder database Data Model version=2.1
2025-09-26 10:36:04,622 [INFO] ApiDb:669 - CubeFinder database Configuration version=3.0.39
2025-09-26 10:36:04,623 [INFO] ApiDb:670 - CubeFinder database generation date=2025-08-25 (1756130511)
2025-09-26 10:36:04,623 [INFO] ApiDb:671 - CubeFinder database FW Pack versions=[FP-ATR-ASTRA1_V2.0.0, FP-SNS-FLIGHT1_V5.1.0, FP-SNS-MOTENV1_V5.0.0, FP-SNS-MOTENVWB1_V1.4.0, FP-SNS-SMARTAG2_V1.2.0, FP-SNS-STBOX1_V2.1.0, STM32Cube_FW_C0_V1.4.0, STM32Cube_FW_F4_V1.28.3, STM32Cube_FW_F7_V1.17.4, STM32Cube_FW_G0_V1.6.2, STM32Cube_FW_G4_V1.6.1, STM32Cube_FW_H5_V1.5.0, STM32Cube_FW_H7RS_V1.2.0, STM32Cube_FW_H7_V1.12.1, STM32Cube_FW_L0_V1.12.2, STM32Cube_FW_L4_V1.18.1, STM32Cube_FW_L5_V1.5.1, STM32Cube_FW_N6_V1.2.0, STM32Cube_FW_U0_V1.3.0, STM32Cube_FW_U3_V1.2.0, STM32Cube_FW_U5_V1.8.0, STM32Cube_FW_WB0_V1.3.0, STM32Cube_FW_WBA_V1.7.0, STM32Cube_FW_WB_V1.23.0, STM32Cube_FW_WL3_V1.2.0, STM32Cube_FW_WL_V1.3.1, X-CUBE-ALGOBUILD_V1.4.0, X-CUBE-ALS_V1.0.2, X-CUBE-AZRTOS-F4_V1.1.0, X-CUBE-AZRTOS-F7_V1.1.0, X-CUBE-AZRTOS-G0_V1.1.0, X-CUBE-AZRTOS-G4_V2.0.0, X-CUBE-AZRTOS-H7RS_V1.1.0, X-CUBE-AZRTOS-H7_V3.4.0, X-CUBE-AZRTOS-L4_V2.0.0, X-CUBE-AZRTOS-L5_V2.0.0, X-CUBE-AZRTOS-WB_V2.0.0, X-CUBE-AZRTOS-WL_V2.0.0, X-CUBE-BLE1_V7.1.0, X-CUBE-BLE2_V3.3.0, X-CUBE-BLEMGR_V4.1.0, X-CUBE-EEPRMA1_V5.2.0, X-CUBE-FREERTOS_V1.3.1, X-CUBE-GNSS1_V6.0.0, X-CUBE-MEMS1_V11.3.0, X-CUBE-NFC4_V3.0.0, X-CUBE-NFC7_V2.0.0, X-CUBE-SFXS2LP1_V4.0.0, X-CUBE-ST67W61_V1.0.0, X-CUBE-SUBG2_V5.0.0, X-CUBE-TOF1_V3.4.3]
2025-09-26 10:36:04,733 [INFO] DbBoardsSqlite:226 - include board P-NUCLEO-WB55-NUCLEO as a kit item of type 'Nucleo-64'
2025-09-26 10:36:04,733 [INFO] DbBoardsSqlite:226 - include board P-NUCLEO-WB55-USBDONGLE as a kit item of type 'Nucleo USB Dongle'
2025-09-26 10:36:04,734 [INFO] DbBoardsSqlite:226 - include board STEVAL-IDP005V1 as a kit item of type 'Evaluation Board'
2025-09-26 10:36:04,734 [INFO] DbBoardsSqlite:226 - include board STEVAL-IDP005V2 as a kit item of type 'Evaluation Board'
2025-09-26 10:36:04,838 [INFO] ApiDb:240 - Found 880 in-development CPN: [B-G473E-ZEST1S, B-WB1M-WPAN1, B-WBA5M-WPAN, B-WL5M-SUBG1, NUCLEO-C031C6, NUCLEO-C051C8, NUCLEO-C071RB, NUCLEO-C092RC, NUCLEO-H503RB, NUCLEO-H533RE, NUCLEO-H563ZI, NUCLEO-H7S3L8, NUCLEO-N657X0-Q, NUCLEO-U031R8, NUCLEO-U083RC, NUCLEO-U385RG-Q, NUCLEO-U545RE-Q, NUCLEO-U5A5ZJ-Q, NUCLEO-WB05KZ, NUCLEO-WB07CC, NUCLEO-WB09KE, NUCLEO-WBA52CG, NUCLEO-WBA55CG, NUCLEO-WL33CC1, NUCLEO-WL33CC2, STEVAL-PROTEUS1, STEVAL-SMARTAG2, STEVAL-STWINBX1, STM320518-EVAL, STM32C0116-DK, STM32C011D6Y3TR, STM32C011D6Y6TR, STM32C011F4P3, STM32C011F4P6, STM32C011F4U3, STM32C011F4U6TR, STM32C011F6P3, STM32C011F6P6, STM32C011F6U3, STM32C011F6U6TR, STM32C011J4M3, STM32C011J4M6, STM32C011J6M3, STM32C011J6M6, STM32C0316-DK, STM32C031C4T3, STM32C031C4T6, STM32C031C4U3, STM32C031C4U6, STM32C031C6T3, STM32C031C6T6, STM32C031C6U3, STM32C031C6U6, STM32C031F4P3, STM32C031F4P6, STM32C031F6P3, STM32C031F6P6, STM32C031G4U3, STM32C031G4U6, STM32C031G6U3, STM32C031G6U6, STM32C031K4T3, STM32C031K4T6, STM32C031K4U3, STM32C031K4U6, STM32C031K6T3, STM32C031K6T6, STM32C031K6U3, STM32C031K6U6, STM32C051C6T6, STM32C051C6U6, STM32C051C8T6, STM32C051C8U6, STM32C051D8Y6TR, STM32C051F6P6, STM32C051F8P6, STM32C051G6U6, STM32C051G8U6, STM32C051K6T6, STM32C051K6U6, STM32C051K8T6, STM32C071C8T6, STM32C071C8T6N, STM32C071C8U6, STM32C071C8U6N, STM32C071CBT6, STM32C071CBT6N, STM32C071CBU6, STM32C071CBU6N, STM32C071F8P6, STM32C071F8P6N, STM32C071FBP6, STM32C071FBP6N, STM32C071FBY6TR, STM32C071G8U6, STM32C071G8U6N, STM32C071GBU6, STM32C071GBU6N, STM32C071K8T6, STM32C071K8T6N, STM32C071K8U6, STM32C071K8U6N, STM32C071KBT6, STM32C071KBT6N, STM32C071KBU6, STM32C071KBU6N, STM32C071R8T6, STM32C071R8T6N, STM32C071RBI6N, STM32C071RBT6, STM32C071RBT6N, STM32C091CBT6, STM32C091CBU6, STM32C091CCT6, STM32C091CCU6, STM32C091ECY6TR, STM32C091FBP6, STM32C091FCP6, STM32C091GBU6, STM32C091GCU6, STM32C091KBT6, STM32C091KBU6, STM32C091KCT6, STM32C091KCU6, STM32C091RBT6, STM32C091RCI6, STM32C091RCT6, STM32C092CBT6, STM32C092CBU6, STM32C092CCT6, STM32C092CCU6, STM32C092ECY6TR, STM32C092FBP6, STM32C092FCP6, STM32C092GBU6, STM32C092GCU6, STM32C092KBT6, STM32C092KBU6, STM32C092KCT6, STM32C092KCU6, STM32C092RBT6, STM32C092RCI6, STM32C092RCT6, STM32G071K8TXN, STM32G071K8UXN, STM32G081GBU6N, STM32G081KBT6N, STM32G081KBUXN, STM32G0B1CCT6N, STM32G0B1KCT6, STM32G0B1NEY6TR, STM32G0B1RCT6N, STM32G0C1CCT6, STM32G0C1CCT6N, STM32G0C1CCU6N, STM32G0C1CET6N, STM32G0C1CEU6N, STM32G0C1KCT6, STM32G0C1NEY6TR, STM32G0C1RCI6N, STM32G0C1RCT6N, STM32G0C1REI6N, STM32G0C1RET6N, STM32G0C1VCI6, STM32G0C1VEI6, STM32G411C6T3, STM32G411C6T6, STM32G411C6U3, STM32G411C6U6, STM32G411C8T3, STM32G411C8T6, STM32G411C8U3, STM32G411C8U6, STM32G411CBT3, STM32G411CBT6, STM32G411CBU3, STM32G411CBU6, STM32G411K6T3, STM32G411K6T6, STM32G411K6U3, STM32G411K6U6, STM32G411K8T3, STM32G411K8T6, STM32G411K8U3, STM32G411K8U6, STM32G411KBT3, STM32G411KBT6, STM32G411KBU3, STM32G411KBU6, STM32G411M6T3, STM32G411M6T6, STM32G411M8T3, STM32G411M8T6, STM32G411MBT3, STM32G411MBT6, STM32G411R6T3, STM32G411R6T6, STM32G411R8T3, STM32G411R8T6, STM32G411RBT3, STM32G411RBT6, STM32G414CBT3, STM32G414CBT6, STM32G414CBU3, STM32G414CBU6, STM32G414CCT3, STM32G414CCT6, STM32G414CCU3, STM32G414CCU6, STM32G414MBT3, STM32G414MBT6, STM32G414MCT3, STM32G414MCT6, STM32G414RBT3, STM32G414RBT6, STM32G414RCT3, STM32G414RCT6, STM32G414VBT3, STM32G414VBT6, STM32G414VCT3, STM32G414VCT6, STM32G431CBT3Z, STM32G431RBT3Z, STM32G471CCT6, STM32G471CCU6, STM32G471CET3, STM32G471CET6, STM32G471CEU3, STM32G471CEU6, STM32G471MCT6, STM32G471MET3, STM32G471MET6, STM32G471MEY6TR, STM32G471QCT6, STM32G471QET3, STM32G471RCT6, STM32G471RET3, STM32G471RET6, STM32G471VCH6, STM32G471VCI6, STM32G471VCT6, STM32G471VEH3, STM32G471VEH6, STM32G471VEI3, STM32G471VEI6, STM32G471VET3, STM32G471VET6, STM32G473QET3Z, STM32G473RET3Z, STM32G474CCT6, STM32G491RET3Z, STM32H503CBT6, STM32H503CBU6, STM32H503EBY6TR, STM32H503KBU6, STM32H503RBT6, STM32H523CCT6, STM32H523CCU6, STM32H523CET6, STM32H523CEU6, STM32H523HEY6TR, STM32H523RCT6, STM32H523RET6, STM32H523VCI6, STM32H523VCT6, STM32H523VEI6, STM32H523VET6, STM32H523ZCJ6, STM32H523ZCT6, STM32H523ZEJ6, STM32H523ZET6, STM32H533CET6, STM32H533CEU6, STM32H533HEY6TR, STM32H533RET6, STM32H533VEI6, STM32H533VET6, STM32H533ZEJ6, STM32H533ZET6, STM32H562AGI6, STM32H562AII6, STM32H562IGK6, STM32H562IGT6, STM32H562IIK6, STM32H562IIT6, STM32H562RGT6, STM32H562RGV6, STM32H562RIT6, STM32H562RIV6, STM32H562VGT6, STM32H562VIT6, STM32H562ZGT6, STM32H562ZIT6, STM32H563AGI6, STM32H563AII3Q, STM32H563AII6, STM32H563IGK6, STM32H563IGT6, STM32H563IIK3Q, STM32H563IIK6, STM32H563IIT3Q, STM32H563IIT6, STM32H563MIY3QTR, STM32H563RGT6, STM32H563RGV6, STM32H563RIT6, STM32H563RIV6, STM32H563VGT6, STM32H563VIT3Q, STM32H563VIT6, STM32H563ZGT6, STM32H563ZIT3Q, STM32H563ZIT6, STM32H573AII3Q, STM32H573AII6, STM32H573I-DK, STM32H573IIK3Q, STM32H573IIK6, STM32H573IIT3Q, STM32H573IIT6, STM32H573MIY3QTR, STM32H573RIT6, STM32H573RIV6, STM32H573VIT3Q, STM32H573VIT6, STM32H573ZIT3Q, STM32H573ZIT6, STM32H7R3A8I6, STM32H7R3I8K6, STM32H7R3I8T6, STM32H7R3L8H6, STM32H7R3L8H6H, STM32H7R3R8V6, STM32H7R3V8H6, STM32H7R3V8T6, STM32H7R3V8Y6TR, STM32H7R3Z8J6, STM32H7R3Z8T6, STM32H7R7A8I6, STM32H7R7I8K6, STM32H7R7I8T6, STM32H7R7L8H6, STM32H7R7L8H6H, STM32H7R7Z8J6, STM32H7S3A8I6, STM32H7S3I8K6, STM32H7S3I8T6, STM32H7S3L8H6, STM32H7S3L8H6H, STM32H7S3R8V6, STM32H7S3V8H6, STM32H7S3V8T6, STM32H7S3V8Y6TR, STM32H7S3Z8J6, STM32H7S3Z8T6, STM32H7S78-DK, STM32H7S7A8I6, STM32H7S7I8K6, STM32H7S7I8T6, STM32H7S7L8H6, STM32H7S7L8H6H, STM32H7S7Z8J6, STM32L4R5QGI6STR, STM32MP131AAE3, STM32MP131AAF3, STM32MP131AAG3, STM32MP131CAE3, STM32MP131CAF3, STM32MP131CAG3, STM32MP131DAE7, STM32MP131DAF7, STM32MP131DAG7, STM32MP131FAE7, STM32MP131FAF7, STM32MP131FAG7, STM32MP133AAE3, STM32MP133AAF3, STM32MP133AAG3, STM32MP133CAE3, STM32MP133CAF3, STM32MP133CAG3, STM32MP133DAE7, STM32MP133DAF7, STM32MP133DAG7, STM32MP133FAE7, STM32MP133FAF7, STM32MP133FAG7, STM32MP135AAE3, STM32MP135AAF3, STM32MP135AAG3, STM32MP135CAE3, STM32MP135CAF3, STM32MP135CAG3, STM32MP135DAE7, STM32MP135DAF7, STM32MP135DAG7, STM32MP135F-DK, STM32MP135FAE7, STM32MP135FAF7, STM32MP135FAF7T, STM32MP135FAF7U, STM32MP135FAG7, STM32MP211AAL3, STM32MP211AAM3, STM32MP211AAN3, STM32MP211AAO3, STM32MP211CAL3, STM32MP211CAM3, STM32MP211CAN3, STM32MP211CAO3, STM32MP211DAL3, STM32MP211DAM3, STM32MP211DAN3, STM32MP211DAO3, STM32MP211FAL3, STM32MP211FAM3, STM32MP211FAN3, STM32MP211FAO3, STM32MP213AAL3, STM32MP213AAM3, STM32MP213AAN3, STM32MP213AAO3, STM32MP213CAL3, STM32MP213CAM3, STM32MP213CAN3, STM32MP213CAO3, STM32MP213DAL3, STM32MP213DAM3, STM32MP213DAN3, STM32MP213DAO3, STM32MP213FAL3, STM32MP213FAM3, STM32MP213FAN3, STM32MP213FAO3, STM32MP215AAL3, STM32MP215AAM3, STM32MP215AAN3, STM32MP215AAO3, STM32MP215CAL3, STM32MP215CAM3, STM32MP215CAN3, STM32MP215CAO3, STM32MP215DAL3, STM32MP215DAM3, STM32MP215DAN3, STM32MP215DAO3, STM32MP215F-DK, STM32MP215FAL3, STM32MP215FAM3, STM32MP215FAN3, STM32MP215FAO3, STM32MP231AAJ3, STM32MP231AAK3, STM32MP231AAL3, STM32MP231CAJ3, STM32MP231CAK3, STM32MP231CAL3, STM32MP231DAJ3, STM32MP231DAK3, STM32MP231DAL3, STM32MP231FAJ3, STM32MP231FAK3, STM32MP231FAL3, STM32MP233AAJ3, STM32MP233AAK3, STM32MP233AAL3, STM32MP233CAJ3, STM32MP233CAK3, STM32MP233CAL3, STM32MP233DAJ3, STM32MP233DAK3, STM32MP233DAL3, STM32MP233FAJ3, STM32MP233FAK3, STM32MP233FAL3, STM32MP235AAJ3, STM32MP235AAK3, STM32MP235AAL3, STM32MP235CAJ3, STM32MP235CAK3, STM32MP235CAL3, STM32MP235DAJ3, STM32MP235DAK3, STM32MP235DAL3, STM32MP235FAJ3, STM32MP235FAK3, STM32MP235FAL3, STM32MP251AAI3, STM32MP251AAK3, STM32MP251AAL3, STM32MP251CAI3, STM32MP251CAK3, STM32MP251CAL3, STM32MP251DAI3, STM32MP251DAK3, STM32MP251DAL3, STM32MP251FAI3, STM32MP251FAK3, STM32MP251FAL3, STM32MP253AAI3, STM32MP253AAK3, STM32MP253AAL3, STM32MP253CAI3, STM32MP253CAK3, STM32MP253CAL3, STM32MP253DAI3, STM32MP253DAK3, STM32MP253DAL3, STM32MP253FAI3, STM32MP253FAK3, STM32MP253FAL3, STM32MP255AAI3, STM32MP255AAK3, STM32MP255AAL3, STM32MP255CAI3, STM32MP255CAK3, STM32MP255CAL3, STM32MP255DAI3, STM32MP255DAK3, STM32MP255DAL3, STM32MP255FAI3, STM32MP255FAK3, STM32MP255FAL3, STM32MP257AAI3, STM32MP257AAK3, STM32MP257AAL3, STM32MP257CAI3, STM32MP257CAK3, STM32MP257CAL3, STM32MP257DAI3, STM32MP257DAK3, STM32MP257DAL3, STM32MP257F-DK, STM32MP257F-EV1, STM32MP257FAI3, STM32MP257FAK3, STM32MP257FAL3, STM32N645A0H3Q, STM32N645B0H3Q, STM32N645I0H3Q, STM32N645L0H3Q, STM32N645X0H3Q, STM32N645Z0H3Q, STM32N647A0H3Q, STM32N647B0H3Q, STM32N647I0H3Q, STM32N647L0H3Q, STM32N647X0H3Q, STM32N647Z0H3Q, STM32N655A0H3Q, STM32N655B0H3Q, STM32N655I0H3Q, STM32N655L0H3Q, STM32N655X0H3Q, STM32N655Z0H3Q, STM32N6570-DK, STM32N657A0H3Q, STM32N657B0H3Q, STM32N657I0H3Q, STM32N657L0H3Q, STM32N657X0H3Q, STM32N657Z0H3Q, STM32U031C6T6, STM32U031C6U6, STM32U031C8T6, STM32U031C8U6, STM32U031F4P6, STM32U031F6P6, STM32U031F8P6, STM32U031G6Y6TR, STM32U031G8Y6TR, STM32U031K4U6, STM32U031K6U6, STM32U031K8U6, STM32U031R6I6, STM32U031R6T6, STM32U031R8I6, STM32U031R8T6, STM32U073C8T6, STM32U073C8U6, STM32U073CBT6, STM32U073CBU6, STM32U073CCT6, STM32U073CCU6, STM32U073H8Y6TR, STM32U073HBY6TR, STM32U073HCY6TR, STM32U073K8U6, STM32U073KBU6, STM32U073KCU6, STM32U073M8I6, STM32U073M8T6, STM32U073MBI6, STM32U073MBT6, STM32U073MCI6, STM32U073MCT6, STM32U073R8I6, STM32U073R8T6, STM32U073RBI6, STM32U073RBT6, STM32U073RCI6, STM32U073RCT6, STM32U083C-DK, STM32U083CCT6, STM32U083CCU6, STM32U083HCY6TR, STM32U083KCU6, STM32U083MCI6, STM32U083MCT6, STM32U083RCI6, STM32U083RCT6, STM32U375CET6, STM32U375CET6Q, STM32U375CEU6, STM32U375CEU6Q, STM32U375CEY6QTR, STM32U375CGT6, STM32U375CGT6Q, STM32U375CGU6, STM32U375CGU6Q, STM32U375CGY6QTR, STM32U375KEU6, STM32U375KGU6, STM32U375REI6, STM32U375REI6Q, STM32U375RET6, STM32U375RET6Q, STM32U375REY6GTR, STM32U375REY6QTR, STM32U375RGI6, STM32U375RGI6Q, STM32U375RGT6, STM32U375RGT6Q, STM32U375RGY6GTR, STM32U375RGY6QTR, STM32U375VEI6, STM32U375VEI6Q, STM32U375VET6, STM32U375VET6Q, STM32U375VGI6, STM32U375VGI6Q, STM32U375VGT6, STM32U375VGT6Q, STM32U385CGT6, STM32U385CGT6Q, STM32U385CGU6, STM32U385CGU6Q, STM32U385CGY6QTR, STM32U385KGU6, STM32U385RGI6, STM32U385RGI6Q, STM32U385RGT6, STM32U385RGT6Q, STM32U385RGY6GTR, STM32U385RGY6QTR, STM32U385VGI6, STM32U385VGI6Q, STM32U385VGT6, STM32U385VGT6Q, STM32U535CBT6, STM32U535CBT6Q, STM32U535CBU6, STM32U535CBU6Q, STM32U535CCT6, STM32U535CCT6Q, STM32U535CCU6, STM32U535CCU6Q, STM32U535CET6, STM32U535CET6Q, STM32U535CEU6, STM32U535CEU6Q, STM32U535JEY6QTR, STM32U535NCY6QTR, STM32U535NEY6QTR, STM32U535RBI6, STM32U535RBI6Q, STM32U535RBT6, STM32U535RBT6Q, STM32U535RCI6, STM32U535RCI6Q, STM32U535RCT6, STM32U535RCT6Q, STM32U535REI6, STM32U535REI6Q, STM32U535RET6, STM32U535RET6Q, STM32U535VCI6, STM32U535VCI6Q, STM32U535VCT6, STM32U535VCT6Q, STM32U535VEI6, STM32U535VEI6Q, STM32U535VET6, STM32U535VET6Q, STM32U545CET6, STM32U545CET6Q, STM32U545CEU6, STM32U545CEU6Q, STM32U545JEY6QTR, STM32U545NEY6QTR, STM32U545REI6, STM32U545REI6Q, STM32U545RET6, STM32U545RET6Q, STM32U545VEI6, STM32U545VEI6Q, STM32U545VET6, STM32U545VET6Q, STM32U595AIH6, STM32U595AIH6Q, STM32U595AJH6, STM32U595AJH6Q, STM32U595QII6, STM32U595QII6Q, STM32U595QJI6, STM32U595QJI6Q, STM32U595RIT6, STM32U595RIT6Q, STM32U595RJT6, STM32U595RJT6Q, STM32U595VIT6, STM32U595VIT6Q, STM32U595VJT6, STM32U595VJT6Q, STM32U595ZIT6, STM32U595ZIT6Q, STM32U595ZIY6QTR, STM32U595ZJT6, STM32U595ZJT6Q, STM32U595ZJY6QTR, STM32U599BJY6QTR, STM32U599NIH6Q, STM32U599NJH6Q, STM32U599VIT6Q, STM32U599VJT6, STM32U599VJT6Q, STM32U599ZIT6Q, STM32U599ZIY6QTR, STM32U599ZJT6Q, STM32U599ZJY6QTR, STM32U5A5AJH6, STM32U5A5AJH6Q, STM32U5A5QII3Q , STM32U5A5QJI6, STM32U5A5QJI6Q, STM32U5A5RJT6, STM32U5A5RJT6Q, STM32U5A5VJT6, STM32U5A5VJT6Q, STM32U5A5ZJT6, STM32U5A5ZJT6Q, STM32U5A5ZJY6QTR, STM32U5A9BJY6QTR, STM32U5A9J-DK, STM32U5A9NJH6Q, STM32U5A9VJT6Q, STM32U5A9ZJT6Q, STM32U5A9ZJY6QTR, STM32U5F7VIT6, STM32U5F7VIT6Q, STM32U5F7VJT6, STM32U5F7VJT6Q, STM32U5F9BJY6QTR, STM32U5F9NJH6Q, STM32U5F9VIT6Q, STM32U5F9VJT6Q, STM32U5F9ZIJ6QTR, STM32U5F9ZIT6Q, STM32U5F9ZJJ6QTR, STM32U5F9ZJT6Q, STM32U5G7VJT6, STM32U5G7VJT6Q, STM32U5G9BJY6QTR, STM32U5G9J-DK1, STM32U5G9J-DK2, STM32U5G9NJH6Q, STM32U5G9VJT6Q, STM32U5G9ZJJ6QTR, STM32U5G9ZJT6Q, STM32WB05KZV6TR, STM32WB05KZV7TR, STM32WB05TZF6TR, STM32WB05TZF7TR, STM32WB06CCF6TR, STM32WB06CCF7TR, STM32WB06CCV6TR, STM32WB06CCV7TR, STM32WB06KCV6TR, STM32WB06KCV7TR, STM32WB07CCF6TR, STM32WB07CCF7TR, STM32WB07CCV6TR, STM32WB07CCV7TR, STM32WB07KCV6TR, STM32WB07KCV7TR, STM32WB09KEV6TR, STM32WB09KEV7TR, STM32WB09TEF6TR, STM32WB09TEF7TR, STM32WB1MMCH6, STM32WBA50KGU6, STM32WBA50KGU6TR, STM32WBA52CEU6, STM32WBA52CEU6TR, STM32WBA52CEU7, STM32WBA52CEU7TR, STM32WBA52CGU6, STM32WBA52CGU6TR, STM32WBA52CGU6U, STM32WBA52CGU7, STM32WBA52CGU7TR, STM32WBA52KEU6, STM32WBA52KEU6TR, STM32WBA52KGU6, STM32WBA52KGU6TR, STM32WBA54CEU6, STM32WBA54CEU6TR, STM32WBA54CEU7, STM32WBA54CEU7TR, STM32WBA54CGU6, STM32WBA54CGU6TR, STM32WBA54CGU7, STM32WBA54CGU7TR, STM32WBA54KEU6, STM32WBA54KEU6TR, STM32WBA54KEU7, STM32WBA54KEU7TR, STM32WBA54KGU6, STM32WBA54KGU6TR, STM32WBA54KGU7, STM32WBA54KGU7TR, STM32WBA55CEU6, STM32WBA55CEU6TR, STM32WBA55CEU7, STM32WBA55CEU7TR, STM32WBA55CGU6, STM32WBA55CGU6TR, STM32WBA55CGU6U, STM32WBA55CGU7, STM32WBA55CGU7TR, STM32WBA55G-DK1, STM32WBA55HEF6, STM32WBA55HEF7, STM32WBA55HGF6, STM32WBA55HGF7, STM32WBA55UEI6, STM32WBA55UEI6TR, STM32WBA55UEI7, STM32WBA55UEI7TR, STM32WBA55UGI6, STM32WBA55UGI6TR, STM32WBA55UGI7, STM32WBA55UGI7TR, STM32WBA5MMGH6TR, STM32WBA62MGF6, STM32WBA62MIF6, STM32WBA65MGF7, STM32WBA65MIF6, STM32WBA65MIF7, STM32WL30K8V6, STM32WL30KBV6, STM32WL31C8V6, STM32WL31CBV6, STM32WL31K8V6, STM32WL31KBV6, STM32WL33C8V6, STM32WL33C8V6X, STM32WL33CBV6, STM32WL33CBV6X, STM32WL33CCV6, STM32WL33CCV6A, STM32WL33CCV6X, STM32WL33K8V7, STM32WL33K8V7X, STM32WL33KBV7 , STM32WL33KBV7X, STM32WL33KCV7, STM32WL33KCV7X, STM32WL5MOCH6, STM32WL5MOCH6TR]
2025-09-26 10:36:05,117 [INFO] BoardInfo:889 - No configuration file found for board P-NUCLEO-WB55
2025-09-26 10:36:05,118 [INFO] DbBoards:161 - Kit is not supported: P-NUCLEO-WB55
2025-09-26 10:36:05,128 [INFO] BoardInfo:889 - No configuration file found for board STEVAL-BFA001V1B
2025-09-26 10:36:05,128 [INFO] DbBoards:161 - Kit is not supported: STEVAL-BFA001V1B
2025-09-26 10:36:05,130 [INFO] BoardInfo:889 - No configuration file found for board STEVAL-BFA001V2B
2025-09-26 10:36:05,130 [INFO] DbBoards:161 - Kit is not supported: STEVAL-BFA001V2B
2025-09-26 10:36:05,422 [INFO] DbBoards:168 - Found 212 boards, 209 are supported
2025-09-26 10:36:05,423 [INFO] DbBoards:169 - Found 212 boards, 43 of them is supported for  Bsp
2025-09-26 10:36:05,425 [INFO] ApiDb:414 - User favorites file not found: /Users/admin/.stm32cubeide/favorites.boards.txt
2025-09-26 10:36:05,425 [INFO] DbBoards:198 - Set 0 / 0 favorites Boards
2025-09-26 10:36:05,426 [INFO] McuFinderGlobals:76 - Set McuFinderConnectedMode to true
2025-09-26 10:36:05,436 [INFO] MultiScanPanel:200 - Auto-refresh data requested => check proxy status ongoing
2025-09-26 10:36:05,441 [INFO] FinderPluginLoader:96 - Searching for filters in installed packs
2025-09-26 10:36:07,922 [INFO] LoadUrlFilesThread:185 - End of LoadServerUrlFiles without Thread
2025-09-26 10:36:08,054 [INFO] DetailPanel:341 - Set advertising image to /Users/admin/STM32Cube/Repository//en.2400x1350px.jpeg
2025-09-26 10:38:27,272 [INFO] MainUpdater:2872 - connection check result : 10
2025-09-26 10:38:27,273 [INFO] MainUpdater:2872 - connection check result : 10
2025-09-26 10:38:27,741 [INFO] MicroXplorer:468 - Change Database Path : 
2025-09-26 10:38:27,742 [INFO] MicroXplorer:498 - Change Database Version : DB.6.0.150
2025-09-26 10:38:27,753 [WARN] ThirdParty:871 - waiting for thirdparty lock release [close project]
2025-09-26 10:38:27,754 [INFO] ThirdParty:873 - entering critical section [close project]
2025-09-26 10:38:27,755 [INFO] ThirdParty:883 - exiting critical section [close project]
2025-09-26 10:38:27,758 [INFO] PinOutPanel:1589 - setPackage(No Configuration,No Configuration)
2025-09-26 10:38:27,761 [INFO] UtilMem:75 - Begin LoadConfig() Used Memory: 793132912 Bytes (995098624)
2025-09-26 10:38:36,447 [INFO] ServerAccessManage:452 - Complete download http(s) 200
2025-09-26 10:38:36,449 [INFO] ServerAccessManage:509 - Download File stm32cube_db_v6030.zip
2025-09-26 10:38:53,363 [INFO] FileExtend:248 - Unzip File : stm32cube_db_v6030.zip
2025-09-26 10:38:53,363 [INFO] FileExtend:263 - Standard Zip Deflate
2025-09-26 10:38:56,781 [INFO] LoadServerPackagesThread:196 - End of LoadServerPackages Thread
2025-09-26 10:38:57,002 [INFO] CheckServerUpdateThread:120 - End of CheckServer Thread
2025-09-26 10:39:21,058 [INFO] McuFinderGlobals:63 - Set McuFinder mode to 2 (CubeIDE integrated)
2025-09-26 10:39:21,058 [INFO] UserAuth:171 - activating auth plugin
2025-09-26 10:39:21,063 [INFO] UserAuth:487 - Internet connection configuration mode: 1
2025-09-26 10:45:17,867 [INFO] McuFinderGlobals:63 - Set McuFinder mode to 2 (CubeIDE integrated)
2025-09-26 10:45:17,869 [INFO] UserAuth:171 - activating auth plugin
2025-09-26 10:45:17,872 [INFO] UserAuth:487 - Internet connection configuration mode: 1
2025-09-26 10:45:49,214 [INFO] WebApp:652 - userauth.ini deleted or not created
2025-09-26 10:45:55,071 [INFO] McuFinderGlobals:63 - Set McuFinder mode to 2 (CubeIDE integrated)
2025-09-26 10:45:55,071 [INFO] UserAuth:171 - activating auth plugin
2025-09-26 10:45:55,073 [INFO] UserAuth:487 - Internet connection configuration mode: 1
2025-09-26 10:45:59,795 [INFO] MainUpdater:2872 - connection check result : 10
2025-09-26 10:46:00,117 [INFO] McuFinderGlobals:76 - Set McuFinderConnectedMode to true
2025-09-26 10:46:00,119 [INFO] MultiScanPanel:200 - Auto-refresh data requested => check proxy status ongoing
2025-09-26 10:46:00,119 [INFO] FinderPluginLoader:96 - Searching for filters in installed packs
2025-09-26 10:46:03,674 [INFO] LoadUrlFilesThread:185 - End of LoadServerUrlFiles without Thread
2025-09-26 10:46:03,675 [INFO] DetailPanel:341 - Set advertising image to /Users/admin/STM32Cube/Repository//en.2400x1350px.jpeg
2025-09-26 10:46:45,176 [INFO] MainUpdater:2872 - connection check result : 10
2025-09-26 10:46:45,176 [INFO] MainUpdater:2872 - connection check result : 10
2025-09-26 10:46:45,728 [INFO] MicroXplorer:468 - Change Database Path : 
2025-09-26 10:46:45,728 [INFO] MicroXplorer:498 - Change Database Version : DB.6.0.150
2025-09-26 10:46:45,729 [WARN] ThirdParty:871 - waiting for thirdparty lock release [close project]
2025-09-26 10:46:45,729 [INFO] ThirdParty:873 - entering critical section [close project]
2025-09-26 10:46:45,729 [INFO] ThirdParty:883 - exiting critical section [close project]
2025-09-26 10:46:45,730 [INFO] PinOutPanel:1589 - setPackage(No Configuration,No Configuration)
2025-09-26 10:46:45,731 [INFO] UtilMem:75 - Begin LoadConfig() Used Memory: 761711000 Bytes (1073741824)
2025-09-26 10:46:45,732 [INFO] MicroXplorer:468 - Change Database Path : 
2025-09-26 10:46:45,733 [INFO] MicroXplorer:498 - Change Database Version : DB.6.0.150
2025-09-26 10:46:45,733 [INFO] OpenFileManager:355 - Change cursor
2025-09-26 10:46:45,784 [INFO] Mcu:2029 - Initializing MCU STM32F103C6Ux STM32F103C6Ux STM32F103C6U6A
2025-09-26 10:46:46,789 [INFO] Context:786 - Trying to add GPIOservice into a context  which must be forbidden
2025-09-26 10:46:47,168 [INFO] ImportTextPane:234 - (OptionalMessage_ERROR) Unable to find key (Mcu.ThirdPartyNb) in loaded IOC file
2025-09-26 10:46:47,168 [INFO] ImportTextPane:234 - (OptionalMessage_ERROR) Unable to find key (Mcu.PinsNb) in loaded IOC file
2025-09-26 10:46:47,170 [INFO] ImportTextPane:234 - (OptionalMessage_ERROR) Pin0 (VP_RIF_VS_RIF1) cannot be retrieved for this MCU
2025-09-26 10:46:47,171 [INFO] ImportTextPane:234 - (OptionalMessage_ERROR) Unable to find key (Mcu.IPNb) in loaded IOC file
2025-09-26 10:46:47,264 [INFO] RtosManager:558 - Registered RTOS mode: class=CMSIS, group=RTOS, mode=CMSIS_V1, owner=FREERTOS
2025-09-26 10:46:47,265 [INFO] RtosManager:558 - Registered RTOS mode: class=CMSIS, group=RTOS2, mode=CMSIS_V2, owner=FREERTOS
2025-09-26 10:46:47,265 [INFO] RtosManager:558 - Registered RTOS mode: class=RTOS, group=Core, mode=CMSIS_V1, owner=FREERTOS
2025-09-26 10:46:47,265 [INFO] RtosManager:558 - Registered RTOS mode: class=RTOS, group=Core, mode=CMSIS_V2, owner=FREERTOS
2025-09-26 10:46:47,265 [WARN] ModelIntegratedComponent:184 - Missing modes for component STMicroelectronics:FreeRTOS:0.0.1:STMicroelectronics:RTOS:FreeRTOS:Core:::10.2.0:
2025-09-26 10:46:47,300 [WARN] ModelIntegratedComponent:63 - No mode defined for component null
2025-09-26 10:46:47,300 [WARN] ModelIntegratedComponent:63 - No mode defined for component null
2025-09-26 10:46:47,300 [WARN] ModelIntegratedComponent:63 - No mode defined for component null
2025-09-26 10:46:47,300 [WARN] ModelIntegratedComponent:63 - No mode defined for component null
2025-09-26 10:46:47,301 [WARN] ModelIntegratedComponent:63 - No mode defined for component null
2025-09-26 10:46:47,301 [WARN] ModelIntegratedComponent:63 - No mode defined for component null
2025-09-26 10:46:47,301 [WARN] ModelIntegratedComponent:63 - No mode defined for component null
2025-09-26 10:46:47,301 [WARN] ModelIntegratedComponent:63 - No mode defined for component null
2025-09-26 10:46:47,301 [WARN] ModelIntegratedComponent:63 - No mode defined for component null
2025-09-26 10:46:47,301 [WARN] ModelIntegratedComponent:63 - No mode defined for component null
2025-09-26 10:46:47,301 [WARN] ModelIntegratedComponent:63 - No mode defined for component null
2025-09-26 10:46:47,301 [WARN] ModelIntegratedComponent:63 - No mode defined for component null
2025-09-26 10:46:47,301 [WARN] ModelIntegratedComponent:63 - No mode defined for component null
2025-09-26 10:46:47,301 [WARN] ModelIntegratedComponent:63 - No mode defined for component null
2025-09-26 10:46:47,301 [WARN] ModelIntegratedComponent:63 - No mode defined for component null
2025-09-26 10:46:47,302 [WARN] ModelIntegratedComponent:63 - No mode defined for component null
2025-09-26 10:46:47,302 [WARN] ModelIntegratedComponent:63 - No mode defined for component null
2025-09-26 10:46:47,302 [WARN] ModelIntegratedComponent:63 - No mode defined for component null
2025-09-26 10:46:47,302 [WARN] ModelIntegratedComponent:63 - No mode defined for component null
2025-09-26 10:46:47,302 [WARN] ModelIntegratedComponent:63 - No mode defined for component null
2025-09-26 10:46:47,302 [WARN] ModelIntegratedComponent:63 - No mode defined for component null
2025-09-26 10:46:47,302 [WARN] ModelIntegratedComponent:63 - No mode defined for component null
2025-09-26 10:46:47,302 [WARN] ModelIntegratedComponent:63 - No mode defined for component null
2025-09-26 10:46:47,302 [WARN] ModelIntegratedComponent:63 - No mode defined for component null
2025-09-26 10:46:47,302 [WARN] ModelIntegratedComponent:63 - No mode defined for component null
2025-09-26 10:46:47,302 [WARN] ModelIntegratedComponent:63 - No mode defined for component null
2025-09-26 10:46:47,302 [WARN] ModelIntegratedComponent:63 - No mode defined for component null
2025-09-26 10:46:47,302 [WARN] ModelIntegratedComponent:63 - No mode defined for component null
2025-09-26 10:46:47,303 [WARN] ModelIntegratedComponent:63 - No mode defined for component null
2025-09-26 10:46:47,303 [WARN] ModelIntegratedComponent:63 - No mode defined for component null
2025-09-26 10:46:47,303 [WARN] ModelIntegratedComponent:63 - No mode defined for component null
2025-09-26 10:46:47,303 [WARN] ModelIntegratedComponent:63 - No mode defined for component null
2025-09-26 10:46:47,303 [WARN] ModelIntegratedComponent:63 - No mode defined for component null
2025-09-26 10:46:47,303 [WARN] ModelIntegratedComponent:63 - No mode defined for component null
2025-09-26 10:46:47,304 [WARN] ModelIntegratedComponent:63 - No mode defined for component null
2025-09-26 10:46:47,304 [WARN] ModelPack:524 - Component already loaded: STMicroelectronics:HAL Drivers:0.0.0:STMicroelectronics:Device:STMicro_Driver:XSPI:HAL::0.0.1:HAL_XSPI
2025-09-26 10:46:47,718 [INFO] ThirdPartyModel:298 - Start build external matchings
2025-09-26 10:46:50,131 [INFO] ThirdPartyModel:316 - End build external matchings
2025-09-26 10:46:50,361 [INFO] UtilMem:75 - End LoadConfig() Used Memory: 641015520 Bytes (1073741824)
2025-09-26 10:46:50,401 [WARN] ThirdParty:833 - waiting for thirdparty lock release [change project]
2025-09-26 10:46:50,401 [INFO] ThirdParty:835 - entering critical section [change project]
2025-09-26 10:46:50,402 [INFO] ThirdParty:1030 - CMSIS Pack Vendor :STMicroelectronics X-CUBE-PM33A1 1.0.0
2025-09-26 10:46:50,402 [INFO] ThirdParty:1030 - CMSIS Pack Vendor :STMicroelectronics USBPD 4.1
2025-09-26 10:46:50,402 [INFO] ThirdParty:1030 - CMSIS Pack Vendor :STMicroelectronics X-CUBE-NFC9 1.0.0
2025-09-26 10:46:50,402 [INFO] ThirdParty:1030 - CMSIS Pack Vendor :STMicroelectronics USB_HOST 2.0.0
2025-09-26 10:46:50,402 [INFO] ThirdParty:1030 - CMSIS Pack Vendor :STMicroelectronics FP-SNS-MOTENVWB1 1.4.0
2025-09-26 10:46:50,402 [INFO] ThirdParty:1030 - CMSIS Pack Vendor :STMicroelectronics X-CUBE-AZRTOS-F4 1.1.0
2025-09-26 10:46:50,402 [INFO] ThirdParty:1030 - CMSIS Pack Vendor :STMicroelectronics LIBJPEG 8.0.0
2025-09-26 10:46:50,403 [INFO] ThirdParty:1030 - CMSIS Pack Vendor :STMicroelectronics FP-ATR-ASTRA1 2.0.2
2025-09-26 10:46:50,403 [INFO] ThirdParty:1030 - CMSIS Pack Vendor :wolfSSL I-CUBE-wolfSSL 5.8.2
2025-09-26 10:46:50,403 [INFO] ThirdParty:1030 - CMSIS Pack Vendor :STMicroelectronics X-CUBE-BLE1 7.1.0
2025-09-26 10:46:50,403 [INFO] ThirdParty:1030 - CMSIS Pack Vendor :Avnet-IotConnect X-CUBE-IoTC-DA16k-PMOD 1.0.0
2025-09-26 10:46:50,403 [INFO] ThirdParty:1030 - CMSIS Pack Vendor :STMicroelectronics X-CUBE-SMBUS 2.1.0
2025-09-26 10:46:50,403 [INFO] ThirdParty:1030 - CMSIS Pack Vendor :wolfSSL I-CUBE-wolfMQTT 1.19.2
2025-09-26 10:46:50,404 [INFO] ThirdParty:1030 - CMSIS Pack Vendor :STMicroelectronics USB_DEVICE 3.0.0
2025-09-26 10:46:50,404 [INFO] ThirdParty:1030 - CMSIS Pack Vendor :STMicroelectronics X-CUBE-ISPU 2.1.0
2025-09-26 10:46:50,404 [INFO] ThirdParty:1030 - CMSIS Pack Vendor :STMicroelectronics X-CUBE-EEPRMA1 5.2.0
2025-09-26 10:46:50,404 [INFO] ThirdParty:1030 - CMSIS Pack Vendor :STMicroelectronics X-CUBE-BLEMGR 4.1.0
2025-09-26 10:46:50,404 [INFO] ThirdParty:1030 - CMSIS Pack Vendor :STMicroelectronics X-CUBE-AZRTOS-WB 2.0.0
2025-09-26 10:46:50,404 [INFO] ThirdParty:1030 - CMSIS Pack Vendor :STMicroelectronics X-CUBE-ST60 1.0.0
2025-09-26 10:46:50,404 [INFO] ThirdParty:1030 - CMSIS Pack Vendor :STMicroelectronics X-CUBE-GNSS1 7.0.1
2025-09-26 10:46:50,404 [INFO] ThirdParty:1030 - CMSIS Pack Vendor :STMicroelectronics X-CUBE-NFC12 1.0.0
2025-09-26 10:46:50,405 [INFO] ThirdParty:1030 - CMSIS Pack Vendor :STMicroelectronics X-CUBE-AZRTOS-F7 1.1.0
2025-09-26 10:46:50,405 [INFO] ThirdParty:1030 - CMSIS Pack Vendor :STMicroelectronics X-CUBE-AZRTOS-L5 2.0.0
2025-09-26 10:46:50,405 [INFO] ThirdParty:1030 - CMSIS Pack Vendor :STMicroelectronics X-CUBE-TOUCHGFX 4.25.0
2025-09-26 10:46:50,405 [INFO] ThirdParty:1030 - CMSIS Pack Vendor :STMicroelectronics USB_DEVICE 2.0.0
2025-09-26 10:46:50,405 [INFO] ThirdParty:1030 - CMSIS Pack Vendor :STMicroelectronics X-CUBE-NFC6 3.1.0
2025-09-26 10:46:50,405 [INFO] ThirdParty:1030 - CMSIS Pack Vendor :Cesanta I-CUBE-Mongoose 7.19.0
2025-09-26 10:46:50,405 [INFO] ThirdParty:1030 - CMSIS Pack Vendor :quantropi X-CUBE-qispace-sdk-base 2.1.0
2025-09-26 10:46:50,405 [INFO] ThirdParty:1030 - CMSIS Pack Vendor :STMicroelectronics FreeRTOS 0.0.1
2025-09-26 10:46:50,406 [INFO] ThirdParty:1030 - CMSIS Pack Vendor :STMicroelectronics X-CUBE-AZRTOS-G0 1.1.0
2025-09-26 10:46:50,406 [INFO] ThirdParty:1030 - CMSIS Pack Vendor :STMicroelectronics X-CUBE-SAFEA1 1.2.2
2025-09-26 10:46:50,406 [INFO] ThirdParty:1030 - CMSIS Pack Vendor :STMicroelectronics X-CUBE-NFC4 3.0.0
2025-09-26 10:46:50,406 [INFO] ThirdParty:1030 - CMSIS Pack Vendor :STMicroelectronics X-CUBE-SUBG2 5.0.0
2025-09-26 10:46:50,406 [INFO] ThirdParty:1030 - CMSIS Pack Vendor :STMicroelectronics X-CUBE-AZRTOS-H7RS 1.1.0
2025-09-26 10:46:50,406 [INFO] ThirdParty:1030 - CMSIS Pack Vendor :STMicroelectronics STM32_WPAN 1.0.0
2025-09-26 10:46:50,406 [INFO] ThirdParty:1030 - CMSIS Pack Vendor :EmbeddedOffice I-CUBE-FS-RTOS 1.0.1
2025-09-26 10:46:50,406 [INFO] ThirdParty:1030 - CMSIS Pack Vendor :STMicroelectronics lwIP 2.0.3
2025-09-26 10:46:50,406 [INFO] ThirdParty:1030 - CMSIS Pack Vendor :WES I-CUBE-Cesium 1.4.0
2025-09-26 10:46:50,407 [INFO] ThirdParty:1030 - CMSIS Pack Vendor :STMicroelectronics USB_HOST 1.0.0
2025-09-26 10:46:50,407 [INFO] ThirdParty:1030 - CMSIS Pack Vendor :Infineon AIROC-Wi-Fi-Bluetooth-STM32 1.7.1
2025-09-26 10:46:50,407 [INFO] ThirdParty:1030 - CMSIS Pack Vendor :STMicroelectronics X-CUBE-AZRTOS-G4 2.0.0
2025-09-26 10:46:50,407 [INFO] ThirdParty:1030 - CMSIS Pack Vendor :STMicroelectronics X-CUBE-WB05N 2.0.0
2025-09-26 10:46:50,407 [INFO] ThirdParty:1030 - CMSIS Pack Vendor :STMicroelectronics PDM2PCM 3.1.0
2025-09-26 10:46:50,407 [INFO] ThirdParty:1030 - CMSIS Pack Vendor :STMicroelectronics PDM2PCM 3.3.0
2025-09-26 10:46:50,407 [INFO] ThirdParty:1030 - CMSIS Pack Vendor :wolfSSL I-CUBE-wolfTPM 3.8.0
2025-09-26 10:46:50,407 [INFO] ThirdParty:1030 - CMSIS Pack Vendor :STMicroelectronics X-CUBE-AZRTOS-H7 3.4.0
2025-09-26 10:46:50,407 [INFO] ThirdParty:1030 - CMSIS Pack Vendor :STMicroelectronics X-CUBE-DISPLAY 3.0.0
2025-09-26 10:46:50,407 [INFO] ThirdParty:1030 - CMSIS Pack Vendor :wolfSSL I-CUBE-wolfSSH 1.4.20
2025-09-26 10:46:50,408 [INFO] ThirdParty:1030 - CMSIS Pack Vendor :STMicroelectronics X-CUBE-NFC7 2.0.0
2025-09-26 10:46:50,408 [INFO] ThirdParty:1030 - CMSIS Pack Vendor :STMicroelectronics X-CUBE-TCPP 4.2.0
2025-09-26 10:46:50,408 [INFO] ThirdParty:1030 - CMSIS Pack Vendor :RealThread X-CUBE-RT-Thread_Nano 4.1.1
2025-09-26 10:46:50,408 [INFO] ThirdParty:1030 - CMSIS Pack Vendor :STMicroelectronics FP-ATR-SIGFOX1 3.2.0
2025-09-26 10:46:50,408 [INFO] ThirdParty:1030 - CMSIS Pack Vendor :STMicroelectronics X-CUBE-NFC10 1.0.0
2025-09-26 10:46:50,408 [INFO] ThirdParty:1030 - CMSIS Pack Vendor :STMicroelectronics X-CUBE-FREERTOS 1.3.1
2025-09-26 10:46:50,408 [INFO] ThirdParty:1030 - CMSIS Pack Vendor :STMicroelectronics HAL Drivers 0.0.0
2025-09-26 10:46:50,408 [INFO] ThirdParty:1030 - CMSIS Pack Vendor :STMicroelectronics MBEDTLS 2.16.2
2025-09-26 10:46:50,408 [INFO] ThirdParty:1030 - CMSIS Pack Vendor :STMicroelectronics X-CUBE-IPS 3.1.0
2025-09-26 10:46:50,408 [INFO] ThirdParty:1030 - CMSIS Pack Vendor :STMicroelectronics X-CUBE-ALS 1.0.2
2025-09-26 10:46:50,408 [INFO] ThirdParty:1030 - CMSIS Pack Vendor :emotas I-CUBE-CANOPEN 1.3.0
2025-09-26 10:46:50,408 [INFO] ThirdParty:1030 - CMSIS Pack Vendor :STMicroelectronics MBEDTLS 2.14.1
2025-09-26 10:46:50,408 [INFO] ThirdParty:1030 - CMSIS Pack Vendor :ITTIA_DB I-CUBE-ITTIADB 8.9.0
2025-09-26 10:46:50,408 [INFO] ThirdParty:1030 - CMSIS Pack Vendor :STMicroelectronics X-CUBE-STSE01 1.0.0
2025-09-26 10:46:50,409 [INFO] ThirdParty:1030 - CMSIS Pack Vendor :STMicroelectronics X-CUBE-ST67W61 1.0.0
2025-09-26 10:46:50,409 [INFO] ThirdParty:1030 - CMSIS Pack Vendor :STMicroelectronics FP-SNS-STBOX1 2.1.0
2025-09-26 10:46:50,409 [INFO] ThirdParty:1030 - CMSIS Pack Vendor :STMicroelectronics X-CUBE-AI 10.2.0
2025-09-26 10:46:50,409 [INFO] ThirdParty:1030 - CMSIS Pack Vendor :STMicroelectronics FP-SNS-STAIOTCFT 1.0.0
2025-09-26 10:46:50,409 [INFO] ThirdParty:1030 - CMSIS Pack Vendor :STMicroelectronics ThreadX 1.0.0
2025-09-26 10:46:50,409 [INFO] ThirdParty:1030 - CMSIS Pack Vendor :STMicroelectronics FP-SNS-SMARTAG2 1.2.0
2025-09-26 10:46:50,409 [INFO] ThirdParty:1030 - CMSIS Pack Vendor :STMicroelectronics FP-SNS-FLIGHT1 5.1.0
2025-09-26 10:46:50,409 [INFO] ThirdParty:1030 - CMSIS Pack Vendor :STMicroelectronics X-CUBE-AZRTOS-WL 2.0.0
2025-09-26 10:46:50,409 [INFO] ThirdParty:1030 - CMSIS Pack Vendor :SEGGER I-CUBE-embOS 1.3.1
2025-09-26 10:46:50,409 [INFO] ThirdParty:1030 - CMSIS Pack Vendor :STMicroelectronics X-CUBE-ALGOBUILD 1.4.0
2025-09-26 10:46:50,409 [INFO] ThirdParty:1030 - CMSIS Pack Vendor :STMicroelectronics X-CUBE-DPower 1.3.0
2025-09-26 10:46:50,409 [INFO] ThirdParty:1030 - CMSIS Pack Vendor :STMicroelectronics X-CUBE-MEMS1 11.3.0
2025-09-26 10:46:50,409 [INFO] ThirdParty:1030 - CMSIS Pack Vendor :STMicroelectronics FP-SNS-MOTENV1 5.0.0
2025-09-26 10:46:50,409 [INFO] ThirdParty:1030 - CMSIS Pack Vendor :STMicroelectronics USB_DEVICE 1.0.0
2025-09-26 10:46:50,409 [INFO] ThirdParty:1030 - CMSIS Pack Vendor :STMicroelectronics X-CUBE-AZRTOS-L4 2.0.0
2025-09-26 10:46:50,410 [INFO] ThirdParty:1030 - CMSIS Pack Vendor :STMicroelectronics ThreadX 0.0.2
2025-09-26 10:46:50,410 [INFO] ThirdParty:1030 - CMSIS Pack Vendor :STMicroelectronics lwIP 2.1.2
2025-09-26 10:46:50,410 [INFO] ThirdParty:1030 - CMSIS Pack Vendor :STMicroelectronics X-CUBE-SFXS2LP1 4.0.0
2025-09-26 10:46:50,410 [INFO] ThirdParty:1030 - CMSIS Pack Vendor :STMicroelectronics X-CUBE-BLE2 3.3.0
2025-09-26 10:46:50,410 [INFO] ThirdParty:1030 - CMSIS Pack Vendor :STMicroelectronics X-CUBE-TOF1 3.4.3
2025-09-26 10:46:50,410 [INFO] ThirdParty:1030 - CMSIS Pack Vendor :STMicroelectronics PDM2PCM 3.2.0
2025-09-26 10:46:50,411 [INFO] ThirdParty:841 - exiting critical section [change project]
2025-09-26 10:46:50,747 [INFO] PinOutPanel:1589 - setPackage(No Configuration,No Configuration)
2025-09-26 10:46:50,749 [INFO] PinOutPanel:1589 - setPackage(STM32F103C6Ux,UFQFPN48)
2025-09-26 10:46:51,606 [INFO] UtilMem:75 - Before build in PCC Used Memory: 334280240 Bytes (1052770304)
2025-09-26 10:46:52,505 [INFO] UtilMem:75 - After build in PCC Used Memory: 448575024 Bytes (1052770304)
2025-09-26 10:46:52,608 [INFO] IPUIPlugin:80 - create IPUIPlugin
2025-09-26 10:46:52,609 [INFO] IPUIPlugin:80 - create IPUIPlugin
2025-09-26 10:46:52,609 [INFO] IPUIPlugin:80 - create IPUIPlugin
2025-09-26 10:46:52,610 [INFO] IPUIPlugin:80 - create IPUIPlugin
2025-09-26 10:46:52,611 [INFO] IPUIPlugin:80 - create IPUIPlugin
2025-09-26 10:46:52,611 [INFO] IPUIPlugin:80 - create IPUIPlugin
2025-09-26 10:46:52,611 [INFO] IPUIPlugin:80 - create IPUIPlugin
2025-09-26 10:46:52,612 [INFO] IPUIPlugin:80 - create IPUIPlugin
2025-09-26 10:46:52,612 [INFO] IPUIPlugin:80 - create IPUIPlugin
2025-09-26 10:46:52,613 [INFO] IPUIPlugin:80 - create IPUIPlugin
2025-09-26 10:46:52,614 [INFO] IPUIPlugin:80 - create IPUIPlugin
2025-09-26 10:46:52,614 [INFO] IPUIPlugin:80 - create IPUIPlugin
2025-09-26 10:46:52,615 [INFO] IPUIPlugin:80 - create IPUIPlugin
2025-09-26 10:46:52,615 [INFO] IPUIPlugin:80 - create IPUIPlugin
2025-09-26 10:46:52,616 [INFO] IPUIPlugin:80 - create IPUIPlugin
2025-09-26 10:46:52,616 [INFO] IPUIPlugin:80 - create IPUIPlugin
2025-09-26 10:46:52,617 [INFO] IPUIPlugin:80 - create IPUIPlugin
2025-09-26 10:46:52,617 [INFO] IPUIPlugin:80 - create IPUIPlugin
2025-09-26 10:46:52,617 [INFO] IPUIPlugin:80 - create IPUIPlugin
2025-09-26 10:46:52,618 [INFO] IPUIPlugin:80 - create IPUIPlugin
2025-09-26 10:46:52,618 [INFO] IPUIPlugin:80 - create IPUIPlugin
2025-09-26 10:46:52,619 [INFO] IPUIPlugin:80 - create IPUIPlugin
2025-09-26 10:46:52,619 [INFO] IPUIPlugin:80 - create IPUIPlugin
2025-09-26 10:46:52,861 [INFO] CADModel:165 - CPN selected for project levelSTM32F103C6U6A
2025-09-26 10:46:52,861 [INFO] CADModel:114 - Register for checkConnection events
2025-09-26 10:46:52,899 [INFO] OpenFileManager:386 - Restore cursor
2025-09-26 10:46:54,015 [INFO] UtilMem:75 - End SaveConfig() Used Memory: 531934768 Bytes (1052770304)
2025-09-26 10:46:55,671 [INFO] ServerAccessManage:452 - Complete download http(s) 200
2025-09-26 10:46:55,673 [INFO] ServerAccessManage:509 - Download File stm32cube_fw_f1_v180.zip
2025-09-26 10:47:51,087 [WARN] FileExtend:469 - File entry not found
2025-09-26 10:47:51,090 [INFO] FileExtend:248 - Unzip File : stm32cube_fw_f1_v180.zip
2025-09-26 10:47:51,091 [INFO] FileExtend:263 - Standard Zip Deflate
2025-09-26 10:47:59,543 [INFO] ServerAccessManage:452 - Complete download http(s) 200
2025-09-26 10:47:59,543 [INFO] ServerAccessManage:509 - Download File stm32cube_fw_f1_v184.zip
2025-09-26 10:48:24,399 [INFO] FileExtend:248 - Unzip File : stm32cube_fw_f1_v184.zip
2025-09-26 10:48:24,399 [INFO] FileExtend:263 - Standard Zip Deflate
2025-09-26 10:48:29,069 [INFO] LoadServerPackagesThread:196 - End of LoadServerPackages Thread
2025-09-26 10:48:29,303 [INFO] ThirdPartyModel:298 - Start build external matchings
2025-09-26 10:48:29,309 [INFO] UtilMem:75 - End SaveConfig() Used Memory: 979792920 Bytes (1073741824)
2025-09-26 10:48:30,295 [INFO] BlockDiagram:2775 - set Specific Code input for plugin: NVIC
2025-09-26 10:48:30,296 [INFO] BlockDiagram:2775 - set Specific Code input for plugin: RCC
2025-09-26 10:48:30,297 [INFO] CodeGenerator:892 - code generatio: config db path: /Applications/STM32CubeIDE.app/Contents/Eclipse/plugins/com.st.stm32cube.common.mx_6.15.0.202507011659//db/
2025-09-26 10:48:30,539 [INFO] CodeEngine:265 - oldGeneratedFile, /Users/admin/Documents/BK-University/VXL/LAB/lab1-ex1/MXTmpFiles/license.tmp_save
2025-09-26 10:48:31,000 [INFO] ThirdPartyModel:316 - End build external matchings
2025-09-26 10:48:31,034 [INFO] CheckServerUpdateThread:120 - End of CheckServer Thread
2025-09-26 10:48:31,301 [INFO] CodeEngine:289 - Generated code: /Users/admin/Documents/BK-University/VXL/LAB/lab1-ex1/MXTmpFiles/license.tmp
2025-09-26 10:48:31,329 [INFO] CodeEngine:265 - oldGeneratedFile, /Users/admin/Documents/BK-University/VXL/LAB/lab1-ex1/Core/Src/stm32f1xx_it.c_save
2025-09-26 10:48:31,598 [INFO] CodeEngine:289 - Generated code: /Users/admin/Documents/BK-University/VXL/LAB/lab1-ex1/Core/Src/stm32f1xx_it.c
2025-09-26 10:48:31,606 [INFO] CodeEngine:265 - oldGeneratedFile, /Users/admin/Documents/BK-University/VXL/LAB/lab1-ex1/Core/Inc/stm32f1xx_it.h_save
2025-09-26 10:48:31,829 [INFO] CodeEngine:289 - Generated code: /Users/admin/Documents/BK-University/VXL/LAB/lab1-ex1/Core/Inc/stm32f1xx_it.h
2025-09-26 10:48:31,971 [INFO] CodeEngine:265 - oldGeneratedFile, /Users/admin/Documents/BK-University/VXL/LAB/lab1-ex1/Core/Src/stm32f1xx_hal_msp.c_save
2025-09-26 10:48:32,251 [INFO] CodeEngine:289 - Generated code: /Users/admin/Documents/BK-University/VXL/LAB/lab1-ex1/Core/Src/stm32f1xx_hal_msp.c
2025-09-26 10:48:32,255 [INFO] CodeEngine:265 - oldGeneratedFile, /Users/admin/Documents/BK-University/VXL/LAB/lab1-ex1/MXTmpFiles/system.tmp_save
2025-09-26 10:48:32,400 [INFO] CodeEngine:289 - Generated code: /Users/admin/Documents/BK-University/VXL/LAB/lab1-ex1/MXTmpFiles/system.tmp
2025-09-26 10:48:32,411 [INFO] CodeEngine:321 - oldGeneratedFile, /Users/admin/Documents/BK-University/VXL/LAB/lab1-ex1/Core/Inc/stm32f1xx_hal_conf.h_save
2025-09-26 10:48:32,555 [INFO] CodeEngine:345 - Generated code: /Users/admin/Documents/BK-University/VXL/LAB/lab1-ex1/Core/Inc/stm32f1xx_hal_conf.h
2025-09-26 10:48:32,634 [INFO] ApiDbMcu:532 - Load IP Config File for RCC
2025-09-26 10:48:32,645 [INFO] CodeEngine:265 - oldGeneratedFile, /Users/admin/Documents/BK-University/VXL/LAB/lab1-ex1/Core/Inc/main.h_save
2025-09-26 10:48:32,829 [INFO] CodeEngine:289 - Generated code: /Users/admin/Documents/BK-University/VXL/LAB/lab1-ex1/Core/Inc/main.h
2025-09-26 10:48:32,834 [INFO] CodeEngine:265 - oldGeneratedFile, /Users/admin/Documents/BK-University/VXL/LAB/lab1-ex1/Core/Src/main.c_save
2025-09-26 10:48:33,079 [INFO] CodeEngine:289 - Generated code: /Users/admin/Documents/BK-University/VXL/LAB/lab1-ex1/Core/Src/main.c
2025-09-26 10:48:33,810 [INFO] ProjectBuilder:3606 - Time for Copy HAL[1] : 117mS.
2025-09-26 10:48:33,823 [INFO] ProjectBuilder:5216 - Project Generator version: 4.7.0-B52
2025-09-26 10:48:33,981 [INFO] ConfigFileManager:1595 - The Die is : DIE412
2025-09-26 10:48:33,997 [INFO] ApiDbMcu:532 - Load IP Config File for FATFS
2025-09-26 10:48:34,009 [INFO] ApiDbMcu:532 - Load IP Config File for FREERTOS
2025-09-26 10:48:34,029 [INFO] ApiDbMcu:532 - Load IP Config File for USB_DEVICE
2025-09-26 10:48:34,701 [INFO] LogOutputStream:77 - [STDOUT_REDIRECT] 
2025-09-26 10:48:41,001 [INFO] ProjectBuilder:5496 - Time for Generating toolchain IDE Files: 7178mS.
2025-09-26 10:48:41,004 [INFO] ProjectBuilder:3463 - Time for Copy CMSIS : 2mS.
2025-09-26 10:48:41,007 [INFO] ProjectBuilder:3463 - Time for Copy CMSIS : 0mS.
2025-09-26 10:48:42,019 [INFO] McuFinderGlobals:76 - Set McuFinderConnectedMode to true
2025-09-26 10:48:42,027 [INFO] ApiDb:448 - Save user favorites file /Users/admin/.stm32cubeide/favorites.mcus.txt: 0 item(s)
2025-09-26 10:48:42,027 [INFO] ApiDb:452 - User favorites MCUs=[]
2025-09-26 10:49:50,981 [INFO] UtilMem:75 - End SaveConfig() Used Memory: 621468672 Bytes (1042284544)
2025-09-26 10:49:52,431 [INFO] UtilMem:75 - End SaveConfig() Used Memory: 637690856 Bytes (1042284544)
2025-09-26 10:49:56,209 [INFO] UtilMem:75 - End SaveConfig() Used Memory: 777437216 Bytes (1042284544)
2025-09-26 10:49:56,471 [INFO] BlockDiagram:2775 - set Specific Code input for plugin: NVIC
2025-09-26 10:49:56,474 [INFO] BlockDiagram:2775 - set Specific Code input for plugin: GPIO
2025-09-26 10:49:56,474 [INFO] BlockDiagram:2775 - set Specific Code input for plugin: RCC
2025-09-26 10:49:56,475 [INFO] CodeGenerator:892 - code generatio: config db path: /Applications/STM32CubeIDE.app/Contents/Eclipse/plugins/com.st.stm32cube.common.mx_6.15.0.202507011659//db/
2025-09-26 10:49:56,662 [INFO] CodeEngine:265 - oldGeneratedFile, /Users/admin/Documents/BK-University/VXL/LAB/lab1-ex1/MXTmpFiles/license.tmp_save
2025-09-26 10:49:56,846 [INFO] CodeEngine:289 - Generated code: /Users/admin/Documents/BK-University/VXL/LAB/lab1-ex1/MXTmpFiles/license.tmp
2025-09-26 10:49:56,922 [INFO] CodeEngine:265 - oldGeneratedFile, /Users/admin/Documents/BK-University/VXL/LAB/lab1-ex1/MXTmpFiles/gpio.tmp_save
2025-09-26 10:49:57,083 [INFO] CodeEngine:289 - Generated code: /Users/admin/Documents/BK-University/VXL/LAB/lab1-ex1/MXTmpFiles/gpio.tmp
2025-09-26 10:49:57,098 [INFO] CodeEngine:265 - oldGeneratedFile, /Users/admin/Documents/BK-University/VXL/LAB/lab1-ex1/Core/Src/stm32f1xx_it.c_save
2025-09-26 10:49:57,213 [INFO] CodeEngine:289 - Generated code: /Users/admin/Documents/BK-University/VXL/LAB/lab1-ex1/Core/Src/stm32f1xx_it.c
2025-09-26 10:49:57,218 [INFO] CodeEngine:265 - oldGeneratedFile, /Users/admin/Documents/BK-University/VXL/LAB/lab1-ex1/Core/Inc/stm32f1xx_it.h_save
2025-09-26 10:49:57,317 [INFO] CodeEngine:289 - Generated code: /Users/admin/Documents/BK-University/VXL/LAB/lab1-ex1/Core/Inc/stm32f1xx_it.h
2025-09-26 10:49:57,339 [INFO] CodeEngine:265 - oldGeneratedFile, /Users/admin/Documents/BK-University/VXL/LAB/lab1-ex1/Core/Src/stm32f1xx_hal_msp.c_save
2025-09-26 10:49:57,498 [INFO] CodeEngine:289 - Generated code: /Users/admin/Documents/BK-University/VXL/LAB/lab1-ex1/Core/Src/stm32f1xx_hal_msp.c
2025-09-26 10:49:57,502 [INFO] CodeEngine:265 - oldGeneratedFile, /Users/admin/Documents/BK-University/VXL/LAB/lab1-ex1/MXTmpFiles/system.tmp_save
2025-09-26 10:49:57,606 [INFO] CodeEngine:289 - Generated code: /Users/admin/Documents/BK-University/VXL/LAB/lab1-ex1/MXTmpFiles/system.tmp
2025-09-26 10:49:57,618 [INFO] CodeEngine:321 - oldGeneratedFile, /Users/admin/Documents/BK-University/VXL/LAB/lab1-ex1/Core/Inc/stm32f1xx_hal_conf.h_save
2025-09-26 10:49:57,734 [INFO] CodeEngine:345 - Generated code: /Users/admin/Documents/BK-University/VXL/LAB/lab1-ex1/Core/Inc/stm32f1xx_hal_conf.h
2025-09-26 10:49:57,758 [INFO] CodeEngine:265 - oldGeneratedFile, /Users/admin/Documents/BK-University/VXL/LAB/lab1-ex1/Core/Inc/main.h_save
2025-09-26 10:49:57,872 [INFO] CodeEngine:289 - Generated code: /Users/admin/Documents/BK-University/VXL/LAB/lab1-ex1/Core/Inc/main.h
2025-09-26 10:49:57,879 [INFO] CodeEngine:265 - oldGeneratedFile, /Users/admin/Documents/BK-University/VXL/LAB/lab1-ex1/Core/Src/main.c_save
2025-09-26 10:49:58,047 [INFO] CodeEngine:289 - Generated code: /Users/admin/Documents/BK-University/VXL/LAB/lab1-ex1/Core/Src/main.c
2025-09-26 10:49:58,575 [INFO] ProjectBuilder:3606 - Time for Copy HAL[1] : 200mS.
2025-09-26 10:49:58,578 [INFO] ProjectBuilder:5216 - Project Generator version: 4.7.0-B52
2025-09-26 10:49:58,726 [INFO] ConfigFileManager:1595 - The Die is : DIE412
2025-09-26 10:49:59,909 [INFO] ProjectBuilder:5496 - Time for Generating toolchain IDE Files: 1330mS.
2025-09-26 10:49:59,910 [INFO] ProjectBuilder:3463 - Time for Copy CMSIS : 1mS.
2025-09-26 10:49:59,912 [INFO] ProjectBuilder:3463 - Time for Copy CMSIS : 0mS.
2025-09-26 11:33:49,135 [INFO] WebApp:194 - Connection lost
2025-09-26 11:33:58,943 [INFO] WebApp:191 - Connection restablished
2025-09-26 11:35:11,566 [INFO] WebApp:194 - Connection lost
2025-09-26 12:32:35,425 [INFO] WebApp:191 - Connection restablished
2025-09-26 12:32:48,378 [INFO] WebApp:194 - Connection lost
2025-09-26 12:32:48,560 [INFO] WebApp:191 - Connection restablished
2025-09-26 12:33:27,747 [INFO] WebApp:194 - Connection lost
2025-09-26 12:33:34,236 [INFO] WebApp:191 - Connection restablished
